21,1,0,0,0
21,1,0,0,1
21,1,0,0,2
21,1,0,0,3
21,1,0,0,4
21,1,0,0,7
21,1,0,0,8
21,1,0,0,9
21,1,0,0,10
21,1,0,0,11
21,1,0,0,12
21,1,0,0,13
21,1,0,0,14
21,1,0,0,15
21,1,0,0,16
21,1,0,0,17
21,1,0,0,18
21,1,0,0,19
21,1,0,0,20
21,1,0,0,21
21,1,0,0,22
21,1,0,0,23
21,1,0,0,24
21,1,0,0,25
21,1,0,0,26
21,1,0,0,27
21,1,0,0,28
21,1,0,0,29
21,1,0,0,30
21,1,0,0,31
21,1,0,0,32
21,1,0,0,33
21,1,0,0,34
21,1,0,0,35
21,1,0,0,36
21,1,0,0,37
21,1,0,0,38
21,1,0,0,39
21,1,0,0,40
21,1,0,0,41
21,1,0,0,42
21,1,0,0,43
21,1,0,0,44
21,1,0,0,45
21,1,0,0,46
21,1,0,0,47
21,1,0,0,48
21,1,0,0,49
21,1,0,0,50
21,1,0,0,51
21,1,0,0,52
21,1,0,0,53
21,1,0,0,54
21,1,0,0,55
21,1,0,0,56
21,1,0,0,57
21,1,0,0,58
21,1,0,0,59
21,1,0,0,60
21,1,0,0,61
21,1,0,0,62
21,1,0,0,63
21,1,0,0,64
21,1,0,0,65
21,1,0,0,66
21,1,0,0,67
21,1,0,0,68
21,1,0,0,69
21,1,0,0,70
21,1,0,0,71
21,1,0,0,72
21,1,0,0,73
21,1,0,0,74
21,1,0,0,75
21,1,0,0,100
21,1,0,0,101
21,1,0,0,102
21,1,0,0,103
21,1,0,0,104
21,1,0,0,105
21,1,0,0,106
21,1,0,0,107
21,1,0,0,108
21,1,0,0,109
21,1,0,0,110
21,1,0,0,111
21,1,0,0,112
21,1,0,0,113
21,1,0,0,114
21,1,0,0,115
21,1,0,0,116
21,1,0,0,117
21,1,0,0,118
21,1,0,0,127
21,1,0,0,128
21,1,0,0,129
21,1,0,0,130
21,1,0,0,131
21,1,0,0,132
21,1,0,0,133
21,1,0,0,134
21,1,0,0,135
21,1,0,0,136
21,1,0,0,137
21,1,0,0,138
21,1,0,0,139
21,1,0,0,140
21,1,0,0,141
21,1,0,0,142
21,1,0,0,143
21,1,0,0,144
21,1,0,0,145
21,1,0,0,146
21,1,0,0,147
21,1,0,0,148
21,1,0,0,149
21,1,0,0,154
21,1,0,0,155
21,1,0,0,156
21,1,0,0,157
21,1,0,0,158
21,1,0,0,159
21,1,0,0,160
21,1,0,0,161
21,1,0,0,162
21,1,0,0,163
21,1,0,0,164
21,1,0,0,165
21,1,0,0,166
21,1,0,0,167
21,1,0,0,168
21,1,0,0,169
21,1,0,0,170
21,1,0,0,171
21,1,0,0,172
21,1,0,0,173
21,1,0,0,174
21,1,0,0,175
21,1,0,0,176
21,1,0,0,177
21,1,0,0,178
21,1,0,0,179
21,1,0,0,180
21,1,0,0,181
21,1,0,0,182
21,1,0,0,183
21,1,0,0,184
21,1,0,0,185
21,1,0,0,186
21,1,0,0,187
21,1,0,0,188
21,1,0,0,189
21,1,0,0,190
21,1,0,0,191
21,1,0,0,192
21,1,0,0,194
21,1,0,0,195
21,1,0,0,196
21,1,0,0,197
21,1,0,0,198
21,1,0,0,199
21,1,0,0,201
21,1,0,0,202
21,1,0,0,203
21,1,0,0,205
21,1,0,0,206
21,1,0,0,207
21,1,0,0,209
21,1,0,0,210
21,1,0,0,212
21,1,0,0,213
21,1,0,0,214
21,1,0,0,215
21,1,0,0,216
21,1,0,0,217
21,1,0,0,218
21,1,0,0,219
21,1,0,0,220
21,1,0,0,221
21,1,0,0,222
21,1,0,0,223
21,1,0,0,224
21,1,0,0,225
21,1,0,0,226
21,1,0,0,227
21,1,0,0,228
21,1,0,0,229
21,1,0,0,230
21,1,0,0,231
21,1,0,0,232
21,1,0,0,233
21,1,0,0,234
21,1,0,0,235
21,1,0,0,236
21,1,0,0,237
21,1,0,0,238
21,1,0,0,239
21,1,0,0,240
21,1,0,0,241
21,1,0,0,242
21,1,0,0,243
21,1,0,0,244
21,1,0,0,245
21,1,0,0,246
21,1,0,0,247
21,1,0,0,248
21,1,0,0,249
21,1,0,0,250
21,1,0,0,251
21,1,0,0,252
21,1,0,0,253
21,1,0,0,254
21,1,0,0,255
21,1,0,0,256
21,1,0,0,257
21,1,0,0,258
21,1,0,0,259
21,1,0,0,260
21,1,0,0,261
21,1,0,0,262
21,1,0,0,263
21,1,0,0,264
21,1,0,0,265
21,1,0,0,266
21,1,0,0,267
21,1,0,0,268
21,1,0,0,269
21,1,0,0,270
21,1,0,0,271
21,1,0,0,272
21,1,0,0,273
21,1,0,0,274
21,1,0,0,275
21,1,0,0,276
21,1,0,0,277
21,1,0,0,278
21,1,0,0,279
21,1,0,0,280
21,1,0,0,281
21,1,0,0,282
21,1,0,0,283
21,1,0,0,284
21,1,0,0,285
21,1,0,0,286
21,1,0,0,287
21,1,0,0,288
21,1,0,0,289
21,1,0,0,290
21,1,0,0,291
21,1,0,0,292
21,1,0,0,293
21,1,0,0,294
21,1,0,0,295
21,1,0,0,296
21,1,0,0,297
21,1,0,0,298
21,1,0,0,299
21,1,0,0,300
21,1,0,0,301
21,1,0,0,302
21,1,0,0,303
21,1,0,0,304
21,1,0,0,305
21,1,0,0,306
21,1,0,0,307
21,1,0,0,308
21,1,0,0,309
21,1,0,0,310
21,1,0,0,311
21,1,0,0,312
21,1,0,0,313
21,1,0,0,314
21,1,0,0,315
21,1,0,0,316
21,1,0,0,319
21,1,0,0,320
21,1,0,0,321
21,1,0,0,322
21,1,0,0,323
21,1,0,0,340
21,1,0,0,341
21,1,0,0,342
21,1,0,0,343
21,1,0,0,344
21,1,0,0,345
21,1,0,0,346
21,1,0,0,347
21,1,0,0,348
21,1,0,0,349
21,1,0,0,350
21,1,0,0,351
21,1,0,0,352
21,1,0,0,353
21,1,0,0,354
21,1,0,0,355
21,1,0,0,356
21,1,0,0,357
21,1,0,0,358
21,1,0,0,359
21,1,0,0,360
21,1,0,0,361
21,1,0,0,362
21,1,0,0,363
21,1,0,0,364
21,1,0,0,365
21,1,0,0,366
21,1,0,0,367
21,1,0,0,368
21,1,0,0,369
21,1,0,0,370
21,1,0,0,371
21,1,0,0,372
21,1,0,0,373
21,1,0,0,374
21,1,0,0,375
21,1,0,0,376
21,1,0,0,377
21,1,0,0,378
21,1,0,0,379
21,1,0,0,380
21,1,0,0,381
21,1,0,0,382
21,1,0,0,383
21,1,0,0,384
21,1,0,0,385
21,1,0,0,386
21,1,0,0,387
21,1,0,0,388
21,1,0,0,389
21,1,0,0,390
21,1,0,0,391
21,1,0,0,392
21,1,0,0,393
21,1,0,0,394
21,1,0,0,395
21,1,0,0,396
21,1,0,0,397
21,1,0,0,398
21,1,0,0,399
21,1,0,0,400
21,1,0,0,401
21,1,0,0,422
21,1,0,0,423
21,1,0,0,424
21,1,0,0,425
21,1,0,0,426
21,1,0,0,427
21,1,0,0,428
21,1,0,0,429
21,1,0,0,430
21,1,0,0,431
21,1,0,0,432
21,1,0,0,433
21,1,0,0,434
21,1,0,0,435
21,1,0,0,438
21,1,0,0,439
21,1,0,0,440
21,1,0,0,441
21,1,0,0,442
21,1,0,0,443
21,1,0,0,444
21,1,0,0,445
21,1,0,0,446
21,1,0,0,447
21,1,0,0,448
21,1,0,0,449
21,1,0,0,450
21,1,0,0,451
21,1,0,0,452
21,1,0,0,453
21,1,0,0,454
21,1,0,0,498
21,1,0,0,500
21,1,0,0,501
21,1,0,0,512
21,1,0,0,513
21,1,0,0,514
21,1,0,0,515
21,1,0,0,516
21,1,0,0,517
21,1,0,0,518
21,1,0,0,519
21,1,0,0,520
21,1,0,0,521
21,1,0,0,522
21,1,0,0,523
21,1,0,0,524
21,1,0,0,525
21,1,0,0,526
21,1,0,0,527
21,1,0,0,528
21,1,0,0,529
21,1,0,0,530
21,1,0,0,531
21,1,0,0,532
21,1,0,0,533
21,1,0,0,534
21,1,0,0,535
21,1,0,0,536
21,1,0,0,537
21,1,0,0,538
21,1,0,0,539
21,1,0,0,540
21,1,0,0,541
21,1,0,0,542
21,1,0,0,543
21,1,0,0,544
21,1,0,0,545
21,1,0,0,546
21,1,0,0,547
21,1,0,0,548
21,1,0,0,549
21,1,0,0,550
21,1,0,0,551
21,1,0,0,552
21,1,0,0,553
21,1,0,0,554
21,1,0,0,555
21,1,0,0,556
21,1,0,0,557
21,1,0,0,558
21,1,0,0,559
21,1,0,0,560
21,1,0,0,561
21,1,0,0,562
21,1,0,0,563
21,1,0,0,564
21,1,0,0,565
21,1,0,0,566
21,1,0,0,567
21,1,0,0,568
21,1,0,0,569
21,1,0,0,570
21,1,0,0,571
21,1,0,0,572
21,1,0,0,573
21,1,0,0,574
21,1,0,0,575
21,1,0,0,576
21,1,0,0,577
21,1,0,0,578
21,1,0,0,579
21,1,0,0,580
21,1,0,0,581
21,1,0,0,876
21,1,0,0,877
21,1,0,0,878
21,1,0,0,879
21,1,0,0,880
21,1,0,0,881
21,1,0,0,882
21,1,0,0,883
21,1,0,0,884
21,1,0,0,885
21,1,0,0,886
21,1,0,0,887
21,1,0,0,888
21,1,0,0,889
21,1,0,0,890
21,1,0,0,891
21,1,0,0,892
21,1,0,0,893
21,1,0,0,894
21,1,0,0,895
21,1,0,0,896
21,1,0,0,897
21,1,0,0,898
21,1,0,0,899
21,1,0,0,900
21,1,0,0,901
21,1,0,0,902
21,1,0,0,907
21,1,0,0,908
21,1,0,0,909
21,1,0,0,910
21,1,0,0,911
21,1,0,0,912
21,1,0,0,913
21,1,0,0,914
21,1,0,0,915
21,1,0,0,916
21,1,0,0,917
21,1,0,0,918
21,1,0,0,919
21,1,0,0,920
21,1,0,0,921
21,1,0,0,922
21,1,0,0,923
21,1,0,0,924
21,1,0,0,925
21,1,0,0,926
21,1,0,0,927
21,1,0,0,928
21,1,0,0,929
21,1,0,0,930
21,1,0,0,931
21,1,0,0,932
21,1,0,0,933
21,1,0,0,934
21,1,0,0,935
21,1,0,0,936
21,1,0,0,937
21,1,0,0,938
21,1,0,0,939
21,1,0,0,940
21,1,0,0,941
21,1,0,0,942
21,1,0,0,943
21,1,0,0,944
21,1,0,0,945
21,1,0,0,946
21,1,0,0,947
21,1,0,0,948
21,1,0,0,949
21,1,0,0,950
21,1,0,0,951
21,1,0,0,957
21,1,0,0,958
21,1,0,0,959
21,1,0,0,960
21,1,0,0,961
21,1,0,0,962
21,1,0,0,969
21,1,0,0,970
21,1,0,0,971
21,1,0,0,1156
21,1,0,0,1157
21,1,0,0,1158
21,1,0,0,1159
21,1,0,0,1160
21,1,0,0,1161
21,1,0,0,1162
21,1,0,0,1163
21,1,0,0,1164
21,1,0,0,1165
21,1,0,0,1166
21,1,0,0,1167
21,1,0,0,1168
21,1,0,0,1169
21,1,0,0,1170
21,1,0,0,1171
21,1,0,0,1172
21,1,0,0,1173
21,1,0,0,1174
21,1,0,0,1175
21,1,0,0,1176
21,1,0,0,1177
21,1,0,0,1178
21,1,0,0,1179
21,1,0,0,1180
21,1,0,0,1181
21,1,0,0,1182
21,1,0,0,1184
21,1,0,0,1185
21,1,0,0,1186
21,1,0,0,1187
21,1,0,0,1188
21,1,0,0,1189
21,1,0,0,1190
21,1,0,0,1191
21,1,0,0,1192
21,1,0,0,1193
21,1,0,0,1194
21,1,0,0,1195
21,1,0,0,1196
21,1,0,0,1197
21,1,0,0,1215
21,1,0,0,1216
21,1,0,0,1225
21,1,0,0,1226
21,1,0,0,1229
21,1,0,0,1230
21,1,0,0,1231
21,1,0,0,1232
21,1,0,0,1233
21,1,0,0,1234
21,1,0,0,1237
21,1,0,0,1238
21,1,0,0,1239
21,1,0,0,1240
21,1,0,0,1241
21,1,0,0,1242
21,1,0,0,1243
21,1,0,0,1244
21,1,0,0,1245
21,1,0,0,1246
21,1,0,0,1247
21,1,0,0,1248
21,1,0,0,1249
21,1,0,0,1250
21,1,0,0,1251
21,1,0,0,1252
21,1,0,0,1253
21,1,0,0,1254
21,1,0,0,1255
21,1,0,0,1256
21,1,0,0,1257
21,1,0,0,1258
21,1,0,0,1259
21,1,0,0,1260
21,1,0,0,1261
21,1,0,0,1262
21,1,0,0,1263
21,1,0,0,1264
21,1,0,0,1265
21,1,0,0,1266
21,1,0,0,1267
21,1,0,0,1268
21,1,0,0,1269
21,1,0,0,1270
21,1,0,0,1271
21,1,0,0,1272
21,1,0,0,1273
21,1,0,0,1274
21,1,0,0,1275
21,1,0,0,1276
21,1,0,0,1277
21,1,0,0,1278
21,1,0,0,1279
21,1,0,0,1280
21,1,0,0,1281
21,1,0,0,1282
21,1,0,0,1283
21,1,0,0,1284
21,1,0,0,1285
21,1,0,0,1286
21,1,0,0,1287
21,1,0,0,1288
21,1,0,0,1289
21,1,0,0,1290
21,1,0,0,1291
21,1,0,0,1292
21,1,0,0,1293
21,1,0,0,1294
21,1,0,0,1295
21,1,0,0,1296
21,1,0,0,1297
21,1,0,0,1298
21,1,0,0,1299
21,1,0,0,1300
21,1,0,0,1301
21,1,0,0,1302
21,1,0,0,1303
21,1,0,0,1304
21,1,0,0,1305
21,1,0,0,1306
21,1,0,0,1307
21,1,0,0,1308
21,1,0,0,1309
21,1,0,0,1310
21,1,0,0,1311
21,1,0,0,1312
21,1,0,0,1313
21,1,0,0,1314
21,1,0,0,1315
21,1,0,0,1316
21,1,0,0,1317
21,1,0,0,1318
21,1,0,0,1319
21,1,0,0,1320
21,1,0,0,1321
21,1,0,0,1322
21,1,0,0,1323
21,1,0,0,1324
21,1,0,0,1325
21,1,0,0,1326
21,1,0,0,1327
21,1,0,0,1328
21,1,0,0,1329
21,1,0,0,1330
21,1,0,0,1331
21,1,0,0,1332
21,1,0,0,1333
21,1,0,0,1334
21,1,0,0,1335
21,1,0,0,1336
21,1,0,0,1337
21,1,0,0,1338
21,1,0,0,1359
21,1,0,0,1382
21,1,0,0,1383
21,1,0,0,1384
21,1,0,0,1385
21,1,0,0,1386
21,1,0,0,1387
21,1,0,0,1388
21,1,0,0,1389
21,1,0,0,1390
21,1,0,0,1391
21,1,0,0,1392
21,1,0,0,1393
21,1,0,0,1394
21,1,0,0,1395
21,1,0,0,1396
21,1,0,0,1397
21,1,0,0,1398
21,1,0,0,1399
21,1,0,0,1400
21,1,0,0,1401
21,1,0,0,1402
21,1,0,0,1403
21,1,0,0,1404
21,1,0,0,1405
21,1,0,0,1406
21,1,0,0,1407
21,1,0,0,1408
21,1,0,0,1415
21,1,0,0,1416
21,1,0,0,1417
21,1,0,0,1425
21,1,0,0,1435
21,1,0,0,1436
21,1,0,0,1443
21,1,0,0,1444
21,1,0,0,1453
21,1,0,0,1454
21,1,0,0,1455
21,1,0,0,1456
21,1,0,0,1457
21,1,0,0,1458
21,1,0,0,1459
21,1,0,0,1460
21,1,0,0,1461
21,1,0,0,1462
21,1,0,0,1463
21,1,0,0,1464
21,1,0,0,1465
21,1,0,0,1466
21,1,0,0,1467
21,1,0,0,1468
21,1,0,0,1469
21,1,0,0,1470
21,1,0,0,1471
21,1,0,0,1472
21,1,0,0,1473
21,1,0,0,1474
21,1,0,0,1475
21,1,0,0,1476
21,1,0,0,1477
21,1,0,0,1478
21,1,0,0,1479
21,1,0,0,1480
21,1,0,0,1481
21,1,0,0,1482
21,1,0,0,1483
21,1,0,0,1484
21,1,0,0,1485
21,1,0,0,1486
21,1,0,0,1487
21,1,0,0,1488
21,1,0,0,1489
21,1,0,0,1490
21,1,0,0,1491
21,1,0,0,1492
21,1,0,0,1493
21,1,0,0,1494
21,1,0,0,1495
21,1,0,0,1496
21,1,0,0,1497
21,1,0,0,1498
21,1,0,0,1499
21,1,0,0,1500
21,1,0,0,1501
21,1,0,0,1502
21,1,0,0,1503
21,1,0,0,1504
21,1,0,0,1505
21,1,0,0,1506
21,1,0,0,1507
21,1,0,0,1508
21,1,0,0,1509
21,1,0,0,1510
21,1,0,0,1511
21,1,0,0,1512
21,1,0,0,1513
21,1,0,0,1514
21,1,0,0,1515
21,1,0,0,1516
21,1,0,0,1517
21,1,0,0,1518
21,1,0,0,1519
21,1,0,0,1520
21,1,0,0,1521
21,1,0,0,1522
21,1,0,0,1523
21,1,0,0,1524
21,1,0,0,1525
21,1,0,0,1526
21,1,0,0,1527
21,1,0,0,1528
21,1,0,0,1529
21,1,0,0,1530
21,1,0,0,1531
21,1,0,0,1532
21,1,0,0,1533
21,1,0,0,1534
21,1,0,0,1535
21,1,0,0,1536
21,1,0,0,1537
21,1,0,0,1538
21,1,0,0,1539
21,1,0,0,1540
21,1,0,0,1541
21,1,0,0,1542
21,1,0,0,1543
21,1,0,0,1544
21,1,0,0,1545
21,1,0,0,1546
21,1,0,0,1547
21,1,0,0,1548
21,1,0,0,1549
21,1,0,0,1550
21,1,0,0,1551
21,1,0,0,1552
21,1,0,0,1553
21,1,0,0,1554
21,1,0,0,1555
21,1,0,0,1556
21,1,0,0,1557
21,1,0,0,1558
21,1,0,0,1559
21,1,0,0,1560
21,1,0,0,1561
21,1,0,0,1562
21,1,0,0,1563
21,1,0,0,1564
21,1,0,0,1565
21,1,0,0,1566
21,1,0,0,1567
21,1,0,0,1568
21,1,0,0,1569
21,1,0,0,1570
21,1,0,0,1571
21,1,0,0,1572
21,1,0,0,1573
21,1,0,0,1574
21,1,0,0,1575
21,1,0,0,1576
21,1,0,0,1577
21,1,0,0,1578
21,1,0,0,1579
21,1,0,0,1580
21,1,0,0,1581
21,1,0,0,1582
21,1,0,0,1584
21,1,0,0,1585
21,1,0,0,1586
21,1,0,0,1587
21,1,0,0,1588
21,1,0,0,1589
21,1,0,0,1590
21,1,0,0,1591
21,1,0,0,1592
21,1,0,0,1598
21,1,0,0,1599
21,1,0,0,1600
21,1,0,0,1601
21,1,0,0,1670
21,1,0,0,1671
21,1,0,0,1672
21,1,0,0,1673
21,1,0,0,1674
21,1,0,0,1675
21,1,0,0,1676
21,1,0,0,1677
21,1,0,0,1678
21,1,0,0,1698
21,1,0,0,1699
21,1,0,0,1700
21,1,0,0,1744
21,1,0,0,1846
21,1,0,0,1854
21,1,0,0,1855
21,1,0,0,1856
21,1,0,0,1857
21,1,0,0,1858
21,1,0,0,1859
21,1,0,0,1860
21,1,0,0,1861
21,1,0,0,1862
21,1,0,0,1863
21,1,0,0,1864
21,1,0,0,1865
21,1,0,0,1866
21,1,0,0,1867
21,1,0,0,1868
21,1,0,0,1869
21,1,0,0,1870
21,1,0,0,1871
21,1,0,0,1872
21,1,0,0,1873
21,1,0,0,1874
21,1,0,0,1875
21,1,0,0,1876
21,1,0,0,1877
21,1,0,0,1878
21,1,0,0,1879
21,1,0,0,1880
21,1,0,0,1883
21,1,0,0,1884
21,1,0,0,1949
21,1,0,0,1950
21,1,0,0,1951
21,1,0,0,1952
21,1,0,0,1959
21,1,0,0,1966
21,1,0,0,1967
21,1,0,0,1968
21,1,0,0,1969
21,1,0,0,1978
21,1,0,0,1979
21,1,0,0,1980
21,1,0,0,1981
21,1,0,0,1982
21,1,0,0,1983
21,1,0,0,1984
21,1,0,0,1985
21,1,0,0,1986
21,1,0,0,1987
21,1,0,0,1988
21,1,0,0,1989
21,1,0,0,1990
21,1,0,0,1991
21,1,0,0,1992
21,1,0,0,1993
21,1,0,0,1994
21,1,0,0,1995
21,1,0,0,1996
21,1,0,0,1997
21,1,0,0,1998
21,1,0,0,1999
21,1,0,0,2000
21,1,0,0,2001
21,1,0,0,2002
21,1,0,0,2003
21,1,0,0,2004
21,1,0,0,2005
21,1,0,0,2006
21,1,0,0,2007
21,1,0,0,2008
21,1,0,0,2010
21,1,0,0,2011
21,1,0,0,2012
21,1,0,0,2013
21,1,0,0,2014
21,1,0,0,2015
21,1,0,0,2016
21,1,0,0,2017
21,1,0,0,2018
21,1,0,0,2019
21,1,0,0,2020
21,1,0,0,2021
21,1,0,0,2022
21,1,0,0,2023
21,1,0,0,2024
21,1,0,0,2025
21,1,0,0,2026
21,1,0,0,2027
21,1,0,0,2028
21,1,0,0,2029
21,1,0,0,2030
21,1,0,0,2031
21,1,0,0,2032
21,1,0,0,2033
21,1,0,0,2034
21,1,0,0,2035
21,1,0,0,2036
21,1,0,0,2037
21,1,0,0,2038
21,1,0,0,2039
21,1,0,0,2040
21,1,0,0,2041
21,1,0,0,2042
21,1,0,0,2043
21,1,0,0,2044
21,1,0,0,2045
21,1,0,0,2046
21,1,0,0,2047
21,1,0,0,2048
21,1,0,0,2049
21,1,0,0,2050
21,1,0,0,2051
21,1,0,0,2052
21,1,0,0,2053
21,1,0,0,2054
21,1,0,0,2055
21,1,0,0,2056
21,1,0,0,2057
21,1,0,0,2058
21,1,0,0,2059
21,1,0,0,2060
21,1,0,0,2061
21,1,0,0,2062
21,1,0,0,2063
21,1,0,0,2064
21,1,0,0,2065
21,1,0,0,2066
21,1,0,0,2067
21,1,0,0,2068
21,1,0,0,2069
21,1,0,0,2070
21,1,0,0,2071
21,1,0,0,2072
21,1,0,0,2073
21,1,0,0,2074
21,1,0,0,2075
21,1,0,0,2076
21,1,0,0,2077
21,1,0,0,2078
21,1,0,0,2079
21,1,0,0,2080
21,1,0,0,2081
21,1,0,0,2082
21,1,0,0,2083
21,1,0,0,2084
21,1,0,0,2085
21,1,0,0,2086
21,1,0,0,2087
21,1,0,0,2088
21,1,0,0,2089
21,1,0,0,2090
21,1,0,0,2091
21,1,0,0,2092
21,1,0,0,2093
21,1,0,0,2094
21,1,0,0,2095
21,1,0,0,2096
21,1,0,0,2097
21,1,0,0,2099
21,1,0,0,2100
21,1,0,0,2101
21,1,0,0,2102
21,1,0,0,2103
21,1,0,0,2104
21,1,0,0,2105
21,1,0,0,2106
21,1,0,0,2107
21,1,0,0,2108
21,1,0,0,2109
21,1,0,0,2110
21,1,0,0,2111
21,1,0,0,2112
21,1,0,0,2113
21,1,0,0,2114
21,1,0,0,2115
21,1,0,0,2116
21,1,0,0,2117
21,1,0,0,2118
21,1,0,0,2119
21,1,0,0,2120
21,1,0,0,2121
21,1,0,0,2123
21,1,0,0,2124
21,1,0,0,2125
21,1,0,0,2126
21,1,0,0,2127
21,1,0,0,2128
21,1,0,0,2129
21,1,0,0,2130
21,1,0,0,2131
21,1,0,0,2132
21,1,0,0,2133
21,1,0,0,2134
21,1,0,0,2135
21,1,0,0,2136
21,1,0,0,2137
21,1,0,0,2138
21,1,0,0,2139
21,1,0,0,2140
21,1,0,0,2141
21,1,0,0,2142
21,1,0,0,2143
21,1,0,0,2144
21,1,0,0,2145
21,1,0,0,2146
21,1,0,0,2147
21,1,0,0,2148
21,1,0,0,2149
21,1,0,0,2150
21,1,0,0,2151
21,1,0,0,2152
21,1,0,0,2153
21,1,0,0,2154
21,1,0,0,2155
21,1,0,0,2156
21,1,0,0,2157
21,1,0,0,2158
21,1,0,0,2159
21,1,0,0,2160
21,1,0,0,2161
21,1,0,0,2162
21,1,0,0,2163
21,1,0,0,2164
21,1,0,0,2165
21,1,0,0,2166
21,1,0,0,2167
21,1,0,0,2168
21,1,0,0,2169
21,1,0,0,2170
21,1,0,0,2171
21,1,0,0,2172
21,1,0,0,2173
21,1,0,0,2174
21,1,0,0,2175
21,1,0,0,2176
21,1,0,0,2177
21,1,0,0,2178
21,1,0,0,2179
21,1,0,0,2180
21,1,0,0,2181
21,1,0,0,2182
21,1,0,0,2183
21,1,0,0,2184
21,1,0,0,2185
21,1,0,0,2186
21,1,0,0,2187
21,1,0,0,2188
21,1,0,0,2189
21,1,0,0,2190
21,1,0,0,2191
21,1,0,0,2192
21,1,0,0,2193
21,1,0,0,2194
21,1,0,0,2195
21,1,0,0,2196
21,1,0,0,2197
21,1,0,0,2198
21,1,0,0,2199
21,1,0,0,2200
21,1,0,0,2201
21,1,0,0,2202
21,1,0,0,2203
21,1,0,0,2204
21,1,0,0,2205
21,1,0,0,2206
21,1,0,0,2207
21,1,0,0,2208
21,1,0,0,2209
21,1,0,0,2210
21,1,0,0,2211
21,1,0,0,2212
21,1,0,0,2213
21,1,0,0,2214
21,1,0,0,2215
21,1,0,0,2216
21,1,0,0,2217
21,1,0,0,2218
21,1,0,0,2219
21,1,0,0,2220
21,1,0,0,2221
21,1,0,0,2222
21,1,0,0,2223
21,1,0,0,2224
21,1,0,0,2225
21,1,0,0,2226
21,1,0,0,2227
21,1,0,0,2228
21,1,0,0,2229
21,1,0,0,2230
21,1,0,0,2231
21,1,0,0,2232
21,1,0,0,2233
21,1,0,0,2234
21,1,0,0,2235
21,1,0,0,2236
21,1,0,0,2237
21,1,0,0,2238
21,1,0,0,2239
21,1,0,0,2240
21,1,0,0,2241
21,1,0,0,2242
21,1,0,0,2243
21,1,0,0,2244
21,1,0,0,2245
21,1,0,0,2246
21,1,0,0,2247
21,1,0,0,2248
21,1,0,0,2249
21,1,0,0,2250
21,1,0,0,2251
21,1,0,0,2252
21,1,0,0,2260
21,1,0,0,2261
21,1,0,0,2262
21,1,0,0,2263
21,1,0,0,2264
21,1,0,0,2265
21,1,0,0,2266
21,1,0,0,2267
21,1,0,0,2268
21,1,0,0,2269
21,1,0,0,2270
21,1,0,0,2271
21,1,0,0,2272
21,1,0,0,2273
21,1,0,0,2274
21,1,0,0,2275
21,1,0,0,2276
21,1,0,0,2277
21,1,0,0,2278
21,1,0,0,2279
21,1,0,0,2280
21,1,0,0,2281
21,1,0,0,2282
21,1,0,0,2283
21,1,0,0,2284
21,1,0,0,2285
21,1,0,0,2286
21,1,0,0,2289
21,1,0,0,2290
21,1,0,0,2291
21,1,0,0,2292
21,1,0,0,2293
21,1,0,0,2294
21,1,0,0,2295
21,1,0,0,2296
21,1,0,0,2297
21,1,0,0,2298
21,1,0,0,2299
21,1,0,0,2300
21,1,0,0,2301
21,1,0,0,2302
21,1,0,0,2303
21,1,0,0,2304
21,1,0,0,2305
21,1,0,0,2306
21,1,0,0,2315
21,1,0,0,2316
21,1,0,0,2317
21,1,0,0,2318
21,1,0,0,2319
21,1,0,0,2320
21,1,0,0,2321
21,1,0,0,2322
21,1,0,0,2326
21,1,0,0,2327
21,1,0,0,2328
21,1,0,0,2329
21,1,0,0,2330
21,1,0,0,2331
21,1,0,0,2332
21,1,0,0,2333
21,1,0,0,2334
21,1,0,0,2335
21,1,0,0,2336
21,1,0,0,2337
21,1,0,0,2340
21,1,0,0,2341
21,1,0,0,2342
21,1,0,0,2343
21,1,0,0,2355
21,1,0,0,2356
21,1,0,0,2357
21,1,0,0,2358
21,1,0,0,2359
21,1,0,0,2360
21,1,0,0,2361
21,1,0,0,2362
21,1,0,0,2363
21,1,0,0,2364
21,1,0,0,2365
21,1,0,0,2366
21,1,0,0,2367
21,1,0,0,2379
21,1,0,0,2380
21,1,0,0,2381
21,1,0,0,2382
21,1,0,0,2383
21,1,0,0,2386
21,1,0,0,2387
21,1,0,0,2388
21,1,0,0,2394
21,1,0,0,2395
21,1,0,0,2396
21,1,0,0,2397
21,1,0,0,2398
21,1,0,0,2399
21,1,0,0,2400
21,1,0,0,2401
21,1,0,0,2403
21,1,0,0,2404
21,1,0,0,2405
21,1,0,0,2409
21,1,0,0,2410
21,1,0,0,2411
21,1,0,0,2412
21,1,0,0,2413
21,1,0,0,2414
21,1,0,0,2415
21,1,0,0,2416
21,1,0,0,2417
21,1,0,0,2421
21,1,0,0,2422
21,1,0,0,2423
21,1,0,0,2424
21,1,0,0,2425
21,1,0,0,2426
21,1,0,0,2427
21,1,0,0,2428
21,1,0,0,2429
21,1,0,0,2430
21,1,0,0,2431
21,1,0,0,2432
21,1,0,0,2433
21,1,0,0,2434
21,1,0,0,2435
21,1,0,0,2436
21,1,0,0,2437
21,1,0,0,2438
21,1,0,0,2439
21,1,0,0,2440
21,1,0,0,2441
21,1,0,0,2442
21,1,0,0,2443
21,1,0,0,2444
21,1,0,0,2445
21,1,0,0,2446
21,1,0,0,2447
21,1,0,0,2448
21,1,0,0,2449
21,1,0,0,2450
21,1,0,0,2451
21,1,0,0,2452
21,1,0,0,2453
21,1,0,0,2454
21,1,0,0,2455
21,1,0,0,2456
21,1,0,0,2457
21,1,0,0,2458
21,1,0,0,2459
21,1,0,0,2463
21,1,0,0,2464
21,1,0,0,2465
21,1,0,0,2466
21,1,0,0,2467
21,1,0,0,2468
21,1,0,0,2469
21,1,0,0,2470
21,1,0,0,2471
21,1,0,0,2472
21,1,0,0,2473
21,1,0,0,2474
21,1,0,0,2475
21,1,0,0,2476
21,1,0,0,2477
21,1,0,0,2478
21,1,0,0,2479
21,1,0,0,2480
21,1,0,0,2481
21,1,0,0,2482
21,1,0,0,2483
21,1,0,0,2484
21,1,0,0,2485
21,1,0,0,2486
21,1,0,0,2487
21,1,0,0,2488
21,1,0,0,2489
21,1,0,0,2490
21,1,0,0,2491
21,1,0,0,2492
21,1,0,0,2493
21,1,0,0,2494
21,1,0,0,2495
21,1,0,0,2496
21,1,0,0,2497
21,1,0,0,2498
21,1,0,0,2499
21,1,0,0,2500
21,1,0,0,2501
21,1,0,0,2510
21,1,0,0,2511
21,1,0,0,2519
21,1,0,0,2520
21,1,0,0,2537
21,1,0,0,2538
21,1,0,0,2539
21,1,0,0,2540
21,1,0,0,2541
21,1,0,0,2542
21,1,0,0,2570
21,1,0,0,2571
21,1,0,0,2572
21,1,0,0,2573
21,1,0,0,2586
21,1,0,0,2587
21,1,0,0,2588
21,1,0,0,2589
21,1,0,0,2590
21,1,0,0,2595
21,1,0,0,2596
21,1,0,0,2597
21,1,0,0,2598
21,1,0,0,2600
21,1,0,0,2601
21,1,0,0,2602
21,1,0,0,2603
21,1,0,0,2604
21,1,0,0,2605
21,1,0,0,2606
21,1,0,0,2607
21,1,0,0,2608
21,1,0,0,2609
21,1,0,0,2610
21,1,0,0,2611
21,1,0,0,2622
21,1,0,0,2625
21,1,0,0,2626
21,1,0,0,2627
21,1,0,0,2628
21,1,0,0,2629
21,1,0,0,2630
21,1,0,0,2633
21,1,0,0,2634
21,1,0,0,2635
21,1,0,0,2636
21,1,0,0,2637
21,1,0,0,2638
21,1,0,0,2639
21,1,0,0,2640
21,1,0,0,2653
21,1,0,0,2654
21,1,0,0,2655
21,1,0,0,2656
21,1,0,0,2657
21,1,0,0,2658
21,1,0,0,2659
21,1,0,0,2660
21,1,0,0,2661
21,1,0,0,2662
21,1,0,0,2663
21,1,0,0,2664
21,1,0,0,2665
21,1,0,0,2666
21,1,0,0,2667
21,1,0,0,2668
21,1,0,0,2669
21,1,0,0,2670
21,1,0,0,2671
21,1,0,0,2672
21,1,0,0,2673
21,1,0,0,2675
21,1,0,0,2676
21,1,0,0,2677
21,1,0,0,2678
21,1,0,0,2679
21,1,0,0,2680
21,1,0,0,2681
21,1,0,0,2682
21,1,0,0,2683
21,1,0,0,2684
21,1,0,0,2685
21,1,0,0,2686
21,1,0,0,2687
21,1,0,0,2688
21,1,0,0,2689
21,1,0,0,2690
21,1,0,0,2691
21,1,0,0,2692
21,1,0,0,2693
21,1,0,0,2694
21,1,0,0,2695
21,1,0,0,2696
21,1,0,0,2697
21,1,0,0,2698
21,1,0,0,2699
21,1,0,0,2700
21,1,0,0,2701
21,1,0,0,2702
21,1,0,0,2703
21,1,0,0,2704
21,1,0,0,2705
21,1,0,0,2706
21,1,0,0,2707
21,1,0,0,2708
21,1,0,0,2709
21,1,0,0,2710
21,1,0,0,2711
21,1,0,0,2712
21,1,0,0,2713
21,1,0,0,2714
21,1,0,0,2715
21,1,0,0,2716
21,1,0,0,2717
21,1,0,0,2718
21,1,0,0,2719
21,1,0,0,2720
21,1,0,0,2721
21,1,0,0,2722
21,1,0,0,2723
21,1,0,0,2724
21,1,0,0,2725
21,1,0,0,2726
21,1,0,0,2727
21,1,0,0,2728
21,1,0,0,2729
21,1,0,0,2730
21,1,0,0,2731
21,1,0,0,2732
21,1,0,0,2733
21,1,0,0,2734
21,1,0,0,2735
21,1,0,0,2736
21,1,0,0,2737
21,1,0,0,2738
21,1,0,0,2739
21,1,0,0,2740
21,1,0,0,2741
21,1,0,0,2742
21,1,0,0,2743
21,1,0,0,2744
21,1,0,0,2745
21,1,0,0,2746
21,1,0,0,2747
21,1,0,0,2748
21,1,0,0,2749
21,1,0,0,2750
21,1,0,0,2751
21,1,0,0,2752
21,1,0,0,2753
21,1,0,0,2754
21,1,0,0,2755
21,1,0,0,2756
21,1,0,0,2757
21,1,0,0,2758
21,1,0,0,2759
21,1,0,0,2760
21,1,0,0,2761
21,1,0,0,2780
21,1,0,0,2781
21,1,0,0,2782
21,1,0,0,2783
21,1,0,0,2784
21,1,0,0,2785
21,1,0,0,2786
21,1,0,0,2787
21,1,0,0,2788
21,1,0,0,2843
21,1,0,0,2844
21,1,0,0,2845
21,1,0,0,2846
21,1,0,0,2847
21,1,0,0,2848
21,1,0,0,2849
21,1,0,0,2850
21,1,0,0,2851
21,1,0,0,2852
21,1,0,0,2853
21,1,0,0,2854
21,1,0,0,2855
21,1,0,0,2856
21,1,0,0,2857
21,1,0,0,2858
21,1,0,0,2859
21,1,0,0,2860
21,1,0,0,2861
21,1,0,0,2862
21,1,0,0,2863
21,1,0,0,2864
21,1,0,0,2865
21,1,0,0,2866
21,1,0,0,2867
21,1,0,0,2868
21,1,0,0,2869
21,1,0,0,2870
21,1,0,0,2871
21,1,0,0,2872
21,1,0,0,2873
21,1,0,0,2874
21,1,0,0,2875
21,1,0,0,2876
21,1,0,0,2877
21,1,0,0,2878
21,1,0,0,2879
21,1,0,0,2880
21,1,0,0,2881
21,1,0,0,2882
21,1,0,0,2883
21,1,0,0,2884
21,1,0,0,2885
21,1,0,0,2886
21,1,0,0,2989
21,1,0,0,2990
21,1,0,0,2991
21,1,0,0,2992
21,1,0,0,2993
21,1,0,0,2994
21,1,0,0,2995
21,1,0,0,2996
21,1,0,0,2997
21,1,0,0,2998
21,1,0,0,2999
21,1,0,0,3000
21,1,0,0,3012
21,1,0,0,3013
21,1,0,0,3014
21,1,0,0,3015
21,1,0,0,3021
21,1,0,0,3022
21,1,0,0,3023
21,1,0,0,3057
21,1,0,0,3060
21,1,0,0,3061
21,1,0,0,3062
21,1,0,0,3073
21,1,0,0,3074
21,1,0,0,3075
21,1,0,0,3076
21,1,0,0,3077
21,1,0,0,3078
21,1,0,0,3079
21,1,0,0,3080
21,1,0,0,3081
21,1,0,0,3082
21,1,0,0,3083
21,1,0,0,3084
21,1,0,0,3085
21,1,0,0,3086
21,1,0,0,3087
21,1,0,0,3088
21,1,0,0,3089
21,1,0,0,3090
21,1,0,0,3091
21,1,0,0,3092
21,1,0,0,3093
21,1,0,0,3094
21,1,0,0,3095
21,1,0,0,3096
21,1,0,0,3097
21,1,0,0,3098
21,1,0,0,3099
21,1,0,0,3100
21,1,0,0,3101
21,1,0,0,3102
21,1,0,0,3103
21,1,0,0,3104
21,1,0,0,3105
21,1,0,0,3106
21,1,0,0,3107
21,1,0,0,3108
21,1,0,0,3109
21,1,0,0,3110
21,1,0,0,3111
21,1,0,0,3112
21,1,0,0,3113
21,1,0,0,3114
21,1,0,0,3115
21,1,0,0,3116
21,1,0,0,3117
21,1,0,0,3118
21,1,0,0,3119
21,1,0,0,3120
21,1,0,0,3121
21,1,0,0,3122
21,1,0,0,3123
21,1,0,0,3124
21,1,0,0,3125
21,1,0,0,3126
21,1,0,0,3127
21,1,0,0,3128
21,1,0,0,3129
21,1,0,0,3130
21,1,0,0,3131
21,1,0,0,3132
21,1,0,0,3133
21,1,0,0,3134
21,1,0,0,3135
21,1,0,0,3136
21,1,0,0,3137
21,1,0,0,3138
21,1,0,0,3139
21,1,0,0,3140
21,1,0,0,3141
21,1,0,0,3142
21,1,0,0,3143
21,1,0,0,3144
21,1,0,0,3145
21,1,0,0,3146
21,1,0,0,3147
21,1,0,0,3148
21,1,0,0,3149
21,1,0,0,3150
21,1,0,0,3151
21,1,0,0,3152
21,1,0,0,3153
21,1,0,0,3154
21,1,0,0,3155
21,1,0,0,3156
21,1,0,0,3157
21,1,0,0,3158
21,1,0,0,3159
21,1,0,0,3160
21,1,0,0,3161
21,1,0,0,3162
21,1,0,0,3163
21,1,0,0,3164
21,1,0,0,3165
21,1,0,0,3166
21,1,0,0,3167
21,1,0,0,3168
21,1,0,0,3169
21,1,0,0,3170
21,1,0,0,3171
21,1,0,0,3172
21,1,0,0,3173
21,1,0,0,3174
21,1,0,0,3175
21,1,0,0,3176
21,1,0,0,3177
21,1,0,0,3178
21,1,0,0,3179
21,1,0,0,3180
21,1,0,0,3181
21,1,0,0,3182
21,1,0,0,3183
21,1,0,0,3184
21,1,0,0,3185
21,1,0,0,3186
21,1,0,0,3187
21,1,0,0,3188
21,1,0,0,3189
21,1,0,0,3190
21,1,0,0,3191
21,1,0,0,3193
21,1,0,0,3194
21,1,0,0,3195
21,1,0,0,3196
21,1,0,0,3197
21,1,0,0,3198
21,1,0,0,3199
21,1,0,0,3200
21,1,0,0,3201
21,1,0,0,3202
21,1,0,0,3203
21,1,0,0,3204
21,1,0,0,3205
21,1,0,0,3206
21,1,0,0,3207
21,1,0,0,3208
21,1,0,0,3209
21,1,0,0,3210
21,1,0,0,3211
21,1,0,0,3212
21,1,0,0,3213
21,1,0,0,3214
21,1,0,0,3215
21,1,0,0,3216
21,1,0,0,3217
21,1,0,0,3218
21,1,0,0,3219
21,1,0,0,3220
21,1,0,0,3221
21,1,0,0,3222
21,1,0,0,3223
21,1,0,0,3224
21,1,0,0,3225
21,1,0,0,3226
21,1,0,0,3227
21,1,0,0,3229
21,1,0,0,3230
21,1,0,0,3231
21,1,0,0,3232
21,1,0,0,3233
21,1,0,0,3234
21,1,0,0,3235
21,1,0,0,3236
21,1,0,0,3237
21,1,0,0,3238
21,1,0,0,3239
21,1,0,0,3240
21,1,0,0,3241
21,1,0,0,3242
21,1,0,0,3243
21,1,0,0,3244
21,1,0,0,3245
21,1,0,0,3246
21,1,0,0,3247
21,1,0,0,3248
21,1,0,0,3249
21,1,0,0,3250
21,1,0,0,3251
21,1,0,0,3252
21,1,0,0,3253
21,1,0,0,3254
21,1,0,0,3255
21,1,0,0,3256
21,1,0,0,3257
21,1,0,0,3258
21,1,0,0,3259
21,1,0,0,3260
21,1,0,0,3261
21,1,0,0,3262
21,1,0,0,3263
21,1,0,0,3264
21,1,0,0,3265
21,1,0,0,3266
21,1,0,0,3267
21,1,0,0,3268
21,1,0,0,3269
21,1,0,0,3270
21,1,0,0,3271
21,1,0,0,3272
21,1,0,0,3273
21,1,0,0,3274
21,1,0,0,3275
21,1,0,0,3276
21,1,0,0,3277
21,1,0,0,3278
21,1,0,0,3279
21,1,0,0,3280
21,1,0,0,3281
21,1,0,0,3282
21,1,0,0,3283
21,1,0,0,3284
21,1,0,0,3285
21,1,0,0,3286
21,1,0,0,3287
21,1,0,0,3288
21,1,0,0,3289
21,1,0,0,3290
21,1,0,0,3291
21,1,0,0,3292
21,1,0,0,3293
21,1,0,0,3294
21,1,0,0,3295
21,1,0,0,3296
21,1,0,0,3297
21,1,0,0,3298
21,1,0,0,3299
21,1,0,0,3300
21,1,0,0,3301
21,1,0,0,3302
21,1,0,0,3303
21,1,0,0,3304
21,1,0,0,3305
21,1,0,0,3306
21,1,0,0,3307
21,1,0,0,3308
21,1,0,0,3309
21,1,0,0,3310
21,1,0,0,3311
21,1,0,0,3312
21,1,0,0,3313
21,1,0,0,3314
21,1,0,0,3315
21,1,0,0,3316
21,1,0,0,3317
21,1,0,0,3318
21,1,0,0,3319
21,1,0,0,3320
21,1,0,0,3321
21,1,0,0,3322
21,1,0,0,3354
21,1,0,0,3355
21,1,0,0,3356
21,1,0,0,3359
21,1,0,0,3360
21,1,0,0,3361
21,1,0,0,3362
21,1,0,0,3363
21,1,0,0,3371
21,1,0,0,3372
21,1,0,0,3373
21,1,0,0,3374
21,1,0,0,3375
21,1,0,0,3376
21,1,0,0,3377
21,1,0,0,3378
21,1,0,0,3379
21,1,0,0,3380
21,1,0,0,3381
21,1,0,0,3382
21,1,0,0,3383
21,1,0,0,3384
21,1,0,0,3385
21,1,0,0,3386
21,1,0,0,3387
21,1,0,0,3388
21,1,0,0,3389
21,1,0,0,3390
21,1,0,0,3391
21,1,0,0,3392
21,1,0,0,3393
21,1,0,0,3394
21,1,0,0,3395
21,1,0,0,3396
21,1,0,0,3397
21,1,0,0,3398
21,1,0,0,3399
21,1,0,0,3400
21,1,0,0,3401
21,1,0,0,3402
21,1,0,0,3403
21,1,0,0,3423
21,1,0,0,3424
21,1,0,0,3425
21,1,0,0,3426
21,1,0,0,3427
21,1,0,0,3498
21,1,0,0,3499
21,1,0,0,3500
21,1,0,0,3507
21,1,0,0,3508
21,1,0,0,3509
21,1,0,0,3510
21,1,0,0,3511
21,1,0,0,3512
21,1,0,0,3513
21,1,0,0,3514
21,1,0,0,3515
21,1,0,0,3516
21,1,0,0,3517
21,1,0,0,3518
21,1,0,0,3519
21,1,0,0,3520
21,1,0,0,3521
21,1,0,0,3522
21,1,0,0,3523
21,1,0,0,3524
21,1,0,0,3525
21,1,0,0,3526
21,1,0,0,3545
21,1,0,0,3546
21,1,0,0,3547
21,1,0,0,3548
21,1,0,0,3563
21,1,0,0,3590
21,1,0,0,3591
21,1,0,0,3592
21,1,0,0,3593
21,1,0,0,3594
21,1,0,0,3595
21,1,0,0,3596
21,1,0,0,3597
21,1,0,0,3598
21,1,0,0,3599
21,1,0,0,3600
21,1,0,0,3601
21,1,0,0,3602
21,1,0,0,3603
21,1,0,0,3604
21,1,0,0,3605
21,1,0,0,3606
21,1,0,0,3607
21,1,0,0,3608
21,1,0,0,3609
21,1,0,0,3610
21,1,0,0,3611
21,1,0,0,3612
21,1,0,0,3613
21,1,0,0,3614
21,1,0,0,3615
21,1,0,0,3627
21,1,0,0,3628
21,1,0,0,3629
21,1,0,0,3630
21,1,0,0,3631
21,1,0,0,3632
21,1,0,0,3633
21,1,0,0,3634
21,1,0,0,3635
21,1,0,0,3636
21,1,0,0,3637
21,1,0,0,3638
21,1,0,0,3664
21,1,0,0,3683
21,1,0,0,3684
21,1,0,0,3685
21,1,0,0,3686
21,1,0,0,3687
21,1,0,0,3688
21,1,0,0,3689
21,1,0,0,3690
21,1,0,0,3691
21,1,0,0,3692
21,1,0,0,3693
21,1,0,0,3694
21,1,0,0,3695
21,1,0,0,3698
21,1,0,0,3700
21,1,0,0,3701
21,1,0,0,3702
21,1,0,0,3703
21,1,0,0,3705
21,1,0,0,3706
21,1,0,0,3709
21,1,0,0,3710
21,1,0,0,3711
21,1,0,0,3712
21,1,0,0,3713
21,1,0,0,3714
21,1,0,0,3715
21,1,0,0,3716
21,1,0,0,3717
21,1,0,0,3718
21,1,0,0,3719
21,1,0,0,3720
21,1,0,0,3722
21,1,0,0,3723
21,1,0,0,3724
21,1,0,0,3725
21,1,0,0,3726
21,1,0,0,3727
21,1,0,0,3728
21,1,0,0,3729
21,1,0,0,3730
21,1,0,0,3731
21,1,0,0,3732
21,1,0,0,3733
21,1,0,0,3919
21,1,0,0,3926
21,1,0,0,3927
21,1,0,0,3928
21,1,0,0,3929
21,1,0,0,3930
21,1,0,0,3931
21,1,0,0,3932
21,1,0,0,3933
21,1,0,0,3934
21,1,0,0,3935
21,1,0,0,3936
21,1,0,0,3937
21,1,0,0,3938
21,1,0,0,3939
21,1,0,0,3940
21,1,0,0,3941
21,1,0,0,3942
21,1,0,0,3943
21,1,0,0,3944
21,1,0,0,3945
21,1,0,0,3946
21,1,0,0,3947
21,1,0,0,3948
21,1,0,0,3949
21,1,0,0,3950
21,1,0,0,3951
21,1,0,0,3952
21,1,0,0,3953
21,1,0,0,3954
21,1,0,0,3955
21,1,0,0,3956
21,1,0,0,3957
21,1,0,0,3958
21,1,0,0,3959
21,1,0,0,3960
21,1,0,0,3961
21,1,0,0,3962
21,1,0,0,3963
21,1,0,0,3964
21,1,0,0,3965
21,1,0,0,3966
21,1,0,0,3967
21,1,0,0,3968
21,1,0,0,3969
21,1,0,0,3970
21,1,0,0,3971
21,1,0,0,3972
21,1,0,0,3973
21,1,0,0,3974
21,1,0,0,3975
21,1,0,0,3976
21,1,0,0,3977
21,1,0,0,3978
21,1,0,0,3979
21,1,0,0,3980
21,1,0,0,3981
21,1,0,0,3982
21,1,0,0,3983
21,1,0,0,3995
21,1,0,0,3996
21,1,0,0,3997
21,1,0,0,3998
21,1,0,0,3999
21,1,0,0,4000
21,1,0,0,4001
21,1,0,0,4002
21,1,0,0,4003
21,1,0,0,4004
21,1,0,0,4005
21,1,0,0,4006
21,1,0,0,4007
21,1,0,0,4008
21,1,0,0,4009
21,1,0,0,4010
21,1,0,0,4011
21,1,0,0,4012
21,1,0,0,4013
21,1,0,0,4014
21,1,0,0,4015
21,1,0,0,4016
21,1,0,0,4017
21,1,0,0,4018
21,1,0,0,4019
21,1,0,0,4021
21,1,0,0,4022
21,1,0,0,4023
21,1,0,0,4024
21,1,0,0,4025
21,1,0,0,4026
21,1,0,0,4027
21,1,0,0,4028
21,1,0,0,4029
21,1,0,0,4030
21,1,0,0,4031
21,1,0,0,4032
21,1,0,0,4033
21,1,0,0,4034
21,1,0,0,4035
21,1,0,0,4036
21,1,0,0,4037
21,1,0,0,4038
21,1,0,0,4039
21,1,0,0,4040
21,1,0,0,4041
21,1,0,0,4042
21,1,0,0,4043
21,1,0,0,4044
21,1,0,0,4047
21,1,0,0,4048
21,1,0,0,4049
21,1,0,0,4057
21,1,0,0,4058
21,1,0,0,4059
21,1,0,0,4060
21,1,0,0,4061
21,1,0,0,4062
21,1,0,0,4063
21,1,0,0,4074
21,1,0,0,4075
21,1,0,0,4076
21,1,0,0,4077
21,1,0,0,4078
21,1,0,0,4079
21,1,0,0,4080
21,1,0,0,4081
21,1,0,0,4082
21,1,0,0,4083
21,1,0,0,4084
21,1,0,0,4085
21,1,0,0,4086
21,1,0,0,4087
21,1,0,0,4088
21,1,0,0,4089
21,1,0,0,4090
21,1,0,0,4091
21,1,0,0,4092
21,1,0,0,4093
21,1,0,0,4094
21,1,0,0,4095
21,1,0,0,4096
21,1,0,0,4097
21,1,0,0,4098
21,1,0,0,4099
21,1,0,0,4100
21,1,0,0,4101
21,1,0,0,4102
21,1,0,0,4103
21,1,0,0,4104
21,1,0,0,4105
21,1,0,0,4106
21,1,0,0,4107
21,1,0,0,4108
21,1,0,0,4109
21,1,0,0,4110
21,1,0,0,4111
21,1,0,0,4112
21,1,0,0,4113
21,1,0,0,4114
21,1,0,0,4115
21,1,0,0,4116
21,1,0,0,4132
21,1,0,0,4133
21,1,0,0,4134
21,1,0,0,4171
21,1,0,0,4184
21,1,0,0,4190
21,1,0,0,4191
21,1,0,0,4192
21,1,0,0,4193
21,1,0,0,4194
21,1,0,0,4195
21,1,0,0,4196
21,1,0,0,4197
21,1,0,0,4198
21,1,0,0,4199
21,1,0,0,4200
21,1,0,0,4201
21,1,0,0,4202
21,1,0,0,4203
21,1,0,0,4204
21,1,0,0,4205
21,1,0,0,4206
21,1,0,0,4207
21,1,0,0,4208
21,1,0,0,4209
21,1,0,0,4210
21,1,0,0,4211
21,1,0,0,4212
21,1,0,0,4213
21,1,0,0,4214
21,1,0,0,4215
21,1,0,0,4216
21,1,0,0,4217
21,1,0,0,4218
21,1,0,0,4219
21,1,0,0,4220
21,1,0,0,4221
21,1,0,0,4222
21,1,0,0,4223
21,1,0,0,4224
21,1,0,0,4226
21,1,0,0,4234
21,1,0,0,4235
21,1,0,0,4236
21,1,0,0,4237
21,1,0,0,4238
21,1,0,0,4239
21,1,0,0,4242
21,1,0,0,4243
21,1,0,0,4244
21,1,0,0,4245
21,1,0,0,4246
21,1,0,0,4247
21,1,0,0,4248
21,1,0,0,4249
21,1,0,0,4250
21,1,0,0,4251
21,1,0,0,4252
21,1,0,0,4253
21,1,0,0,4254
21,1,0,0,4255
21,1,0,0,4256
21,1,0,0,4257
21,1,0,0,4258
21,1,0,0,4259
21,1,0,0,4260
21,1,0,0,4261
21,1,0,0,4262
21,1,0,0,4263
21,1,0,0,4264
21,1,0,0,4265
21,1,0,0,4266
21,1,0,0,4267
21,1,0,0,4268
21,1,0,0,4269
21,1,0,0,4270
21,1,0,0,4271
21,1,0,0,4272
21,1,0,0,4273
21,1,0,0,4274
21,1,0,0,4275
21,1,0,0,4276
21,1,0,0,4277
21,1,0,0,4278
21,1,0,0,4279
21,1,0,0,4280
21,1,0,0,4281
21,1,0,0,4282
21,1,0,0,4283
21,1,0,0,4284
21,1,0,0,4285
21,1,0,0,4286
21,1,0,0,4287
21,1,0,0,4288
21,1,0,0,4302
21,1,0,0,4303
21,1,0,0,4304
21,1,0,0,4305
21,1,0,0,4306
21,1,0,0,4313
21,1,0,0,4322
21,1,0,0,4323
21,1,0,0,4324
21,1,0,0,4325
21,1,0,0,4391
21,1,0,0,4392
21,1,0,0,4426
21,1,0,0,4435
21,1,0,0,4436
21,1,0,0,4437
21,1,0,0,4438
21,1,0,0,4439
21,1,0,0,4448
21,1,0,0,4449
21,1,0,0,4450
21,1,0,0,4451
21,1,0,0,4452
21,1,0,0,4453
21,1,0,0,4454
21,1,0,0,4455
21,1,0,0,4465
21,1,0,0,4466
21,1,0,0,4467
21,1,0,0,4468
21,1,0,0,4469
21,1,0,0,4470
21,1,0,0,4471
21,1,0,0,4472
21,1,0,0,4473
21,1,0,0,4474
21,1,0,0,4476
21,1,0,0,4477
21,1,0,0,4478
21,1,0,0,4479
21,1,0,0,4480
21,1,0,0,4481
21,1,0,0,4482
21,1,0,0,4483
21,1,0,0,4484
21,1,0,0,4485
21,1,0,0,4486
21,1,0,0,4487
21,1,0,0,4488
21,1,0,0,4489
21,1,0,0,4490
21,1,0,0,4491
21,1,0,0,4492
21,1,0,0,4502
21,1,0,0,4503
21,1,0,0,4504
21,1,0,0,4505
21,1,0,0,4506
21,1,0,0,4507
21,1,0,0,4508
21,1,0,0,4509
21,1,0,0,4510
21,1,0,0,4511
21,1,0,0,4512
21,1,0,0,4513
21,1,0,0,4514
21,1,0,0,4515
21,1,0,0,4516
21,1,0,0,4517
21,1,0,0,4518
21,1,0,0,4519
21,1,0,0,4520
21,1,0,0,4521
21,1,0,0,4522
21,1,0,0,4523
21,1,0,0,4524
21,1,0,0,4525
21,1,0,0,4526
21,1,0,0,4527
21,1,0,0,4528
21,1,0,0,4529
21,1,0,0,4530
21,1,0,0,4531
21,1,0,0,4532
21,1,0,0,4533
21,1,0,0,4534
21,1,0,0,4535
21,1,0,0,4536
21,1,0,0,4537
21,1,0,0,4538
21,1,0,0,4539
21,1,0,0,4540
21,1,0,0,4541
21,1,0,0,4542
21,1,0,0,4543
21,1,0,0,4544
21,1,0,0,4545
21,1,0,0,4547
21,1,0,0,4548
21,1,0,0,4549
21,1,0,0,4550
21,1,0,0,4552
21,1,0,0,4553
21,1,0,0,4554
21,1,0,0,4555
21,1,0,0,4556
21,1,0,0,4557
21,1,0,0,4558
21,1,0,0,4559
21,1,0,0,4560
21,1,0,0,4561
21,1,0,0,4562
21,1,0,0,4563
21,1,0,0,4564
21,1,0,0,4565
21,1,0,0,4566
21,1,0,0,4567
21,1,0,0,4571
21,1,0,0,4572
21,1,0,0,4573
21,1,0,0,4574
21,1,0,0,4575
21,1,0,0,4576
21,1,0,0,4577
21,1,0,0,4580
21,1,0,0,4581
21,1,0,0,4582
21,1,0,0,4583
21,1,0,0,4584
21,1,0,0,4585
21,1,0,0,4586
21,1,0,0,4587
21,1,0,0,4588
21,1,0,0,4589
21,1,0,0,4590
21,1,0,0,4591
21,1,0,0,4592
21,1,0,0,4610
21,1,0,0,4611
21,1,0,0,4612
21,1,0,0,4613
21,1,0,0,4614
21,1,0,0,4615
21,1,0,0,4616
21,1,0,0,4617
21,1,0,0,4618
21,1,0,0,4619
21,1,0,0,4623
21,1,0,0,4624
21,1,0,0,4625
21,1,0,0,4626
21,1,0,0,4627
21,1,0,0,4628
21,1,0,0,4667
21,1,0,0,4679
21,1,0,0,4680
21,1,0,0,4681
21,1,0,0,4682
21,1,0,0,4683
21,1,0,0,4688
21,1,0,0,4689
21,1,0,0,4690
21,1,0,0,4691
21,1,0,0,4692
21,1,0,0,4693
21,1,0,0,4695
21,1,0,0,4696
21,1,0,0,4697
21,1,0,0,4698
21,1,0,0,4699
21,1,0,0,4700
21,1,0,0,4701
21,1,0,0,4702
21,1,0,0,4703
21,1,0,0,4704
21,1,0,0,4705
21,1,0,0,4706
21,1,0,0,4707
21,1,0,0,4708
21,1,0,0,4709
21,1,0,0,4710
21,1,0,0,4711
21,1,0,0,4712
21,1,0,0,4713
21,1,0,0,4714
21,1,0,0,4715
21,1,0,0,4716
21,1,0,0,4717
21,1,0,0,4718
21,1,0,0,4719
21,1,0,0,4720
21,1,0,0,4721
21,1,0,0,4722
21,1,0,0,4723
21,1,0,0,4724
21,1,0,0,4725
21,1,0,0,4726
21,1,0,0,4727
21,1,0,0,4728
21,1,0,0,4729
21,1,0,0,4730
21,1,0,0,4731
21,1,0,0,4732
21,1,0,0,4733
21,1,0,0,4734
21,1,0,0,4735
21,1,0,0,4736
21,1,0,0,4737
21,1,0,0,4738
21,1,0,0,4739
21,1,0,0,4740
21,1,0,0,4741
21,1,0,0,4742
21,1,0,0,4743
21,1,0,0,4744
21,1,0,0,4745
21,1,0,0,4746
21,1,0,0,4747
21,1,0,0,4748
21,1,0,0,4749
21,1,0,0,4750
21,1,0,0,4751
21,1,0,0,4752
21,1,0,0,4753
21,1,0,0,4754
21,1,0,0,4755
21,1,0,0,4756
21,1,0,0,4757
21,1,0,0,4758
21,1,0,0,4759
21,1,0,0,4760
21,1,0,0,4761
21,1,0,0,4762
21,1,0,0,4763
21,1,0,0,4764
21,1,0,0,4765
21,1,0,0,4766
21,1,0,0,4767
21,1,0,0,4768
21,1,0,0,4769
21,1,0,0,4770
21,1,0,0,4771
21,1,0,0,4772
21,1,0,0,4773
21,1,0,0,4774
21,1,0,0,4775
21,1,0,0,4776
21,1,0,0,4777
21,1,0,0,4778
21,1,0,0,4779
21,1,0,0,4780
21,1,0,0,4781
21,1,0,0,4782
21,1,0,0,4783
21,1,0,0,4784
21,1,0,0,4785
21,1,0,0,4786
21,1,0,0,4787
21,1,0,0,4788
21,1,0,0,4789
21,1,0,0,4790
21,1,0,0,4791
21,1,0,0,4792
21,1,0,0,4793
21,1,0,0,4794
21,1,0,0,4795
21,1,0,0,4803
21,1,0,0,4806
21,1,0,0,4807
21,1,0,0,4808
21,1,0,0,4809
21,1,0,0,4810
21,1,0,0,4811
21,1,0,0,4812
21,1,0,0,4813
21,1,0,0,4814
21,1,0,0,4815
21,1,0,0,4816
21,1,0,0,4817
21,1,0,0,4818
21,1,0,0,4819
21,1,0,0,4820
21,1,0,0,4821
21,1,0,0,4822
21,1,0,0,4823
21,1,0,0,4824
21,1,0,0,4825
21,1,0,0,4827
21,1,0,0,4828
21,1,0,0,4829
21,1,0,0,4830
21,1,0,0,4832
21,1,0,0,4847
21,1,0,0,4848
21,1,0,0,4849
21,1,0,0,4850
21,1,0,0,4851
21,1,0,0,4852
21,1,0,0,4853
21,1,0,0,4865
21,1,0,0,4876
21,1,0,0,4877
21,1,0,0,4878
21,1,0,0,4879
21,1,0,0,4880
21,1,0,0,4881
21,1,0,0,4882
21,1,0,0,4883
21,1,0,0,4884
21,1,0,0,4885
21,1,0,0,4886
21,1,0,0,4887
21,1,0,0,4888
21,1,0,0,4889
21,1,0,0,4890
21,1,0,0,4891
21,1,0,0,4892
21,1,0,0,4893
21,1,0,0,4894
21,1,0,0,4895
21,1,0,0,4896
21,1,0,0,4897
21,1,0,0,4898
21,1,0,0,4899
21,1,0,0,4900
21,1,0,0,4901
21,1,0,0,4902
21,1,0,0,4903
21,1,0,0,4904
21,1,0,0,4905
21,1,0,0,4906
21,1,0,0,4907
21,1,0,0,4909
21,1,0,0,4910
21,1,0,0,4911
21,1,0,0,4922
21,1,0,0,4923
21,1,0,0,4924
21,1,0,0,4925
21,1,0,0,4926
21,1,0,0,4961
21,1,0,0,4962
21,1,0,0,4963
21,1,0,0,4964
21,1,0,0,4965
21,1,0,0,4966
21,1,0,0,4967
21,1,0,0,4968
21,1,0,0,4969
21,1,0,0,4970
21,1,0,0,4971
21,1,0,0,4972
21,1,0,0,4973
21,1,0,0,4974
21,1,0,0,4975
21,1,0,0,4976
21,1,0,0,4977
21,1,0,0,4978
21,1,0,0,4979
21,1,0,0,4980
21,1,0,0,4981
21,1,0,0,4982
21,1,0,0,4983
21,1,0,0,4984
21,1,0,0,4985
21,1,0,0,4986
21,1,0,0,4987
21,1,0,0,4988
21,1,0,0,4989
21,1,0,0,4990
21,1,0,0,4991
21,1,0,0,4992
21,1,0,0,4993
21,1,0,0,4994
21,1,0,0,4995
21,1,0,0,4996
21,1,0,0,4997
21,1,0,0,4998
21,1,0,0,4999
21,1,0,0,5000
21,1,0,0,5001
21,1,0,0,5002
21,1,0,0,5003
21,1,0,0,5004
21,1,0,0,5005
21,1,0,0,5006
21,1,0,0,5007
21,1,0,0,5008
21,1,0,0,5009
21,1,0,0,5010
21,1,0,0,5011
21,1,0,0,5012
21,1,0,0,5013
21,1,0,0,5014
21,1,0,0,5015
21,1,0,0,5016
21,1,0,0,5021
21,1,0,0,5022
21,1,0,0,5023
21,1,0,0,5024
21,1,0,0,5025
21,1,0,0,5026
21,1,0,0,5027
21,1,0,0,5028
21,1,0,0,5029
21,1,0,0,5030
21,1,0,0,5034
21,1,0,0,5035
21,1,0,0,5036
21,1,0,0,5037
21,1,0,0,5038
21,1,0,0,5039
21,1,0,0,5040
21,1,0,0,5041
21,1,0,0,5042
21,1,0,0,5043
21,1,0,0,5044
21,1,0,0,5045
21,1,0,0,5046
21,1,0,0,5047
21,1,0,0,5048
21,1,0,0,5049
21,1,0,0,5050
21,1,0,0,5051
21,1,0,0,5052
21,1,0,0,5053
21,1,0,0,5054
21,1,0,0,5055
21,1,0,0,5056
21,1,0,0,5057
21,1,0,0,5058
21,1,0,0,5059
21,1,0,0,5060
21,1,0,0,5061
21,1,0,0,5062
21,1,0,0,5063
21,1,0,0,5064
21,1,0,0,5065
21,1,0,0,5066
21,1,0,0,5094
21,1,0,0,5095
21,1,0,0,5096
21,1,0,0,5097
21,1,0,0,5098
21,1,0,0,5099
21,1,0,0,5100
21,1,0,0,5101
21,1,0,0,5102
21,1,0,0,5103
21,1,0,0,5104
21,1,0,0,5105
21,1,0,0,5114
21,1,0,0,5115
21,1,0,0,5116
21,1,0,0,5120
21,1,0,0,5121
21,1,0,0,5122
21,1,0,0,5123
21,1,0,0,5124
21,1,0,0,5125
21,1,0,0,5126
21,1,0,0,5127
21,1,0,0,5128
21,1,0,0,5129
21,1,0,0,5130
21,1,0,0,5131
21,1,0,0,5132
21,1,0,0,5133
21,1,0,0,5134
21,1,0,0,5135
21,1,0,0,5136
21,1,0,0,5137
21,1,0,0,5138
21,1,0,0,5139
21,1,0,0,5140
21,1,0,0,5141
21,1,0,0,5142
21,1,0,0,5143
21,1,0,0,5144
21,1,0,0,5145
21,1,0,0,5146
21,1,0,0,5147
21,1,0,0,5148
21,1,0,0,5149
21,1,0,0,5150
21,1,0,0,5151
21,1,0,0,5152
21,1,0,0,5153
21,1,0,0,5154
21,1,0,0,5155
21,1,0,0,5156
21,1,0,0,5157
21,1,0,0,5158
21,1,0,0,5159
21,1,0,0,5160
21,1,0,0,5161
21,1,0,0,5162
21,1,0,0,5163
21,1,0,0,5164
21,1,0,0,5165
21,1,0,0,5166
21,1,0,0,5167
21,1,0,0,5168
21,1,0,0,5169
21,1,0,0,5170
21,1,0,0,5171
21,1,0,0,5172
21,1,0,0,5173
21,1,0,0,5174
21,1,0,0,5175
21,1,0,0,5176
21,1,0,0,5177
21,1,0,0,5178
21,1,0,0,5179
21,1,0,0,5180
21,1,0,0,5181
21,1,0,0,5182
21,1,0,0,5183
21,1,0,0,5184
21,1,0,0,5185
21,1,0,0,5186
21,1,0,0,5187
21,1,0,0,5188
21,1,0,0,5189
21,1,0,0,5190
21,1,0,0,5191
21,1,0,0,5192
21,1,0,0,5193
21,1,0,0,5194
21,1,0,0,5195
21,1,0,0,5196
21,1,0,0,5197
21,1,0,0,5198
21,1,0,0,5199
21,1,0,0,5200
21,1,0,0,5201
21,1,0,0,5202
21,1,0,0,5203
21,1,0,0,5204
21,1,0,0,5205
21,1,0,0,5206
21,1,0,0,5207
21,1,0,0,5208
21,1,0,0,5209
21,1,0,0,5210
21,1,0,0,5211
21,1,0,0,5212
21,1,0,0,5213
21,1,0,0,5214
21,1,0,0,5215
21,1,0,0,5216
21,1,0,0,5217
21,1,0,0,5218
21,1,0,0,5219
21,1,0,0,5220
21,1,0,0,5221
21,1,0,0,5222
21,1,0,0,5223
21,1,0,0,5224
21,1,0,0,5225
21,1,0,0,5226
21,1,0,0,5227
21,1,0,0,5228
21,1,0,0,5229
21,1,0,0,5230
21,1,0,0,5231
21,1,0,0,5232
21,1,0,0,5233
21,1,0,0,5234
21,1,0,0,5235
21,1,0,0,5236
21,1,0,0,5237
21,1,0,0,5238
21,1,0,0,5239
21,1,0,0,5240
21,1,0,0,5241
21,1,0,0,5242
21,1,0,0,5243
21,1,0,0,5244
21,1,0,0,5245
21,1,0,0,5246
21,1,0,0,5247
21,1,0,0,5248
21,1,0,0,5249
21,1,0,0,5250
21,1,0,0,5251
21,1,0,0,5252
21,1,0,0,5253
21,1,0,0,5254
21,1,0,0,5255
21,1,0,0,5256
21,1,0,0,5257
21,1,0,0,5258
21,1,0,0,5259
21,1,0,0,5260
21,1,0,0,5261
21,1,0,0,5262
21,1,0,0,5263
21,1,0,0,5264
21,1,0,0,5265
21,1,0,0,5266
21,1,0,0,5267
21,1,0,0,5268
21,1,0,0,5269
21,1,0,0,5270
21,1,0,0,5271
21,1,0,0,5272
21,1,0,0,5273
21,1,0,0,5274
21,1,0,0,5275
21,1,0,0,5276
21,1,0,0,5277
21,1,0,0,5278
21,1,0,0,5279
21,1,0,0,5280
21,1,0,0,5281
21,1,0,0,5282
21,1,0,0,5283
21,1,0,0,5284
21,1,0,0,5285
21,1,0,0,5286
21,1,0,0,5287
21,1,0,0,5288
21,1,0,0,5289
21,1,0,0,5290
21,1,0,0,5291
21,1,0,0,5292
21,1,0,0,5293
21,1,0,0,5294
21,1,0,0,5295
21,1,0,0,5296
21,1,0,0,5297
21,1,0,0,5298
21,1,0,0,5299
21,1,0,0,5300
21,1,0,0,5301
21,1,0,0,5302
21,1,0,0,5303
21,1,0,0,5304
21,1,0,0,5305
21,1,0,0,5306
21,1,0,0,5307
21,1,0,0,5308
21,1,0,0,5309
21,1,0,0,5329
21,1,0,0,5330
21,1,0,0,5331
21,1,0,0,5332
21,1,0,0,5333
21,1,0,0,5334
21,1,0,0,5335
21,1,0,0,5336
21,1,0,0,5337
21,1,0,0,5338
21,1,0,0,5339
21,1,0,0,5340
21,1,0,0,5341
21,1,0,0,5342
21,1,0,0,5343
21,1,0,0,5344
21,1,0,0,5345
21,1,0,0,5346
21,1,0,0,5347
21,1,0,0,5348
21,1,0,0,5349
21,1,0,0,5350
21,1,0,0,5351
21,1,0,0,5352
21,1,0,0,5353
21,1,0,0,5354
21,1,0,0,5355
21,1,0,0,5356
21,1,0,0,5357
21,1,0,0,5358
21,1,0,0,5359
21,1,0,0,5360
21,1,0,0,5388
21,1,0,0,5389
21,1,0,0,5390
21,1,0,0,5391
21,1,0,0,5392
21,1,0,0,5393
21,1,0,0,5394
21,1,0,0,5395
21,1,0,0,5396
21,1,0,0,5397
21,1,0,0,5402
21,1,0,0,5403
21,1,0,0,5404
21,1,0,0,5405
21,1,0,0,5406
21,1,0,0,5407
21,1,0,0,5408
21,1,0,0,5409
21,1,0,0,5410
21,1,0,0,5411
21,1,0,0,5412
21,1,0,0,5493
21,1,0,0,5494
21,1,0,0,5495
21,1,0,0,5496
21,1,0,0,5497
21,1,0,0,5498
21,1,0,0,5499
21,1,0,0,5500
21,1,0,0,5501
21,1,0,0,5502
21,1,0,0,5503
21,1,0,0,5504
21,1,0,0,5505
21,1,0,0,5506
21,1,0,0,5507
21,1,0,0,5508
21,1,0,0,5509
21,1,0,0,5510
21,1,0,0,5511
21,1,0,0,5512
21,1,0,0,5513
21,1,0,0,5514
21,1,0,0,5515
21,1,0,0,5516
21,1,0,0,5517
21,1,0,0,5518
21,1,0,0,5519
21,1,0,0,5520
21,1,0,0,5521
21,1,0,0,5522
21,1,0,0,5523
21,1,0,0,5524
21,1,0,0,5525
21,1,0,0,5526
21,1,0,0,5527
21,1,0,0,5528
21,1,0,0,5529
21,1,0,0,5530
21,1,0,0,5531
21,1,0,0,5532
21,1,0,0,5533
21,1,0,0,5534
21,1,0,0,5535
21,1,0,0,5536
21,1,0,0,5537
21,1,0,0,5538
21,1,0,0,5539
21,1,0,0,5540
21,1,0,0,5541
21,1,0,0,5542
21,1,0,0,5543
21,1,0,0,5544
21,1,0,0,5545
21,1,0,0,5546
21,1,0,0,5547
21,1,0,0,5548
21,1,0,0,5549
21,1,0,0,5550
21,1,0,0,5551
21,1,0,0,5552
21,1,0,0,5553
21,1,0,0,5554
21,1,0,0,5555
21,1,0,0,5556
21,1,0,0,5557
21,1,0,0,5558
21,1,0,0,5559
21,1,0,0,5560
21,1,0,0,5561
21,1,0,0,5562
21,1,0,0,5563
21,1,0,0,5564
21,1,0,0,5565
21,1,0,0,5566
21,1,0,0,5567
21,1,0,0,5568
21,1,0,0,5569
21,1,0,0,5570
21,1,0,0,5571
21,1,0,0,5572
21,1,0,0,5573
21,1,0,0,5574
21,1,0,0,5575
21,1,0,0,5576
21,1,0,0,5577
21,1,0,0,5578
21,1,0,0,5579
21,1,0,0,5580
21,1,0,0,5581
21,1,0,0,5582
21,1,0,0,5583
21,1,0,0,5584
21,1,0,0,5585
21,1,0,0,5586
21,1,0,0,5587
21,1,0,0,5588
21,1,0,0,5589
21,1,0,0,5590
21,1,0,0,5591
21,1,0,0,5592
21,1,0,0,5593
21,1,0,0,5594
21,1,0,0,5595
21,1,0,0,5596
21,1,0,0,5597
21,1,0,0,5598
21,1,0,0,5599
21,1,0,0,5600
21,1,0,0,5601
21,1,0,0,5602
21,1,0,0,5603
21,1,0,0,5604
21,1,0,0,5605
21,1,0,0,5606
21,1,0,0,5607
21,1,0,0,5608
21,1,0,0,5609
21,1,0,0,5610
21,1,0,0,5611
21,1,0,0,5612
21,1,0,0,5613
21,1,0,0,5614
21,1,0,0,5615
21,1,0,0,5616
21,1,0,0,5617
21,1,0,0,5618
21,1,0,0,5619
21,1,0,0,5620
21,1,0,0,5621
21,1,0,0,5622
21,1,0,0,5623
21,1,0,0,5624
21,1,0,0,5625
21,1,0,0,5626
21,1,0,0,5627
21,1,0,0,5628
21,1,0,0,5629
21,1,0,0,5630
21,1,0,0,5631
21,1,0,0,5632
21,1,0,0,5633
21,1,0,0,5634
21,1,0,0,5635
21,1,0,0,5636
21,1,0,0,5637
21,1,0,0,5638
21,1,0,0,5639
21,1,0,0,5640
21,1,0,0,5641
21,1,0,0,5642
21,1,0,0,5643
21,1,0,0,5644
21,1,0,0,5645
21,1,0,0,5646
21,1,0,0,5647
21,1,0,0,5648
21,1,0,0,5649
21,1,0,0,5650
21,1,0,0,5651
21,1,0,0,5652
21,1,0,0,5653
21,1,0,0,5654
21,1,0,0,5655
21,1,0,0,5656
21,1,0,0,5657
21,1,0,0,5658
21,1,0,0,5659
21,1,0,0,5660
21,1,0,0,5661
21,1,0,0,5662
21,1,0,0,5663
21,1,0,0,5664
21,1,0,0,5665
21,1,0,0,5666
21,1,0,0,5667
21,1,0,0,5668
21,1,0,0,5669
21,1,0,0,5670
21,1,0,0,5671
21,1,0,0,5672
21,1,0,0,5673
21,1,0,0,5674
21,1,0,0,5677
21,1,0,0,5678
21,1,0,0,5679
21,1,0,0,5680
21,1,0,0,5681
21,1,0,0,5682
21,1,0,0,5683
21,1,0,0,5684
21,1,0,0,5685
21,1,0,0,5686
21,1,0,0,5687
21,1,0,0,5688
21,1,0,0,5689
21,1,0,0,5690
21,1,0,0,5691
21,1,0,0,5692
21,1,0,0,5693
21,1,0,0,5694
21,1,0,0,5695
21,1,0,0,5726
21,1,0,0,5727
21,1,0,0,5728
21,1,0,0,5729
21,1,0,0,5730
21,1,0,0,5731
21,1,0,0,5732
21,1,0,0,5733
21,1,0,0,5734
21,1,0,0,5735
21,1,0,0,5736
21,1,0,0,5737
21,1,0,0,5738
21,1,0,0,5739
21,1,0,0,5740
21,1,0,0,5741
21,1,0,0,5742
21,1,0,0,5743
21,1,0,0,5744
21,1,0,0,5745
21,1,0,0,5746
21,1,0,0,5747
21,1,0,0,5748
21,1,0,0,5749
21,1,0,0,5750
21,1,0,0,5751
21,1,0,0,5752
21,1,0,0,5753
21,1,0,0,5754
21,1,0,0,5755
21,1,0,0,5756
21,1,0,0,5757
21,1,0,0,5758
21,1,0,0,5759
21,1,0,0,5760
21,1,0,0,5761
21,1,0,0,5762
21,1,0,0,5763
21,1,0,0,5764
21,1,0,0,5765
21,1,0,0,5766
21,1,0,0,5767
21,1,0,0,5814
21,1,0,0,5815
21,1,0,0,5816
21,1,0,0,5817
21,1,0,0,5818
21,1,0,0,5819
21,1,0,0,5820
21,1,0,0,5821
21,1,0,0,5822
21,1,0,0,5823
21,1,0,0,5831
21,1,0,0,5832
21,1,0,0,5833
21,1,0,0,5834
21,1,0,0,5835
21,1,0,0,5836
21,1,0,0,5837
21,1,0,0,5838
21,1,0,0,5839
21,1,0,0,5840
21,1,0,0,5845
21,1,0,0,5846
21,1,0,0,5847
21,1,0,0,5848
21,1,0,0,5849
21,1,0,0,5850
21,1,0,0,5851
21,1,0,0,5852
21,1,0,0,5853
21,1,0,0,5854
21,1,0,0,5855
21,1,0,0,5856
21,1,0,0,5857
21,1,0,0,5858
21,1,0,0,5859
21,1,0,0,5860
21,1,0,0,5861
21,1,0,0,5862
21,1,0,0,5863
21,1,0,0,5864
21,1,0,0,5865
21,1,0,0,5866
21,1,0,0,5867
21,1,0,0,5868
21,1,0,0,5869
21,1,0,0,5870
21,1,0,0,5871
21,1,0,0,5872
21,1,0,0,5873
21,1,0,0,5874
21,1,0,0,5875
21,1,0,0,5876
21,1,0,0,5878
21,1,0,0,5879
21,1,0,0,5880
21,1,0,0,5919
21,1,0,0,5921
21,1,0,0,5940
21,1,0,0,5946
21,1,0,0,5947
21,1,0,0,5948
21,1,0,0,5949
21,1,0,0,5950
21,1,0,0,5951
21,1,0,0,5952
21,1,0,0,5953
21,1,0,0,5954
21,1,0,0,5989
21,1,0,0,5990
21,1,0,0,5991
21,1,0,0,5992
21,1,0,0,5993
21,1,0,0,5994
21,1,0,0,5995
21,1,0,0,5996
21,1,0,0,5997
21,1,0,0,5998
21,1,0,0,5999
21,1,0,0,6000
21,1,0,0,6001
21,1,0,0,6002
21,1,0,0,6003
21,1,0,0,6004
21,1,0,0,6005
21,1,0,0,6006
21,1,0,0,6007
21,1,0,0,6008
21,1,0,0,6009
21,1,0,0,6014
21,1,0,0,6015
21,1,0,0,6016
21,1,0,0,6017
21,1,0,0,6048
21,1,0,0,6049
21,1,0,0,6050
21,1,0,0,6051
21,1,0,0,6052
21,1,0,0,6053
21,1,0,0,6054
21,1,0,0,6055
21,1,0,0,6056
21,1,0,0,6057
21,1,0,0,6058
21,1,0,0,6059
21,1,0,0,6060
21,1,0,0,6061
21,1,0,0,6062
21,1,0,0,6063
21,1,0,0,6064
21,1,0,0,6065
21,1,0,0,6066
21,1,0,0,6067
21,1,0,0,6068
21,1,0,0,6077
21,1,0,0,6078
21,1,0,0,6079
21,1,0,0,6080
21,1,0,0,6081
