0,3,0,1160,76,0,0,0,0,0,0,0
1,2,1,0,0,0,0,0,0,0,0,0
2,1,-1,0,0,0,0,0,0,0,0,0
3,1,-1,0,0,0,0,0,0,0,0,0
4,1,-1,0,0,0,0,0,0,0,0,0
5,1,-1,0,0,0,0,0,0,0,0,0
6,1,-1,0,0,0,0,0,0,0,0,0
7,1,-1,0,0,0,0,0,0,0,0,0
8,1,-1,0,0,0,0,0,0,0,0,0
9,1,-1,0,0,0,0,0,0,0,0,0
10,1,-1,0,0,0,0,0,0,0,0,0
11,1,-1,0,0,0,0,0,0,0,0,0
12,1,-1,0,0,0,0,0,0,0,0,0
13,1,-1,0,0,0,0,0,0,0,0,0
14,1,-1,0,0,0,0,0,0,0,0,0
15,1,-1,0,0,0,0,0,0,0,0,0
16,1,-1,0,0,0,0,0,0,0,0,0
17,4,16,1126,769,1125,0,0,0,0,0,0
18,4,17,339,16,338,0,0,0,0,0,0
19,4,665,988,17,664,0,0,0,0,0,0
20,2,18,805,0,0,0,0,0,0,0,0
21,2,19,18,0,0,0,0,0,0,0,0
22,2,20,19,0,0,0,0,0,0,0,0
23,2,21,20,0,0,0,0,0,0,0,0
24,3,22,1408,21,0,0,0,0,0,0,0
25,6,943,1942,1970,22,942,1941,0,0,0,0
26,3,23,1455,1454,0,0,0,0,0,0,0
27,2,24,23,0,0,0,0,0,0,0,0
28,2,25,24,0,0,0,0,0,0,0,0
29,2,26,25,0,0,0,0,0,0,0,0
30,2,27,26,0,0,0,0,0,0,0,0
31,4,51,442,27,441,0,0,0,0,0,0
32,5,28,86,1825,85,1824,0,0,0,0,0
33,4,29,1104,28,1103,0,0,0,0,0,0
34,4,30,734,29,733,0,0,0,0,0,0
35,4,31,480,30,479,0,0,0,0,0,0
36,3,32,547,31,0,0,0,0,0,0,0
37,3,33,32,698,0,0,0,0,0,0,0
38,4,34,1307,33,1306,0,0,0,0,0,0
39,4,35,1120,34,1119,0,0,0,0,0,0
40,4,36,1372,35,1371,0,0,0,0,0,0
41,4,37,535,36,534,0,0,0,0,0,0
42,3,38,37,750,0,0,0,0,0,0,0
43,4,39,179,38,178,0,0,0,0,0,0
44,3,1468,39,1467,0,0,0,0,0,0,0
45,3,40,1592,1591,0,0,0,0,0,0,0
46,4,144,40,143,925,0,0,0,0,0,0
47,3,41,487,486,0,0,0,0,0,0,0
48,2,42,41,0,0,0,0,0,0,0,0
49,4,43,96,42,95,0,0,0,0,0,0
50,4,44,1040,43,1039,0,0,0,0,0,0
51,4,45,232,44,231,0,0,0,0,0,0
52,4,46,760,45,759,0,0,0,0,0,0
53,3,1370,46,1369,0,0,0,0,0,0,0
54,3,47,341,340,0,0,0,0,0,0,0
55,2,48,47,0,0,0,0,0,0,0,0
56,3,49,194,48,0,0,0,0,0,0,0
57,5,832,834,1407,49,1406,0,0,0,0,0
58,4,50,380,843,379,0,0,0,0,0,0
59,4,1395,50,1394,1997,0,0,0,0,0,0
60,4,52,989,51,988,0,0,0,0,0,0
61,4,53,614,52,613,0,0,0,0,0,0
62,3,54,53,513,0,0,0,0,0,0,0
63,3,692,54,691,0,0,0,0,0,0,0
64,4,55,731,1334,1333,0,0,0,0,0,0
65,4,56,1133,55,1132,0,0,0,0,0,0
66,3,57,1192,56,0,0,0,0,0,0,0
67,3,58,660,57,0,0,0,0,0,0,0
68,4,59,103,58,102,0,0,0,0,0,0
69,3,873,59,872,0,0,0,0,0,0,0
70,6,60,83,1829,82,1828,1852,0,0,0,0
71,4,61,1069,60,1068,0,0,0,0,0,0
72,4,62,477,61,476,0,0,0,0,0,0
73,3,63,1045,62,0,0,0,0,0,0,0
74,4,64,63,877,1002,0,0,0,0,0,0
75,4,65,785,64,784,0,0,0,0,0,0
76,4,66,65,833,835,0,0,0,0,0,0
77,3,67,66,1378,0,0,0,0,0,0,0
78,3,68,67,978,0,0,0,0,0,0,0
79,3,69,68,537,0,0,0,0,0,0,0
80,3,70,1034,69,0,0,0,0,0,0,0
81,3,71,756,70,0,0,0,0,0,0,0
82,3,72,1303,71,0,0,0,0,0,0,0
83,4,73,182,72,181,0,0,0,0,0,0
84,3,1465,73,1464,0,0,0,0,0,0,0
85,3,74,1451,1703,0,0,0,0,0,0,0
86,2,75,74,0,0,0,0,0,0,0,0
87,2,76,75,0,0,0,0,0,0,0,0
88,6,77,80,1835,1336,1834,1849,0,0,0,0
89,6,1837,77,765,1135,1836,1848,0,0,0,0
90,3,78,578,577,0,0,0,0,0,0,0
91,3,121,78,120,0,0,0,0,0,0,0
92,3,79,1477,1476,0,0,0,0,0,0,0
93,4,165,79,164,1323,0,0,0,0,0,0
94,6,81,1833,80,228,1832,1850,0,0,0,0
95,6,82,1831,81,1316,1830,1851,0,0,0,0
96,6,84,1827,83,837,1826,1853,0,0,0,0
97,4,85,84,464,1854,0,0,0,0,0,0
98,6,87,1823,86,919,1822,1855,0,0,0,0
99,6,291,1112,1821,87,1820,1856,0,0,0,0
100,3,88,148,147,0,0,0,0,0,0,0
101,3,89,1341,88,0,0,0,0,0,0,0
102,2,90,89,0,0,0,0,0,0,0,0
103,2,91,90,0,0,0,0,0,0,0,0
104,3,204,91,203,0,0,0,0,0,0,0
105,2,92,1174,0,0,0,0,0,0,0,0
106,3,93,92,831,0,0,0,0,0,0,0
107,3,199,93,198,0,0,0,0,0,0,0
108,1,94,0,0,0,0,0,0,0,0,0
109,3,906,94,905,0,0,0,0,0,0,0
110,3,95,142,141,0,0,0,0,0,0,0
111,3,489,96,488,0,0,0,0,0,0,0
112,4,97,624,929,623,0,0,0,0,0,0
113,3,566,97,565,0,0,0,0,0,0,0
114,2,98,972,0,0,0,0,0,0,0,0
115,2,99,98,0,0,0,0,0,0,0,0
116,2,100,99,0,0,0,0,0,0,0,0
117,3,248,1421,100,0,0,0,0,0,0,0
118,6,101,764,1841,1051,1840,1846,0,0,0,0
119,4,102,101,431,1385,0,0,0,0,0,0
120,3,104,1400,103,0,0,0,0,0,0,0
121,4,105,693,104,692,0,0,0,0,0,0
122,4,106,513,105,512,0,0,0,0,0,0
123,4,107,613,106,612,0,0,0,0,0,0
124,3,108,107,989,0,0,0,0,0,0,0
125,4,290,441,927,108,0,0,0,0,0,0
126,3,109,1048,1047,0,0,0,0,0,0,0
127,4,110,1002,109,1001,0,0,0,0,0,0
128,4,340,110,785,1407,0,0,0,0,0,0
129,3,111,174,173,0,0,0,0,0,0,0
130,3,112,111,1141,0,0,0,0,0,0,0
131,4,113,1375,112,1374,0,0,0,0,0,0
132,4,114,1118,113,1117,0,0,0,0,0,0
133,4,115,254,114,253,0,0,0,0,0,0
134,4,284,810,115,283,0,0,0,0,0,0
135,3,116,579,578,0,0,0,0,0,0,0
136,2,117,116,0,0,0,0,0,0,0,0
137,2,118,117,0,0,0,0,0,0,0,0
138,2,119,118,0,0,0,0,0,0,0,0
139,2,120,119,0,0,0,0,0,0,0,0
140,2,122,121,0,0,0,0,0,0,0,0
141,2,123,122,0,0,0,0,0,0,0,0
142,3,577,123,576,0,0,0,0,0,0,0
143,3,124,1589,1588,0,0,0,0,0,0,0
144,4,125,151,124,150,0,0,0,0,0,0
145,4,126,238,125,237,0,0,0,0,0,0
146,4,127,551,126,550,0,0,0,0,0,0
147,3,309,127,308,0,0,0,0,0,0,0
148,3,128,1209,1208,0,0,0,0,0,0,0
149,3,790,128,789,0,0,0,0,0,0,0
150,3,129,334,333,0,0,0,0,0,0,0
151,2,130,129,0,0,0,0,0,0,0,0
152,4,131,815,130,814,0,0,0,0,0,0
153,2,132,131,0,0,0,0,0,0,0,0
154,2,133,132,0,0,0,0,0,0,0,0
155,2,134,133,0,0,0,0,0,0,0,0
156,2,135,134,0,0,0,0,0,0,0,0
157,2,136,135,0,0,0,0,0,0,0,0
158,2,137,136,0,0,0,0,0,0,0,0
159,2,138,137,0,0,0,0,0,0,0,0
160,3,139,575,138,0,0,0,0,0,0,0
161,3,140,974,139,0,0,0,0,0,0,0
162,4,141,485,140,498,0,0,0,0,0,0
163,3,143,142,1041,0,0,0,0,0,0,0
164,3,145,144,1054,0,0,0,0,0,0,0
165,3,146,289,145,0,0,0,0,0,0,0
166,3,147,146,243,0,0,0,0,0,0,0
167,4,149,203,148,202,0,0,0,0,0,0
168,3,150,902,149,0,0,0,0,0,0,0
169,4,152,745,151,744,0,0,0,0,0,0
170,3,153,266,152,0,0,0,0,0,0,0
171,3,154,669,153,0,0,0,0,0,0,0
172,4,155,1364,154,1363,0,0,0,0,0,0
173,4,156,1416,155,1415,0,0,0,0,0,0
174,4,157,986,156,1140,0,0,0,0,0,0
175,4,158,399,157,398,0,0,0,0,0,0
176,3,159,1145,158,0,0,0,0,0,0,0
177,3,160,1043,159,0,0,0,0,0,0,0
178,4,161,1348,160,1414,0,0,0,0,0,0
179,3,162,1220,161,0,0,0,0,0,0,0
180,3,163,1425,162,0,0,0,0,0,0,0
181,4,164,1185,163,1184,0,0,0,0,0,0
182,4,166,1023,165,244,0,0,0,0,0,0
183,4,167,493,166,546,0,0,0,0,0,0
184,4,168,1224,167,1223,0,0,0,0,0,0
185,3,169,168,539,0,0,0,0,0,0,0
186,4,170,654,169,653,0,0,0,0,0,0
187,3,171,1077,170,0,0,0,0,0,0,0
188,4,172,286,171,285,0,0,0,0,0,0
189,3,173,1063,172,0,0,0,0,0,0,0
190,3,175,671,174,0,0,0,0,0,0,0
191,4,176,911,175,910,0,0,0,0,0,0
192,2,177,176,0,0,0,0,0,0,0,0
193,3,178,809,177,0,0,0,0,0,0,0
194,4,180,454,179,453,0,0,0,0,0,0
195,3,181,180,1101,0,0,0,0,0,0,0
196,2,183,182,0,0,0,0,0,0,0,0
197,2,184,183,0,0,0,0,0,0,0,0
198,4,185,1402,184,1401,0,0,0,0,0,0
199,3,186,997,185,0,0,0,0,0,0,0
200,4,187,777,186,776,0,0,0,0,0,0
201,2,188,187,0,0,0,0,0,0,0,0
202,3,189,1025,188,0,0,0,0,0,0,0
203,4,190,1325,189,1324,0,0,0,0,0,0
204,4,191,849,190,848,0,0,0,0,0,0
205,3,246,191,245,0,0,0,0,0,0,0
206,4,192,564,563,1426,0,0,0,0,0,0
207,2,193,192,0,0,0,0,0,0,0,0
208,4,1180,193,624,1179,0,0,0,0,0,0
209,2,195,194,0,0,0,0,0,0,0,0
210,2,196,195,0,0,0,0,0,0,0,0
211,2,197,196,0,0,0,0,0,0,0,0
212,4,198,773,197,772,0,0,0,0,0,0
213,4,200,1331,199,1330,0,0,0,0,0,0
214,3,201,200,1433,0,0,0,0,0,0,0
215,3,1130,201,1129,0,0,0,0,0,0,0
216,3,202,1590,1589,0,0,0,0,0,0,0
217,4,205,240,204,239,0,0,0,0,0,0
218,3,206,1379,205,0,0,0,0,0,0,0
219,3,207,549,206,0,0,0,0,0,0,0
220,3,311,207,310,0,0,0,0,0,0,0
221,6,208,941,1946,1968,940,1945,0,0,0,0
222,1,208,0,0,0,0,0,0,0,0,0
223,3,209,1734,1733,0,0,0,0,0,0,0
224,3,732,1437,209,0,0,0,0,0,0,0
225,3,210,696,695,0,0,0,0,0,0,0
226,3,1109,210,1108,0,0,0,0,0,0,0
227,6,211,298,1807,297,1806,1863,0,0,0,0
228,2,212,211,0,0,0,0,0,0,0,0
229,3,213,212,975,0,0,0,0,0,0,0
230,3,214,345,213,0,0,0,0,0,0,0
231,3,215,405,214,0,0,0,0,0,0,0
232,4,216,622,215,621,0,0,0,0,0,0
233,4,217,568,216,567,0,0,0,0,0,0
234,3,999,217,998,0,0,0,0,0,0,0
235,6,218,921,925,1052,572,762,0,0,0,0
236,2,219,218,0,0,0,0,0,0,0,0
237,3,220,219,232,0,0,0,0,0,0,0
238,3,1041,220,1040,0,0,0,0,0,0,0
239,4,221,1116,548,1115,0,0,0,0,0,0
240,4,222,336,221,335,0,0,0,0,0,0
241,4,223,281,222,280,0,0,0,0,0,0
242,4,224,1081,223,1080,0,0,0,0,0,0
243,4,225,739,224,738,0,0,0,0,0,0
244,4,1228,225,571,1227,0,0,0,0,0,0
245,3,226,475,474,0,0,0,0,0,0,0
246,3,227,1381,226,0,0,0,0,0,0,0
247,4,228,1067,227,1066,0,0,0,0,0,0
248,6,229,942,1944,1969,941,1943,0,0,0,0
249,1,229,0,0,0,0,0,0,0,0,0
250,3,230,759,758,0,0,0,0,0,0,0
251,3,231,1429,230,0,0,0,0,0,0,0
252,3,233,1417,1416,0,0,0,0,0,0,0
253,4,234,1363,233,1362,0,0,0,0,0,0
254,4,235,670,234,669,0,0,0,0,0,0
255,4,236,267,235,266,0,0,0,0,0,0
256,4,237,746,236,745,0,0,0,0,0,0
257,4,239,903,238,902,0,0,0,0,0,0
258,2,241,240,0,0,0,0,0,0,0,0
259,4,242,1342,241,1341,0,0,0,0,0,0
260,2,243,242,0,0,0,0,0,0,0,0
261,3,244,1476,1475,0,0,0,0,0,0,0
262,3,245,1457,1456,0,0,0,0,0,0,0
263,2,247,246,0,0,0,0,0,0,0,0
264,3,449,247,448,0,0,0,0,0,0,0
265,2,249,248,0,0,0,0,0,0,0,0
266,3,250,928,249,0,0,0,0,0,0,0
267,2,251,250,0,0,0,0,0,0,0,0
268,2,252,251,0,0,0,0,0,0,0,0
269,1,252,0,0,0,0,0,0,0,0,0
270,4,253,1376,1064,1375,0,0,0,0,0,0
271,4,335,1311,254,1310,0,0,0,0,0,0
272,3,255,770,981,0,0,0,0,0,0,0
273,2,256,255,0,0,0,0,0,0,0,0
274,2,257,256,0,0,0,0,0,0,0,0
275,2,258,257,0,0,0,0,0,0,0,0
276,2,259,258,0,0,0,0,0,0,0,0
277,4,260,1886,259,1887,0,0,0,0,0,0
278,6,261,517,1872,1880,260,1871,0,0,0,0
279,6,262,1874,1879,261,1443,1873,0,0,0,0
280,2,263,262,0,0,0,0,0,0,0,0
281,6,264,1876,1878,263,1219,1875,0,0,0,0
282,6,265,1777,1877,264,743,1844,0,0,0,0
283,6,1050,1843,265,874,1842,1845,0,0,0,0
284,3,553,267,552,0,0,0,0,0,0,0
285,3,268,1774,1775,0,0,0,0,0,0,0
286,2,269,268,0,0,0,0,0,0,0,0
287,2,270,269,0,0,0,0,0,0,0,0
288,4,271,270,516,862,0,0,0,0,0,0
289,2,272,271,0,0,0,0,0,0,0,0
290,2,273,272,0,0,0,0,0,0,0,0
291,2,274,273,0,0,0,0,0,0,0,0
292,2,275,274,0,0,0,0,0,0,0,0
293,2,545,275,0,0,0,0,0,0,0,0
294,6,276,293,1817,292,1816,1858,0,0,0,0
295,2,277,276,0,0,0,0,0,0,0,0
296,4,278,1095,277,1094,0,0,0,0,0,0
297,4,279,1216,278,1215,0,0,0,0,0,0
298,4,280,672,279,483,0,0,0,0,0,0
299,2,282,281,0,0,0,0,0,0,0,0
300,4,283,1312,282,1311,0,0,0,0,0,0
301,4,285,1337,284,1376,0,0,0,0,0,0
302,3,1472,286,1471,0,0,0,0,0,0,0
303,1,287,0,0,0,0,0,0,0,0,0
304,4,288,542,287,541,0,0,0,0,0,0
305,2,288,1435,0,0,0,0,0,0,0,0
306,3,1591,289,1590,0,0,0,0,0,0,0
307,3,1454,290,1453,0,0,0,0,0,0,0
308,6,292,499,1819,291,1818,1857,0,0,0,0
309,6,294,1815,293,1084,1814,1859,0,0,0,0
310,6,295,735,1813,294,1812,1860,0,0,0,0
311,6,296,1031,1811,295,1810,1861,0,0,0,0
312,6,297,1809,296,688,1808,1862,0,0,0,0
313,6,299,1805,298,808,1804,1864,0,0,0,0
314,6,300,1803,299,930,1802,1865,0,0,0,0
315,5,301,1178,1801,300,1866,0,0,0,0,0
316,3,302,301,755,0,0,0,0,0,0,0
317,3,303,302,402,0,0,0,0,0,0,0
318,3,304,1137,303,0,0,0,0,0,0,0
319,3,305,304,1418,0,0,0,0,0,0,0
320,3,306,1360,305,0,0,0,0,0,0,0
321,3,307,306,748,0,0,0,0,0,0,0
322,2,308,307,0,0,0,0,0,0,0,0
323,3,310,309,904,0,0,0,0,0,0,0
324,3,312,311,1318,0,0,0,0,0,0,0
325,2,313,312,0,0,0,0,0,0,0,0
326,3,314,313,471,0,0,0,0,0,0,0
327,3,315,1232,314,0,0,0,0,0,0,0
328,3,316,1367,315,0,0,0,0,0,0,0
329,3,317,758,316,0,0,0,0,0,0,0
330,2,318,317,0,0,0,0,0,0,0,0
331,6,319,1960,1961,318,492,1959,0,0,0,0
332,2,320,319,0,0,0,0,0,0,0,0
333,3,321,320,1428,0,0,0,0,0,0,0
334,6,322,403,1958,1962,321,1957,0,0,0,0
335,2,323,322,0,0,0,0,0,0,0,0
336,2,324,323,0,0,0,0,0,0,0,0
337,2,325,324,0,0,0,0,0,0,0,0
338,6,434,933,1956,1963,325,1955,0,0,0,0
339,3,326,488,487,0,0,0,0,0,0,0
340,3,327,326,1121,0,0,0,0,0,0,0
341,3,328,327,574,0,0,0,0,0,0,0
342,4,329,1427,328,847,0,0,0,0,0,0
343,4,330,1449,329,404,0,0,0,0,0,0
344,3,331,330,763,0,0,0,0,0,0,0
345,4,332,1230,331,1229,0,0,0,0,0,0
346,4,333,1366,332,1365,0,0,0,0,0,0
347,3,438,334,437,0,0,0,0,0,0,0
348,4,337,483,336,482,0,0,0,0,0,0
349,4,1215,337,500,1214,0,0,0,0,0,0
350,3,338,616,615,0,0,0,0,0,0,0
351,3,448,339,447,0,0,0,0,0,0,0
352,3,342,772,341,0,0,0,0,0,0,0
353,4,343,1332,342,1331,0,0,0,0,0,0
354,4,344,1131,343,1130,0,0,0,0,0,0
355,3,663,344,662,0,0,0,0,0,0,0
356,4,346,808,345,807,0,0,0,0,0,0
357,4,347,930,346,929,0,0,0,0,0,0
358,4,348,1179,347,1178,0,0,0,0,0,0
359,2,349,348,0,0,0,0,0,0,0,0
360,2,350,349,0,0,0,0,0,0,0,0
361,2,351,350,0,0,0,0,0,0,0,0
362,2,352,351,0,0,0,0,0,0,0,0
363,2,353,352,0,0,0,0,0,0,0,0
364,1,353,0,0,0,0,0,0,0,0,0
365,3,354,1106,982,0,0,0,0,0,0,0
366,2,355,354,0,0,0,0,0,0,0,0
367,2,356,355,0,0,0,0,0,0,0,0
368,3,357,1170,356,0,0,0,0,0,0,0
369,3,358,357,1422,0,0,0,0,0,0,0
370,2,359,358,0,0,0,0,0,0,0,0
371,2,360,359,0,0,0,0,0,0,0,0
372,2,361,360,0,0,0,0,0,0,0,0
373,2,362,361,0,0,0,0,0,0,0,0
374,3,363,362,928,0,0,0,0,0,0,0
375,2,364,363,0,0,0,0,0,0,0,0
376,2,365,364,0,0,0,0,0,0,0,0
377,2,366,365,0,0,0,0,0,0,0,0
378,2,367,366,0,0,0,0,0,0,0,0
379,2,368,367,0,0,0,0,0,0,0,0
380,2,369,368,0,0,0,0,0,0,0,0
381,2,370,369,0,0,0,0,0,0,0,0
382,3,371,983,370,0,0,0,0,0,0,0
383,3,372,1175,371,0,0,0,0,0,0,0
384,3,373,931,372,0,0,0,0,0,0,0
385,3,374,1444,373,0,0,0,0,0,0,0
386,2,375,374,0,0,0,0,0,0,0,0
387,3,376,1386,375,0,0,0,0,0,0,0
388,2,377,376,0,0,0,0,0,0,0,0
389,3,378,1234,377,0,0,0,0,0,0,0
390,2,379,378,0,0,0,0,0,0,0,0
391,2,381,380,0,0,0,0,0,0,0,0
392,2,382,381,0,0,0,0,0,0,0,0
393,2,383,382,0,0,0,0,0,0,0,0
394,2,384,383,0,0,0,0,0,0,0,0
395,1,-1,0,0,0,0,0,0,0,0,0
396,2,386,385,0,0,0,0,0,0,0,0
397,1,-1,0,0,0,0,0,0,0,0,0
398,1,-1,0,0,0,0,0,0,0,0,0
399,1,-1,0,0,0,0,0,0,0,0,0
400,1,-1,0,0,0,0,0,0,0,0,0
401,1,-1,0,0,0,0,0,0,0,0,0
402,1,-1,0,0,0,0,0,0,0,0,0
403,1,-1,0,0,0,0,0,0,0,0,0
404,1,-1,0,0,0,0,0,0,0,0,0
405,1,394,0,0,0,0,0,0,0,0,0
406,3,395,394,1230,0,0,0,0,0,0,0
407,4,396,404,395,403,0,0,0,0,0,0
408,4,397,1428,396,1427,0,0,0,0,0,0
409,3,491,397,490,0,0,0,0,0,0,0
410,3,398,1583,1582,0,0,0,0,0,0,0
411,4,400,399,926,1090,0,0,0,0,0,0
412,4,401,558,400,557,0,0,0,0,0,0
413,3,402,401,617,0,0,0,0,0,0,0
414,4,406,686,405,685,0,0,0,0,0,0
415,4,1033,406,544,1032,0,0,0,0,0,0
416,3,407,1212,1211,0,0,0,0,0,0,0
417,3,792,407,791,0,0,0,0,0,0,0
418,4,408,440,814,439,0,0,0,0,0,0
419,2,801,408,0,0,0,0,0,0,0,0
420,3,409,427,732,0,0,0,0,0,0,0
421,3,410,530,409,0,0,0,0,0,0,0
422,3,411,1448,410,0,0,0,0,0,0,0
423,2,412,411,0,0,0,0,0,0,0,0
424,2,413,412,0,0,0,0,0,0,0,0
425,2,414,413,0,0,0,0,0,0,0,0
426,2,415,414,0,0,0,0,0,0,0,0
427,2,416,415,0,0,0,0,0,0,0,0
428,3,417,416,1448,0,0,0,0,0,0,0
429,2,418,417,0,0,0,0,0,0,0,0
430,1,-1,0,0,0,0,0,0,0,0,0
431,1,-1,0,0,0,0,0,0,0,0,0
432,1,-1,0,0,0,0,0,0,0,0,0
433,1,-1,0,0,0,0,0,0,0,0,0
434,1,-1,0,0,0,0,0,0,0,0,0
435,1,-1,0,0,0,0,0,0,0,0,0
436,2,425,424,0,0,0,0,0,0,0,0
437,2,426,425,0,0,0,0,0,0,0,0
438,2,427,426,0,0,0,0,0,0,0,0
439,3,428,1051,1050,0,0,0,0,0,0,0
440,2,429,428,0,0,0,0,0,0,0,0
441,2,430,429,0,0,0,0,0,0,0,0
442,2,431,430,0,0,0,0,0,0,0,0
443,3,432,642,641,0,0,0,0,0,0,0
444,3,433,432,540,0,0,0,0,0,0,0
445,5,594,1881,433,593,1885,0,0,0,0,0
446,2,435,434,0,0,0,0,0,0,0,0
447,2,436,435,0,0,0,0,0,0,0,0
448,2,437,436,0,0,0,0,0,0,0,0
449,3,439,438,781,0,0,0,0,0,0,0
450,3,1142,440,829,0,0,0,0,0,0,0
451,4,443,666,442,665,0,0,0,0,0,0
452,2,444,443,0,0,0,0,0,0,0,0
453,2,445,444,0,0,0,0,0,0,0,0
454,2,446,445,0,0,0,0,0,0,0,0
455,2,447,446,0,0,0,0,0,0,0,0
456,3,450,1123,449,0,0,0,0,0,0,0
457,4,451,850,450,849,0,0,0,0,0,0
458,3,1326,451,1325,0,0,0,0,0,0,0
459,3,452,1210,1209,0,0,0,0,0,0,0
460,3,791,452,790,0,0,0,0,0,0,0
461,3,453,1467,1466,0,0,0,0,0,0,0
462,4,455,750,454,749,0,0,0,0,0,0
463,4,456,536,455,535,0,0,0,0,0,0
464,4,457,1371,1377,456,0,0,0,0,0,0
465,4,458,783,457,1120,0,0,0,0,0,0
466,3,459,1306,458,0,0,0,0,0,0,0
467,4,460,698,459,697,0,0,0,0,0,0
468,3,461,460,1122,0,0,0,0,0,0,0
469,4,462,479,461,478,0,0,0,0,0,0
470,4,463,733,462,1136,0,0,0,0,0,0
471,4,464,1105,463,1104,0,0,0,0,0,0
472,3,465,1446,1445,0,0,0,0,0,0,0
473,3,466,465,932,0,0,0,0,0,0,0
474,4,467,1177,466,1176,0,0,0,0,0,0
475,3,985,467,984,0,0,0,0,0,0,0
476,3,468,572,1370,0,0,0,0,0,0,0
477,3,469,468,1352,0,0,0,0,0,0,0
478,2,470,469,0,0,0,0,0,0,0,0
479,2,471,470,0,0,0,0,0,0,0,0
480,3,472,1001,1000,0,0,0,0,0,0,0
481,3,473,472,1049,0,0,0,0,0,0,0
482,3,474,473,731,0,0,0,0,0,0,0
483,3,476,1315,475,0,0,0,0,0,0,0
484,4,478,1070,477,973,0,0,0,0,0,0
485,4,481,917,480,916,0,0,0,0,0,0
486,4,482,1115,481,1114,0,0,0,0,0,0
487,1,-1,0,0,0,0,0,0,0,0,0
488,1,-1,0,0,0,0,0,0,0,0,0
489,3,486,485,821,0,0,0,0,0,0,0
490,3,490,1038,489,0,0,0,0,0,0,0
491,2,492,491,0,0,0,0,0,0,0,0
492,4,494,1037,493,1036,0,0,0,0,0,0
493,3,571,494,570,0,0,0,0,0,0,0
494,4,495,563,562,1221,0,0,0,0,0,0
495,2,496,495,0,0,0,0,0,0,0,0
496,2,497,496,0,0,0,0,0,0,0,0
497,4,617,755,497,754,0,0,0,0,0,0
498,3,498,1593,1592,0,0,0,0,0,0,0
499,3,500,499,1095,0,0,0,0,0,0,0
500,3,501,1323,1322,0,0,0,0,0,0,0
501,3,1184,501,1183,0,0,0,0,0,0,0
502,2,502,1413,0,0,0,0,0,0,0,0
503,2,503,502,0,0,0,0,0,0,0,0
504,3,1775,503,1776,0,0,0,0,0,0,0
505,3,504,1156,1155,0,0,0,0,0,0,0
506,6,956,1924,1979,504,955,1923,0,0,0,0
507,3,505,702,701,0,0,0,0,0,0,0
508,3,506,1319,505,0,0,0,0,0,0,0
509,6,947,1936,1973,506,946,1935,0,0,0,0
510,3,507,695,694,0,0,0,0,0,0,0
511,2,508,507,0,0,0,0,0,0,0,0
512,3,509,508,1159,0,0,0,0,0,0,0
513,2,510,509,0,0,0,0,0,0,0,0
514,3,511,510,1188,0,0,0,0,0,0,0
515,4,512,870,511,869,0,0,0,0,0,0
516,3,514,1776,1744,0,0,0,0,0,0,0
517,2,515,514,0,0,0,0,0,0,0,0
518,2,516,515,0,0,0,0,0,0,0,0
519,3,518,1107,517,0,0,0,0,0,0,0
520,3,981,518,980,0,0,0,0,0,0,0
521,2,519,610,0,0,0,0,0,0,0,0
522,3,520,519,1320,0,0,0,0,0,0,0
523,2,521,520,0,0,0,0,0,0,0,0
524,3,1419,521,702,0,0,0,0,0,0,0
525,6,522,938,1950,1966,937,1949,0,0,0,0
526,1,522,0,0,0,0,0,0,0,0,0
527,1,-1,0,0,0,0,0,0,0,0,0
528,1,-1,0,0,0,0,0,0,0,0,0
529,1,-1,0,0,0,0,0,0,0,0,0
530,1,-1,0,0,0,0,0,0,0,0,0
531,1,-1,0,0,0,0,0,0,0,0,0
532,1,-1,0,0,0,0,0,0,0,0,0
533,1,-1,0,0,0,0,0,0,0,0,0
534,1,-1,0,0,0,0,0,0,0,0,0
535,2,531,530,0,0,0,0,0,0,0,0
536,2,532,531,0,0,0,0,0,0,0,0
537,3,533,912,911,0,0,0,0,0,0,0
538,3,534,533,809,0,0,0,0,0,0,0
539,4,537,1099,536,1098,0,0,0,0,0,0
540,3,538,1698,1697,0,0,0,0,0,0,0
541,3,1602,538,1601,0,0,0,0,0,0,0
542,3,539,1340,1339,0,0,0,0,0,0,0
543,3,540,1195,1194,0,0,0,0,0,0,0
544,3,541,1595,1594,0,0,0,0,0,0,0
545,2,542,990,0,0,0,0,0,0,0,0
546,3,543,1392,1391,0,0,0,0,0,0,0
547,3,798,543,797,0,0,0,0,0,0,0
548,4,544,737,736,1218,0,0,0,0,0,0
549,3,1771,545,1772,0,0,0,0,0,0,0
550,3,546,1475,1474,0,0,0,0,0,0,0
551,4,548,916,547,915,0,0,0,0,0,0
552,4,550,904,549,903,0,0,0,0,0,0
553,4,552,747,551,746,0,0,0,0,0,0
554,3,554,553,670,0,0,0,0,0,0,0
555,4,555,1362,554,1361,0,0,0,0,0,0
556,4,556,1418,555,1417,0,0,0,0,0,0
557,4,557,1139,556,1138,0,0,0,0,0,0
558,3,559,558,1146,0,0,0,0,0,0,0
559,3,560,559,1044,0,0,0,0,0,0,0
560,3,561,754,560,0,0,0,0,0,0,0
561,3,562,561,1349,0,0,0,0,0,0,0
562,4,565,1181,564,1180,0,0,0,0,0,0
563,3,567,806,566,0,0,0,0,0,0,0
564,4,569,684,568,683,0,0,0,0,0,0
565,3,570,569,1024,0,0,0,0,0,0,0
566,3,573,630,629,0,0,0,0,0,0,0
567,3,601,573,600,0,0,0,0,0,0,0
568,3,574,820,819,0,0,0,0,0,0,0
569,5,819,846,575,818,1450,0,0,0,0,0
570,1,576,0,0,0,0,0,0,0,0,0
571,2,580,579,0,0,0,0,0,0,0,0
572,2,581,580,0,0,0,0,0,0,0,0
573,2,582,581,0,0,0,0,0,0,0,0
574,2,583,582,0,0,0,0,0,0,0,0
575,2,584,583,0,0,0,0,0,0,0,0
576,2,585,584,0,0,0,0,0,0,0,0
577,2,586,585,0,0,0,0,0,0,0,0
578,3,1186,586,876,0,0,0,0,0,0,0
579,3,587,647,646,0,0,0,0,0,0,0
580,2,588,587,0,0,0,0,0,0,0,0
581,2,589,588,0,0,0,0,0,0,0,0
582,2,590,589,0,0,0,0,0,0,0,0
583,2,591,590,0,0,0,0,0,0,0,0
584,3,592,1194,591,0,0,0,0,0,0,0
585,2,593,592,0,0,0,0,0,0,0,0
586,3,595,1353,594,0,0,0,0,0,0,0
587,5,596,1884,595,1222,1883,0,0,0,0,0
588,3,597,596,839,0,0,0,0,0,0,0
589,2,598,597,0,0,0,0,0,0,0,0
590,2,599,598,0,0,0,0,0,0,0,0
591,3,600,599,1424,0,0,0,0,0,0,0
592,2,602,601,0,0,0,0,0,0,0,0
593,2,603,602,0,0,0,0,0,0,0,0
594,2,604,603,0,0,0,0,0,0,0,0
595,2,605,604,0,0,0,0,0,0,0,0
596,2,606,605,0,0,0,0,0,0,0,0
597,2,607,606,0,0,0,0,0,0,0,0
598,4,628,607,770,1699,0,0,0,0,0,0
599,6,608,949,1934,1974,948,1933,0,0,0,0
600,3,609,626,608,0,0,0,0,0,0,0
601,2,610,609,0,0,0,0,0,0,0,0
602,3,611,658,1441,0,0,0,0,0,0,0
603,3,612,869,611,0,0,0,0,0,0,0
604,4,615,664,614,663,0,0,0,0,0,0
605,4,1129,616,860,1128,0,0,0,0,0,0
606,3,618,1380,1379,0,0,0,0,0,0,0
607,4,619,1343,618,1342,0,0,0,0,0,0
608,3,1054,619,1053,0,0,0,0,0,0,0
609,4,620,704,1033,1228,0,0,0,0,0,0
610,4,621,685,620,684,0,0,0,0,0,0
611,4,623,807,622,806,0,0,0,0,0,0
612,4,625,918,734,917,0,0,0,0,0,0
613,4,1114,1214,625,1113,0,0,0,0,0,0
614,2,627,626,0,0,0,0,0,0,0,0
615,2,1399,627,0,0,0,0,0,0,0,0
616,2,629,628,0,0,0,0,0,0,0,0
617,2,631,630,0,0,0,0,0,0,0,0
618,3,632,1423,631,0,0,0,0,0,0,0
619,2,633,632,0,0,0,0,0,0,0,0
620,3,634,838,633,0,0,0,0,0,0,0
621,3,635,1004,634,0,0,0,0,0,0,0
622,2,636,635,0,0,0,0,0,0,0,0
623,2,637,636,0,0,0,0,0,0,0,0
624,2,638,637,0,0,0,0,0,0,0,0
625,2,639,638,0,0,0,0,0,0,0,0
626,2,640,639,0,0,0,0,0,0,0,0
627,2,641,640,0,0,0,0,0,0,0,0
628,3,643,642,1195,0,0,0,0,0,0,0
629,2,644,643,0,0,0,0,0,0,0,0
630,2,645,644,0,0,0,0,0,0,0,0
631,2,646,645,0,0,0,0,0,0,0,0
632,2,648,647,0,0,0,0,0,0,0,0
633,2,649,648,0,0,0,0,0,0,0,0
634,2,650,649,0,0,0,0,0,0,0,0
635,2,651,650,0,0,0,0,0,0,0,0
636,2,652,651,0,0,0,0,0,0,0,0
637,4,1725,652,1724,1737,0,0,0,0,0,0
638,3,653,1473,1472,0,0,0,0,0,0,0
639,2,655,654,0,0,0,0,0,0,0,0
640,2,656,655,0,0,0,0,0,0,0,0
641,4,1339,656,741,1338,0,0,0,0,0,0
642,3,657,875,927,0,0,0,0,0,0,0
643,3,658,657,1149,0,0,0,0,0,0,0
644,3,659,1305,1304,0,0,0,0,0,0,0
645,3,779,659,778,0,0,0,0,0,0,0
646,3,661,660,1400,0,0,0,0,0,0,0
647,4,662,691,661,690,0,0,0,0,0,0
648,2,667,666,0,0,0,0,0,0,0,0
649,2,668,667,0,0,0,0,0,0,0,0
650,3,1456,668,1455,0,0,0,0,0,0,0
651,3,1374,671,1373,0,0,0,0,0,0,0
652,4,703,1082,672,1081,0,0,0,0,0,0
653,3,673,1695,1694,0,0,0,0,0,0,0
654,3,1606,673,1605,0,0,0,0,0,0,0
655,3,674,1460,1459,0,0,0,0,0,0,0
656,2,675,674,0,0,0,0,0,0,0,0
657,2,676,675,0,0,0,0,0,0,0,0
658,1,-1,0,0,0,0,0,0,0,0,0
659,1,-1,0,0,0,0,0,0,0,0,0
660,1,-1,0,0,0,0,0,0,0,0,0
661,1,-1,0,0,0,0,0,0,0,0,0
662,2,681,680,0,0,0,0,0,0,0,0
663,2,682,681,0,0,0,0,0,0,0,0
664,2,878,682,0,0,0,0,0,0,0,0
665,3,683,1321,999,0,0,0,0,0,0,0
666,3,687,975,686,0,0,0,0,0,0,0
667,3,688,1091,687,0,0,0,0,0,0,0
668,4,689,1000,1333,1332,0,0,0,0,0,0
669,4,690,1132,689,1131,0,0,0,0,0,0
670,4,694,871,693,870,0,0,0,0,0,0
671,2,979,696,0,0,0,0,0,0,0,0
672,4,697,877,1096,1071,0,0,0,0,0,0
673,3,699,1391,1390,0,0,0,0,0,0,0
674,3,797,699,796,0,0,0,0,0,0,0
675,2,700,1408,0,0,0,0,0,0,0,0
676,2,701,700,0,0,0,0,0,0,0,0
677,4,704,738,703,737,0,0,0,0,0,0
678,3,705,1208,1207,0,0,0,0,0,0,0
679,3,788,705,787,0,0,0,0,0,0,0
680,3,706,1282,1281,0,0,0,0,0,0,0
681,1,-1,0,0,0,0,0,0,0,0,0
682,1,-1,0,0,0,0,0,0,0,0,0
683,1,-1,0,0,0,0,0,0,0,0,0
684,1,-1,0,0,0,0,0,0,0,0,0
685,1,-1,0,0,0,0,0,0,0,0,0
686,1,-1,0,0,0,0,0,0,0,0,0
687,1,-1,0,0,0,0,0,0,0,0,0
688,1,-1,0,0,0,0,0,0,0,0,0
689,1,-1,0,0,0,0,0,0,0,0,0
690,1,-1,0,0,0,0,0,0,0,0,0
691,1,-1,0,0,0,0,0,0,0,0,0
692,1,-1,0,0,0,0,0,0,0,0,0
693,1,-1,0,0,0,0,0,0,0,0,0
694,1,-1,0,0,0,0,0,0,0,0,0
695,1,-1,0,0,0,0,0,0,0,0,0
696,1,-1,0,0,0,0,0,0,0,0,0
697,1,-1,0,0,0,0,0,0,0,0,0
698,1,-1,0,0,0,0,0,0,0,0,0
699,1,-1,0,0,0,0,0,0,0,0,0
700,1,-1,0,0,0,0,0,0,0,0,0
701,1,-1,0,0,0,0,0,0,0,0,0
702,1,-1,0,0,0,0,0,0,0,0,0
703,1,-1,0,0,0,0,0,0,0,0,0
704,1,-1,0,0,0,0,0,0,0,0,0
705,1,-1,0,0,0,0,0,0,0,0,0
706,4,736,1093,735,1092,0,0,0,0,0,0
707,4,740,1314,739,1313,0,0,0,0,0,0
708,4,741,813,740,812,0,0,0,0,0,0
709,3,742,1111,1110,0,0,0,0,0,0,0
710,3,743,1436,742,0,0,0,0,0,0,0
711,3,744,1588,1587,0,0,0,0,0,0,0
712,3,748,1076,747,0,0,0,0,0,0,0
713,3,749,1100,1099,0,0,0,0,0,0,0
714,3,751,1686,1685,0,0,0,0,0,0,0
715,3,752,1356,751,0,0,0,0,0,0,0
716,2,753,752,0,0,0,0,0,0,0,0
717,3,1359,753,1358,0,0,0,0,0,0,0
718,3,1101,756,1100,0,0,0,0,0,0,0
719,5,757,962,1920,961,1919,0,0,0,0,0
720,3,1617,757,1616,0,0,0,0,0,0,0
721,2,761,760,0,0,0,0,0,0,0,0
722,2,762,761,0,0,0,0,0,0,0,0
723,3,763,818,817,0,0,0,0,0,0,0
724,6,765,1839,764,1193,1838,1847,0,0,0,0
725,3,766,859,858,0,0,0,0,0,0,0
726,2,767,766,0,0,0,0,0,0,0,0
727,2,768,767,0,0,0,0,0,0,0,0
728,2,769,768,0,0,0,0,0,0,0,0
729,3,771,1197,1196,0,0,0,0,0,0,0
730,3,1206,771,1205,0,0,0,0,0,0,0
731,3,774,773,779,0,0,0,0,0,0,0
732,3,775,852,774,0,0,0,0,0,0,0
733,3,776,775,1305,0,0,0,0,0,0,0
734,3,1461,777,1460,0,0,0,0,0,0,0
735,3,778,1405,1404,0,0,0,0,0,0,0
736,6,780,936,1954,1964,935,1953,0,0,0,0
737,2,781,780,0,0,0,0,0,0,0,0
738,3,782,1022,1158,0,0,0,0,0,0,0
739,6,958,1922,1980,782,957,1921,0,0,0,0
740,4,784,1097,783,1096,0,0,0,0,0,0
741,3,786,1984,1447,0,0,0,0,0,0,0
742,3,787,786,822,0,0,0,0,0,0,0
743,2,789,788,0,0,0,0,0,0,0,0
744,2,793,792,0,0,0,0,0,0,0,0
745,3,794,793,1351,0,0,0,0,0,0,0
746,3,795,794,1055,0,0,0,0,0,0,0
747,2,796,795,0,0,0,0,0,0,0,0
748,2,799,798,0,0,0,0,0,0,0,0
749,2,800,799,0,0,0,0,0,0,0,0
750,3,1393,800,1392,0,0,0,0,0,0,0
751,2,802,801,0,0,0,0,0,0,0,0
752,2,803,802,0,0,0,0,0,0,0,0
753,2,804,803,0,0,0,0,0,0,0,0
754,1,804,0,0,0,0,0,0,0,0,0
755,2,805,909,0,0,0,0,0,0,0,0
756,4,811,1079,810,1078,0,0,0,0,0,0
757,2,812,811,0,0,0,0,0,0,0,0
758,4,1226,813,1037,1225,0,0,0,0,0,0
759,3,816,1365,815,0,0,0,0,0,0,0
760,3,817,1229,816,0,0,0,0,0,0,0
761,3,821,1121,820,0,0,0,0,0,0,0
762,3,822,1447,1446,0,0,0,0,0,0,0
763,3,823,1703,1702,0,0,0,0,0,0,0
764,2,824,823,0,0,0,0,0,0,0,0
765,2,825,824,0,0,0,0,0,0,0,0
766,2,826,825,0,0,0,0,0,0,0,0
767,1,826,0,0,0,0,0,0,0,0,0
768,3,827,1597,1596,0,0,0,0,0,0,0
769,2,828,827,0,0,0,0,0,0,0,0
770,2,829,828,0,0,0,0,0,0,0,0
771,3,830,1029,1028,0,0,0,0,0,0,0
772,2,831,830,0,0,0,0,0,0,0,0
773,4,833,835,832,834,0,0,0,0,0,0
774,4,836,973,1136,1069,0,0,0,0,0,0
775,3,837,836,1105,0,0,0,0,0,0,0
776,4,839,1073,838,1072,0,0,0,0,0,0
777,3,840,984,983,0,0,0,0,0,0,0
778,4,841,1176,840,1175,0,0,0,0,0,0
779,4,842,932,841,931,0,0,0,0,0,0
780,1,842,0,0,0,0,0,0,0,0,0
781,2,844,843,0,0,0,0,0,0,0,0
782,2,845,844,0,0,0,0,0,0,0,0
783,2,1238,845,0,0,0,0,0,0,0,0
784,2,847,846,0,0,0,0,0,0,0,0
785,3,848,1458,1457,0,0,0,0,0,0,0
786,2,851,850,0,0,0,0,0,0,0,0
787,3,1328,851,1327,0,0,0,0,0,0,0
788,2,853,852,0,0,0,0,0,0,0,0
789,3,854,1173,853,0,0,0,0,0,0,0
790,2,855,854,0,0,0,0,0,0,0,0
791,3,1026,855,1025,0,0,0,0,0,0,0
792,3,856,1432,1431,0,0,0,0,0,0,0
793,2,857,856,0,0,0,0,0,0,0,0
794,2,858,857,0,0,0,0,0,0,0,0
795,2,860,859,0,0,0,0,0,0,0,0
796,3,861,1772,1773,0,0,0,0,0,0,0
797,2,862,861,0,0,0,0,0,0,0,0
798,3,863,1452,1451,0,0,0,0,0,0,0
799,2,864,863,0,0,0,0,0,0,0,0
800,2,865,864,0,0,0,0,0,0,0,0
801,2,866,865,0,0,0,0,0,0,0,0
802,2,867,866,0,0,0,0,0,0,0,0
803,2,868,867,0,0,0,0,0,0,0,0
804,3,1453,868,1452,0,0,0,0,0,0,0
805,3,872,871,1111,0,0,0,0,0,0,0
806,3,874,873,1436,0,0,0,0,0,0,0
807,2,876,875,0,0,0,0,0,0,0,0
808,2,879,878,0,0,0,0,0,0,0,0
809,2,880,879,0,0,0,0,0,0,0,0
810,2,881,880,0,0,0,0,0,0,0,0
811,2,882,881,0,0,0,0,0,0,0,0
812,1,-1,0,0,0,0,0,0,0,0,0
813,1,-1,0,0,0,0,0,0,0,0,0
814,1,-1,0,0,0,0,0,0,0,0,0
815,1,-1,0,0,0,0,0,0,0,0,0
816,1,-1,0,0,0,0,0,0,0,0,0
817,1,-1,0,0,0,0,0,0,0,0,0
818,1,-1,0,0,0,0,0,0,0,0,0
819,1,-1,0,0,0,0,0,0,0,0,0
820,1,-1,0,0,0,0,0,0,0,0,0
821,1,-1,0,0,0,0,0,0,0,0,0
822,1,-1,0,0,0,0,0,0,0,0,0
823,1,-1,0,0,0,0,0,0,0,0,0
824,1,-1,0,0,0,0,0,0,0,0,0
825,1,-1,0,0,0,0,0,0,0,0,0
826,1,-1,0,0,0,0,0,0,0,0,0
827,1,-1,0,0,0,0,0,0,0,0,0
828,1,-1,0,0,0,0,0,0,0,0,0
829,1,-1,0,0,0,0,0,0,0,0,0
830,1,-1,0,0,0,0,0,0,0,0,0
831,1,-1,0,0,0,0,0,0,0,0,0
832,6,905,940,1948,1967,939,1947,0,0,0,0
833,2,907,906,0,0,0,0,0,0,0,0
834,2,908,907,0,0,0,0,0,0,0,0
835,2,909,908,0,0,0,0,0,0,0,0
836,3,910,1470,1469,0,0,0,0,0,0,0
837,4,913,1373,912,1372,0,0,0,0,0,0
838,4,914,1119,913,1118,0,0,0,0,0,0
839,4,915,1308,914,1307,0,0,0,0,0,0
840,4,919,1103,918,1102,0,0,0,0,0,0
841,3,920,1389,1388,0,0,0,0,0,0,0
842,3,1351,920,1350,0,0,0,0,0,0,0
843,2,922,921,0,0,0,0,0,0,0,0
844,4,923,1352,922,1344,0,0,0,0,0,0
845,2,924,923,0,0,0,0,0,0,0,0
846,3,1318,924,1317,0,0,0,0,0,0,0
847,3,926,1140,1139,0,0,0,0,0,0,0
848,2,934,933,0,0,0,0,0,0,0,0
849,2,935,934,0,0,0,0,0,0,0,0
850,6,937,1952,1965,936,1003,1951,0,0,0,0
851,2,939,938,0,0,0,0,0,0,0,0
852,6,944,1056,1940,1971,943,1939,0,0,0,0
853,2,945,944,0,0,0,0,0,0,0,0
854,6,946,1938,1972,945,1231,1937,0,0,0,0
855,2,948,947,0,0,0,0,0,0,0,0
856,2,950,949,0,0,0,0,0,0,0,0
857,2,951,950,0,0,0,0,0,0,0,0
858,6,952,1932,1975,951,1687,1931,0,0,0,0
859,6,953,1163,1930,1976,952,1929,0,0,0,0
860,6,954,1928,1977,953,1169,1927,0,0,0,0
861,6,955,1926,1978,954,1359,1925,0,0,0,0
862,2,957,956,0,0,0,0,0,0,0,0
863,2,959,958,0,0,0,0,0,0,0,0
864,2,960,959,0,0,0,0,0,0,0,0
865,2,961,960,0,0,0,0,0,0,0,0
866,2,963,962,0,0,0,0,0,0,0,0
867,2,964,963,0,0,0,0,0,0,0,0
868,2,965,964,0,0,0,0,0,0,0,0
869,2,966,965,0,0,0,0,0,0,0,0
870,2,967,966,0,0,0,0,0,0,0,0
871,6,968,982,1918,1981,967,1917,0,0,0,0
872,2,969,968,0,0,0,0,0,0,0,0
873,6,970,1916,1982,969,1171,1915,0,0,0,0
874,5,971,1913,1914,1983,970,0,0,0,0,0
875,2,972,971,0,0,0,0,0,0,0,0
876,3,1594,974,1593,0,0,0,0,0,0,0
877,3,976,1406,1405,0,0,0,0,0,0,0
878,2,977,976,0,0,0,0,0,0,0,0
879,2,978,977,0,0,0,0,0,0,0,0
880,3,980,1442,979,0,0,0,0,0,0,0
881,1,985,0,0,0,0,0,0,0,0,0
882,2,987,986,0,0,0,0,0,0,0,0
883,3,1584,987,1583,0,0,0,0,0,0,0
884,2,990,991,0,0,0,0,0,0,0,0
885,3,991,1596,1595,0,0,0,0,0,0,0
886,1,-1,0,0,0,0,0,0,0,0,0
887,1,-1,0,0,0,0,0,0,0,0,0
888,1,-1,0,0,0,0,0,0,0,0,0
889,1,-1,0,0,0,0,0,0,0,0,0
890,1,-1,0,0,0,0,0,0,0,0,0
891,3,1462,997,1461,0,0,0,0,0,0,0
892,3,998,1182,1181,0,0,0,0,0,0,0
893,1,1003,0,0,0,0,0,0,0,0,0
894,2,1005,1004,0,0,0,0,0,0,0,0
895,2,1006,1005,0,0,0,0,0,0,0,0
896,2,1007,1006,0,0,0,0,0,0,0,0
897,2,1008,1007,0,0,0,0,0,0,0,0
898,2,1009,1008,0,0,0,0,0,0,0,0
899,2,1010,1009,0,0,0,0,0,0,0,0
900,2,1011,1010,0,0,0,0,0,0,0,0
901,2,1012,1011,0,0,0,0,0,0,0,0
902,1,1012,0,0,0,0,0,0,0,0,0
903,1,-1,0,0,0,0,0,0,0,0,0
904,1,-1,0,0,0,0,0,0,0,0,0
905,1,-1,0,0,0,0,0,0,0,0,0
906,1,-1,0,0,0,0,0,0,0,0,0
907,1,-1,0,0,0,0,0,0,0,0,0
908,1,-1,0,0,0,0,0,0,0,0,0
909,3,1018,1612,1611,0,0,0,0,0,0,0
910,3,1019,1688,1018,0,0,0,0,0,0,0
911,2,1020,1019,0,0,0,0,0,0,0,0
912,2,1021,1020,0,0,0,0,0,0,0,0
913,2,1022,1021,0,0,0,0,0,0,0,0
914,4,1024,1036,1023,1035,0,0,0,0,0,0
915,2,1027,1026,0,0,0,0,0,0,0,0
916,2,1028,1027,0,0,0,0,0,0,0,0
917,2,1030,1029,0,0,0,0,0,0,0,0
918,3,1329,1030,1328,0,0,0,0,0,0,0
919,4,1032,1092,1031,1091,0,0,0,0,0,0
920,3,1404,1034,1403,0,0,0,0,0,0,0
921,3,1035,1322,1321,0,0,0,0,0,0,0
922,3,1039,1038,1429,0,0,0,0,0,0,0
923,3,1042,1057,1056,0,0,0,0,0,0,0
924,3,1231,1042,1062,0,0,0,0,0,0,0
925,4,1044,1089,1043,1088,0,0,0,0,0,0
926,2,1046,1045,0,0,0,0,0,0,0,0
927,2,1047,1046,0,0,0,0,0,0,0,0
928,2,1049,1048,0,0,0,0,0,0,0,0
929,3,1053,1052,1148,0,0,0,0,0,0,0
930,3,1055,1390,1389,0,0,0,0,0,0,0
931,2,1058,1057,0,0,0,0,0,0,0,0
932,2,1059,1058,0,0,0,0,0,0,0,0
933,2,1060,1059,0,0,0,0,0,0,0,0
934,2,1061,1060,0,0,0,0,0,0,0,0
935,2,1062,1061,0,0,0,0,0,0,0,0
936,3,1064,1141,1063,0,0,0,0,0,0,0
937,3,1065,1135,1134,0,0,0,0,0,0,0
938,4,1066,1336,1065,1335,0,0,0,0,0,0
939,4,1068,1316,1067,1315,0,0,0,0,0,0
940,3,1071,1122,1070,0,0,0,0,0,0,0
941,3,1072,1424,1423,0,0,0,0,0,0,0
942,2,1074,1073,0,0,0,0,0,0,0,0
943,2,1075,1074,0,0,0,0,0,0,0,0
944,3,1222,1075,1355,0,0,0,0,0,0,0
945,3,1361,1076,1360,0,0,0,0,0,0,0
946,4,1078,1338,1077,1337,0,0,0,0,0,0
947,4,1080,1313,1079,1312,0,0,0,0,0,0
948,4,1083,1217,1082,1216,0,0,0,0,0,0
949,4,1084,1094,1083,1093,0,0,0,0,0,0
950,3,1085,1183,1182,0,0,0,0,0,0,0
951,4,1086,1426,1085,1425,0,0,0,0,0,0
952,4,1087,1221,1086,1220,0,0,0,0,0,0
953,4,1088,1349,1087,1348,0,0,0,0,0,0
954,4,1090,1146,1089,1145,0,0,0,0,0,0
955,4,1098,1378,1097,1377,0,0,0,0,0,0
956,3,1102,1113,1112,0,0,0,0,0,0,0
957,3,1618,1106,1617,0,0,0,0,0,0,0
958,4,1108,1443,1107,1442,0,0,0,0,0,0
959,3,1110,1219,1109,0,0,0,0,0,0,0
960,4,1117,1309,1116,1308,0,0,0,0,0,0
961,2,1124,1123,0,0,0,0,0,0,0,0
962,2,1125,1124,0,0,0,0,0,0,0,0
963,2,1127,1126,0,0,0,0,0,0,0,0
964,2,1128,1127,0,0,0,0,0,0,0,0
965,4,1134,1384,1133,1383,0,0,0,0,0,0
966,2,1138,1137,0,0,0,0,0,0,0,0
967,2,1143,1142,0,0,0,0,0,0,0,0
968,3,1144,1143,1698,0,0,0,0,0,0,0
969,3,1598,1144,1597,0,0,0,0,0,0,0
970,3,1147,1317,1380,0,0,0,0,0,0,0
971,4,1148,1344,1147,1343,0,0,0,0,0,0
972,3,1149,1187,1186,0,0,0,0,0,0,0
973,3,1150,1357,1356,0,0,0,0,0,0,0
974,2,1151,1150,0,0,0,0,0,0,0,0
975,2,1152,1151,0,0,0,0,0,0,0,0
976,2,1153,1152,0,0,0,0,0,0,0,0
977,2,1154,1153,0,0,0,0,0,0,0,0
978,2,1155,1154,0,0,0,0,0,0,0,0
979,2,1157,1156,0,0,0,0,0,0,0,0
980,2,1158,1157,0,0,0,0,0,0,0,0
981,1,1159,0,0,0,0,0,0,0,0,0
982,2,1161,1160,0,0,0,0,0,0,0,0
983,2,1162,1161,0,0,0,0,0,0,0,0
984,3,1702,1162,1701,0,0,0,0,0,0,0
985,2,1164,1163,0,0,0,0,0,0,0,0
986,2,1165,1164,0,0,0,0,0,0,0,0
987,2,1166,1165,0,0,0,0,0,0,0,0
988,2,1167,1166,0,0,0,0,0,0,0,0
989,2,1168,1167,0,0,0,0,0,0,0,0
990,2,1169,1168,0,0,0,0,0,0,0,0
991,2,1171,1170,0,0,0,0,0,0,0,0
992,1,1172,0,0,0,0,0,0,0,0,0
993,3,1410,1172,1409,0,0,0,0,0,0,0
994,2,1174,1173,0,0,0,0,0,0,0,0
995,1,1177,0,0,0,0,0,0,0,0,0
996,3,1478,1185,1477,0,0,0,0,0,0,0
997,4,1188,1439,1187,1438,0,0,0,0,0,0
998,1,-1,0,0,0,0,0,0,0,0,0
999,1,-1,0,0,0,0,0,0,0,0,0
1000,1,-1,0,0,0,0,0,0,0,0,0
1001,1,-1,0,0,0,0,0,0,0,0,0
1002,4,1193,1385,1192,1384,0,0,0,0,0,0
1003,3,1196,1466,1465,0,0,0,0,0,0,0
1004,2,1198,1197,0,0,0,0,0,0,0,0
1005,2,1199,1198,0,0,0,0,0,0,0,0
1006,2,1200,1199,0,0,0,0,0,0,0,0
1007,2,1201,1200,0,0,0,0,0,0,0,0
1008,2,1202,1201,0,0,0,0,0,0,0,0
1009,2,1203,1202,0,0,0,0,0,0,0,0
1010,2,1204,1203,0,0,0,0,0,0,0,0
1011,2,1205,1204,0,0,0,0,0,0,0,0
1012,3,1464,1206,1463,0,0,0,0,0,0,0
1013,3,1207,1445,1444,0,0,0,0,0,0,0
1014,2,1211,1210,0,0,0,0,0,0,0,0
1015,3,1213,1350,1212,0,0,0,0,0,0,0
1016,3,1387,1213,1386,0,0,0,0,0,0,0
1017,2,1218,1217,0,0,0,0,0,0,0,0
1018,3,1223,1474,1473,0,0,0,0,0,0,0
1019,3,1225,1224,1340,0,0,0,0,0,0,0
1020,3,1227,1226,1314,0,0,0,0,0,0,0
1021,1,1232,0,0,0,0,0,0,0,0,0
1022,3,1233,1244,1243,0,0,0,0,0,0,0
1023,3,1250,1233,1249,0,0,0,0,0,0,0
1024,4,1235,1394,1234,1393,0,0,0,0,0,0
1025,2,1985,1235,0,0,0,0,0,0,0,0
1026,1,-1,0,0,0,0,0,0,0,0,0
1027,1,-1,0,0,0,0,0,0,0,0,0
1028,3,1239,1238,1398,0,0,0,0,0,0,0
1029,2,1240,1239,0,0,0,0,0,0,0,0
1030,2,1241,1240,0,0,0,0,0,0,0,0
1031,2,1242,1241,0,0,0,0,0,0,0,0
1032,2,1243,1242,0,0,0,0,0,0,0,0
1033,2,1245,1244,0,0,0,0,0,0,0,0
1034,2,1246,1245,0,0,0,0,0,0,0,0
1035,2,1247,1246,0,0,0,0,0,0,0,0
1036,2,1248,1247,0,0,0,0,0,0,0,0
1037,2,1249,1248,0,0,0,0,0,0,0,0
1038,2,1251,1250,0,0,0,0,0,0,0,0
1039,2,1252,1251,0,0,0,0,0,0,0,0
1040,2,1253,1252,0,0,0,0,0,0,0,0
1041,2,1254,1253,0,0,0,0,0,0,0,0
1042,2,1255,1254,0,0,0,0,0,0,0,0
1043,2,1256,1255,0,0,0,0,0,0,0,0
1044,2,1257,1256,0,0,0,0,0,0,0,0
1045,2,1258,1257,0,0,0,0,0,0,0,0
1046,2,1259,1258,0,0,0,0,0,0,0,0
1047,2,1260,1259,0,0,0,0,0,0,0,0
1048,2,1261,1260,0,0,0,0,0,0,0,0
1049,2,1262,1261,0,0,0,0,0,0,0,0
1050,2,1263,1262,0,0,0,0,0,0,0,0
1051,2,1264,1263,0,0,0,0,0,0,0,0
1052,2,1265,1264,0,0,0,0,0,0,0,0
1053,2,1266,1265,0,0,0,0,0,0,0,0
1054,2,1267,1266,0,0,0,0,0,0,0,0
1055,2,1268,1267,0,0,0,0,0,0,0,0
1056,2,1269,1268,0,0,0,0,0,0,0,0
1057,2,1270,1269,0,0,0,0,0,0,0,0
1058,3,1271,1270,1998,0,0,0,0,0,0,0
1059,2,1272,1271,0,0,0,0,0,0,0,0
1060,2,1273,1272,0,0,0,0,0,0,0,0
1061,3,1274,1273,1999,0,0,0,0,0,0,0
1062,2,1275,1274,0,0,0,0,0,0,0,0
1063,2,1276,1275,0,0,0,0,0,0,0,0
1064,2,1277,1276,0,0,0,0,0,0,0,0
1065,2,1278,1277,0,0,0,0,0,0,0,0
1066,2,1279,1278,0,0,0,0,0,0,0,0
1067,2,1280,1279,0,0,0,0,0,0,0,0
1068,3,1281,1280,1996,0,0,0,0,0,0,0
1069,1,-1,0,0,0,0,0,0,0,0,0
1070,1,-1,0,0,0,0,0,0,0,0,0
1071,2,1285,1284,0,0,0,0,0,0,0,0
1072,3,1286,1285,1995,0,0,0,0,0,0,0
1073,2,1287,1286,0,0,0,0,0,0,0,0
1074,2,1288,1287,0,0,0,0,0,0,0,0
1075,4,1289,1994,1288,1993,0,0,0,0,0,0
1076,2,1290,1289,0,0,0,0,0,0,0,0
1077,2,1291,1290,0,0,0,0,0,0,0,0
1078,2,1292,1291,0,0,0,0,0,0,0,0
1079,2,1293,1292,0,0,0,0,0,0,0,0
1080,2,1294,1293,0,0,0,0,0,0,0,0
1081,2,1295,1294,0,0,0,0,0,0,0,0
1082,2,1296,1295,0,0,0,0,0,0,0,0
1083,2,1297,1296,0,0,0,0,0,0,0,0
1084,2,1298,1297,0,0,0,0,0,0,0,0
1085,2,1299,1298,0,0,0,0,0,0,0,0
1086,2,1300,1299,0,0,0,0,0,0,0,0
1087,2,1301,1300,0,0,0,0,0,0,0,0
1088,2,1302,1301,0,0,0,0,0,0,0,0
1089,1,1302,0,0,0,0,0,0,0,0,0
1090,4,1304,1403,1303,1402,0,0,0,0,0,0
1091,2,1310,1309,0,0,0,0,0,0,0,0
1092,2,1320,1319,0,0,0,0,0,0,0,0
1093,3,1324,1459,1458,0,0,0,0,0,0,0
1094,2,1327,1326,0,0,0,0,0,0,0,0
1095,3,1330,1430,1329,0,0,0,0,0,0,0
1096,4,1335,1383,1334,1382,0,0,0,0,0,0
1097,1,-1,0,0,0,0,0,0,0,0,0
1098,1,-1,0,0,0,0,0,0,0,0,0
1099,1,-1,0,0,0,0,0,0,0,0,0
1100,2,1354,1353,0,0,0,0,0,0,0,0
1101,2,1355,1354,0,0,0,0,0,0,0,0
1102,2,1358,1357,0,0,0,0,0,0,0,0
1103,3,1586,1364,1585,0,0,0,0,0,0,0
1104,1,1366,0,0,0,0,0,0,0,0,0
1105,2,1368,1367,0,0,0,0,0,0,0,0
1106,2,1369,1368,0,0,0,0,0,0,0,0
1107,2,1382,1381,0,0,0,0,0,0,0,0
1108,2,1388,1387,0,0,0,0,0,0,0,0
1109,2,1396,1395,0,0,0,0,0,0,0,0
1110,2,1397,1396,0,0,0,0,0,0,0,0
1111,2,1398,1397,0,0,0,0,0,0,0,0
1112,3,1685,1687,1399,0,0,0,0,0,0,0
1113,3,1401,1463,1462,0,0,0,0,0,0,0
1114,3,1409,1773,1774,0,0,0,0,0,0,0
1115,2,1411,1410,0,0,0,0,0,0,0,0
1116,2,1412,1411,0,0,0,0,0,0,0,0
1117,2,1413,1412,0,0,0,0,0,0,0,0
1118,3,1414,1582,1581,0,0,0,0,0,0,0
1119,3,1415,1585,1584,0,0,0,0,0,0,0
1120,4,1420,1697,1419,1696,0,0,0,0,0,0
1121,3,1603,1420,1602,0,0,0,0,0,0,0
1122,2,1422,1421,0,0,0,0,0,0,0,0
1123,2,1431,1430,0,0,0,0,0,0,0,0
1124,2,1433,1432,0,0,0,0,0,0,0,0
1125,1,1434,0,0,0,0,0,0,0,0,0
1126,2,1435,1434,0,0,0,0,0,0,0,0
1127,3,1732,1437,1731,0,0,0,0,0,0,0
1128,1,1438,0,0,0,0,0,0,0,0,0
1129,2,1440,1439,0,0,0,0,0,0,0,0
1130,2,1441,1440,0,0,0,0,0,0,0,0
1131,2,1450,1449,0,0,0,0,0,0,0,0
1132,2,1469,1468,0,0,0,0,0,0,0,0
1133,2,1471,1470,0,0,0,0,0,0,0,0
1134,3,1488,1581,1478,0,0,0,0,0,0,0
1135,3,1479,1524,1619,0,0,0,0,0,0,0
1136,2,1480,1479,0,0,0,0,0,0,0,0
1137,2,1481,1480,0,0,0,0,0,0,0,0
1138,2,1482,1481,0,0,0,0,0,0,0,0
1139,2,1483,1482,0,0,0,0,0,0,0,0
1140,2,1484,1483,0,0,0,0,0,0,0,0
1141,1,-1,0,0,0,0,0,0,0,0,0
1142,1,-1,0,0,0,0,0,0,0,0,0
1143,1,-1,0,0,0,0,0,0,0,0,0
1144,1,-1,0,0,0,0,0,0,0,0,0
1145,2,1489,1488,0,0,0,0,0,0,0,0
1146,2,1490,1489,0,0,0,0,0,0,0,0
1147,1,-1,0,0,0,0,0,0,0,0,0
1148,1,-1,0,0,0,0,0,0,0,0,0
1149,1,-1,0,0,0,0,0,0,0,0,0
1150,1,-1,0,0,0,0,0,0,0,0,0
1151,1,-1,0,0,0,0,0,0,0,0,0
1152,1,-1,0,0,0,0,0,0,0,0,0
1153,1,-1,0,0,0,0,0,0,0,0,0
1154,1,-1,0,0,0,0,0,0,0,0,0
1155,1,-1,0,0,0,0,0,0,0,0,0
1156,1,-1,0,0,0,0,0,0,0,0,0
1157,1,-1,0,0,0,0,0,0,0,0,0
1158,1,-1,0,0,0,0,0,0,0,0,0
1159,1,-1,0,0,0,0,0,0,0,0,0
1160,1,-1,0,0,0,0,0,0,0,0,0
1161,1,-1,0,0,0,0,0,0,0,0,0
1162,1,-1,0,0,0,0,0,0,0,0,0
1163,1,-1,0,0,0,0,0,0,0,0,0
1164,1,-1,0,0,0,0,0,0,0,0,0
1165,1,-1,0,0,0,0,0,0,0,0,0
1166,1,-1,0,0,0,0,0,0,0,0,0
1167,1,-1,0,0,0,0,0,0,0,0,0
1168,1,-1,0,0,0,0,0,0,0,0,0
1169,1,-1,0,0,0,0,0,0,0,0,0
1170,1,-1,0,0,0,0,0,0,0,0,0
1171,2,1514,1513,0,0,0,0,0,0,0,0
1172,2,1515,1514,0,0,0,0,0,0,0,0
1173,2,1516,1515,0,0,0,0,0,0,0,0
1174,2,1517,1516,0,0,0,0,0,0,0,0
1175,2,1518,1517,0,0,0,0,0,0,0,0
1176,3,1605,1518,1604,0,0,0,0,0,0,0
1177,2,1519,1642,0,0,0,0,0,0,0,0
1178,2,1520,1519,0,0,0,0,0,0,0,0
1179,2,1521,1520,0,0,0,0,0,0,0,0
1180,2,1522,1521,0,0,0,0,0,0,0,0
1181,2,1523,1522,0,0,0,0,0,0,0,0
1182,2,1524,1523,0,0,0,0,0,0,0,0
1183,1,-1,0,0,0,0,0,0,0,0,0
1184,1,-1,0,0,0,0,0,0,0,0,0
1185,1,-1,0,0,0,0,0,0,0,0,0
1186,1,-1,0,0,0,0,0,0,0,0,0
1187,1,-1,0,0,0,0,0,0,0,0,0
1188,1,-1,0,0,0,0,0,0,0,0,0
1189,1,-1,0,0,0,0,0,0,0,0,0
1190,1,-1,0,0,0,0,0,0,0,0,0
1191,1,-1,0,0,0,0,0,0,0,0,0
1192,2,1534,1533,0,0,0,0,0,0,0,0
1193,2,1535,1534,0,0,0,0,0,0,0,0
1194,1,1535,0,0,0,0,0,0,0,0,0
1195,1,-1,0,0,0,0,0,0,0,0,0
1196,1,-1,0,0,0,0,0,0,0,0,0
1197,1,-1,0,0,0,0,0,0,0,0,0
1198,1,-1,0,0,0,0,0,0,0,0,0
1199,1,-1,0,0,0,0,0,0,0,0,0
1200,1,-1,0,0,0,0,0,0,0,0,0
1201,1,-1,0,0,0,0,0,0,0,0,0
1202,1,-1,0,0,0,0,0,0,0,0,0
1203,1,-1,0,0,0,0,0,0,0,0,0
1204,1,-1,0,0,0,0,0,0,0,0,0
1205,1,-1,0,0,0,0,0,0,0,0,0
1206,1,-1,0,0,0,0,0,0,0,0,0
1207,1,-1,0,0,0,0,0,0,0,0,0
1208,1,-1,0,0,0,0,0,0,0,0,0
1209,2,1550,1549,0,0,0,0,0,0,0,0
1210,2,1551,1550,0,0,0,0,0,0,0,0
1211,2,1552,1551,0,0,0,0,0,0,0,0
1212,2,1553,1552,0,0,0,0,0,0,0,0
1213,2,1554,1553,0,0,0,0,0,0,0,0
1214,3,1601,1554,1599,0,0,0,0,0,0,0
1215,2,1556,1555,0,0,0,0,0,0,0,0
1216,2,1557,1556,0,0,0,0,0,0,0,0
1217,2,1558,1557,0,0,0,0,0,0,0,0
1218,2,1559,1558,0,0,0,0,0,0,0,0
1219,2,1560,1559,0,0,0,0,0,0,0,0
1220,2,1561,1560,0,0,0,0,0,0,0,0
1221,3,1599,1561,1598,0,0,0,0,0,0,0
1222,1,-1,0,0,0,0,0,0,0,0,0
1223,2,1563,1562,0,0,0,0,0,0,0,0
1224,2,1564,1563,0,0,0,0,0,0,0,0
1225,2,1565,1564,0,0,0,0,0,0,0,0
1226,2,1566,1565,0,0,0,0,0,0,0,0
1227,3,1611,1566,1610,0,0,0,0,0,0,0
1228,1,-1,0,0,0,0,0,0,0,0,0
1229,1,-1,0,0,0,0,0,0,0,0,0
1230,1,-1,0,0,0,0,0,0,0,0,0
1231,1,-1,0,0,0,0,0,0,0,0,0
1232,1,-1,0,0,0,0,0,0,0,0,0
1233,1,-1,0,0,0,0,0,0,0,0,0
1234,1,-1,0,0,0,0,0,0,0,0,0
1235,1,-1,0,0,0,0,0,0,0,0,0
1236,1,-1,0,0,0,0,0,0,0,0,0
1237,1,-1,0,0,0,0,0,0,0,0,0
1238,1,-1,0,0,0,0,0,0,0,0,0
1239,1,-1,0,0,0,0,0,0,0,0,0
1240,1,-1,0,0,0,0,0,0,0,0,0
1241,1,-1,0,0,0,0,0,0,0,0,0
1242,2,1587,1586,0,0,0,0,0,0,0,0
1243,1,-1,0,0,0,0,0,0,0,0,0
1244,2,1604,1603,0,0,0,0,0,0,0,0
1245,2,1607,1606,0,0,0,0,0,0,0,0
1246,2,1608,1607,0,0,0,0,0,0,0,0
1247,2,1609,1608,0,0,0,0,0,0,0,0
1248,2,1610,1609,0,0,0,0,0,0,0,0
1249,2,1613,1612,0,0,0,0,0,0,0,0
1250,2,1614,1613,0,0,0,0,0,0,0,0
1251,2,1615,1614,0,0,0,0,0,0,0,0
1252,2,1616,1615,0,0,0,0,0,0,0,0
1253,2,1619,1618,0,0,0,0,0,0,0,0
1254,1,-1,0,0,0,0,0,0,0,0,0
1255,1,-1,0,0,0,0,0,0,0,0,0
1256,1,-1,0,0,0,0,0,0,0,0,0
1257,1,-1,0,0,0,0,0,0,0,0,0
1258,1,-1,0,0,0,0,0,0,0,0,0
1259,1,-1,0,0,0,0,0,0,0,0,0
1260,1,-1,0,0,0,0,0,0,0,0,0
1261,1,-1,0,0,0,0,0,0,0,0,0
1262,1,-1,0,0,0,0,0,0,0,0,0
1263,1,-1,0,0,0,0,0,0,0,0,0
1264,1,-1,0,0,0,0,0,0,0,0,0
1265,1,-1,0,0,0,0,0,0,0,0,0
1266,1,-1,0,0,0,0,0,0,0,0,0
1267,1,-1,0,0,0,0,0,0,0,0,0
1268,1,-1,0,0,0,0,0,0,0,0,0
1269,1,-1,0,0,0,0,0,0,0,0,0
1270,1,-1,0,0,0,0,0,0,0,0,0
1271,1,-1,0,0,0,0,0,0,0,0,0
1272,1,-1,0,0,0,0,0,0,0,0,0
1273,1,-1,0,0,0,0,0,0,0,0,0
1274,1,-1,0,0,0,0,0,0,0,0,0
1275,1,-1,0,0,0,0,0,0,0,0,0
1276,1,-1,0,0,0,0,0,0,0,0,0
1277,1,-1,0,0,0,0,0,0,0,0,0
1278,1,-1,0,0,0,0,0,0,0,0,0
1279,1,-1,0,0,0,0,0,0,0,0,0
1280,1,-1,0,0,0,0,0,0,0,0,0
1281,1,-1,0,0,0,0,0,0,0,0,0
1282,1,-1,0,0,0,0,0,0,0,0,0
1283,1,-1,0,0,0,0,0,0,0,0,0
1284,1,-1,0,0,0,0,0,0,0,0,0
1285,1,-1,0,0,0,0,0,0,0,0,0
1286,1,-1,0,0,0,0,0,0,0,0,0
1287,1,-1,0,0,0,0,0,0,0,0,0
1288,1,-1,0,0,0,0,0,0,0,0,0
1289,1,-1,0,0,0,0,0,0,0,0,0
1290,1,-1,0,0,0,0,0,0,0,0,0
1291,1,-1,0,0,0,0,0,0,0,0,0
1292,1,-1,0,0,0,0,0,0,0,0,0
1293,1,-1,0,0,0,0,0,0,0,0,0
1294,1,-1,0,0,0,0,0,0,0,0,0
1295,1,-1,0,0,0,0,0,0,0,0,0
1296,1,-1,0,0,0,0,0,0,0,0,0
1297,1,-1,0,0,0,0,0,0,0,0,0
1298,1,-1,0,0,0,0,0,0,0,0,0
1299,1,-1,0,0,0,0,0,0,0,0,0
1300,1,-1,0,0,0,0,0,0,0,0,0
1301,1,-1,0,0,0,0,0,0,0,0,0
1302,4,1668,1700,1701,1725,0,0,0,0,0,0
1303,1,-1,0,0,0,0,0,0,0,0,0
1304,1,-1,0,0,0,0,0,0,0,0,0
1305,1,-1,0,0,0,0,0,0,0,0,0
1306,1,-1,0,0,0,0,0,0,0,0,0
1307,1,-1,0,0,0,0,0,0,0,0,0
1308,1,-1,0,0,0,0,0,0,0,0,0
1309,1,-1,0,0,0,0,0,0,0,0,0
1310,1,-1,0,0,0,0,0,0,0,0,0
1311,1,-1,0,0,0,0,0,0,0,0,0
1312,1,-1,0,0,0,0,0,0,0,0,0
1313,1,-1,0,0,0,0,0,0,0,0,0
1314,1,-1,0,0,0,0,0,0,0,0,0
1315,1,-1,0,0,0,0,0,0,0,0,0
1316,1,-1,0,0,0,0,0,0,0,0,0
1317,3,1691,1686,1690,0,0,0,0,0,0,0
1318,2,1689,1688,0,0,0,0,0,0,0,0
1319,2,1690,1689,0,0,0,0,0,0,0,0
1320,2,1692,1691,0,0,0,0,0,0,0,0
1321,2,1693,1692,0,0,0,0,0,0,0,0
1322,2,1694,1693,0,0,0,0,0,0,0,0
1323,2,1696,1695,0,0,0,0,0,0,0,0
1324,2,1699,1700,0,0,0,0,0,0,0,0
1325,1,-1,0,0,0,0,0,0,0,0,0
1326,1,-1,0,0,0,0,0,0,0,0,0
1327,1,-1,0,0,0,0,0,0,0,0,0
1328,1,-1,0,0,0,0,0,0,0,0,0
1329,1,-1,0,0,0,0,0,0,0,0,0
1330,1,-1,0,0,0,0,0,0,0,0,0
1331,1,-1,0,0,0,0,0,0,0,0,0
1332,1,-1,0,0,0,0,0,0,0,0,0
1333,1,-1,0,0,0,0,0,0,0,0,0
1334,1,-1,0,0,0,0,0,0,0,0,0
1335,1,-1,0,0,0,0,0,0,0,0,0
1336,1,-1,0,0,0,0,0,0,0,0,0
1337,1,-1,0,0,0,0,0,0,0,0,0
1338,1,-1,0,0,0,0,0,0,0,0,0
1339,1,-1,0,0,0,0,0,0,0,0,0
1340,1,-1,0,0,0,0,0,0,0,0,0
1341,1,-1,0,0,0,0,0,0,0,0,0
1342,1,-1,0,0,0,0,0,0,0,0,0
1343,1,-1,0,0,0,0,0,0,0,0,0
1344,1,-1,0,0,0,0,0,0,0,0,0
1345,1,-1,0,0,0,0,0,0,0,0,0
1346,1,-1,0,0,0,0,0,0,0,0,0
1347,2,1728,1727,0,0,0,0,0,0,0,0
1348,2,1729,1728,0,0,0,0,0,0,0,0
1349,2,1730,1729,0,0,0,0,0,0,0,0
1350,2,1731,1730,0,0,0,0,0,0,0,0
1351,2,1733,1732,0,0,0,0,0,0,0,0
1352,2,1735,1734,0,0,0,0,0,0,0,0
1353,2,1736,1735,0,0,0,0,0,0,0,0
1354,1,-1,0,0,0,0,0,0,0,0,0
1355,4,1738,1745,1754,1755,0,0,0,0,0,0
1356,2,1739,1738,0,0,0,0,0,0,0,0
1357,2,1740,1739,0,0,0,0,0,0,0,0
1358,2,1741,1740,0,0,0,0,0,0,0,0
1359,2,1742,1741,0,0,0,0,0,0,0,0
1360,2,1743,1742,0,0,0,0,0,0,0,0
1361,1,1743,0,0,0,0,0,0,0,0,0
1362,1,1744,0,0,0,0,0,0,0,0,0
1363,1,-1,0,0,0,0,0,0,0,0,0
1364,1,-1,0,0,0,0,0,0,0,0,0
1365,1,-1,0,0,0,0,0,0,0,0,0
1366,1,-1,0,0,0,0,0,0,0,0,0
1367,1,-1,0,0,0,0,0,0,0,0,0
1368,1,-1,0,0,0,0,0,0,0,0,0
1369,1,-1,0,0,0,0,0,0,0,0,0
1370,1,-1,0,0,0,0,0,0,0,0,0
1371,1,-1,0,0,0,0,0,0,0,0,0
1372,3,1759,1754,1771,0,0,0,0,0,0,0
1373,1,1755,0,0,0,0,0,0,0,0,0
1374,1,-1,0,0,0,0,0,0,0,0,0
1375,1,-1,0,0,0,0,0,0,0,0,0
1376,1,-1,0,0,0,0,0,0,0,0,0
1377,1,-1,0,0,0,0,0,0,0,0,0
1378,1,-1,0,0,0,0,0,0,0,0,0
1379,1,-1,0,0,0,0,0,0,0,0,0
1380,1,-1,0,0,0,0,0,0,0,0,0
1381,1,-1,0,0,0,0,0,0,0,0,0
1382,1,-1,0,0,0,0,0,0,0,0,0
1383,1,-1,0,0,0,0,0,0,0,0,0
1384,5,1778,1845,1867,1777,1876,0,0,0,0,0
1385,5,1779,1844,1846,1778,1843,0,0,0,0,0
1386,5,1780,1842,1847,1779,1841,0,0,0,0,0
1387,5,1781,1840,1848,1780,1839,0,0,0,0,0
1388,5,1782,1838,1849,1781,1837,0,0,0,0,0
1389,5,1783,1836,1850,1782,1835,0,0,0,0,0
1390,5,1784,1834,1851,1783,1833,0,0,0,0,0
1391,5,1785,1832,1852,1784,1831,0,0,0,0,0
1392,5,1786,1830,1853,1785,1829,0,0,0,0,0
1393,5,1787,1828,1854,1786,1827,0,0,0,0,0
1394,5,1788,1826,1855,1787,1825,0,0,0,0,0
1395,5,1789,1824,1856,1788,1823,0,0,0,0,0
1396,5,1790,1822,1857,1789,1821,0,0,0,0,0
1397,5,1791,1820,1858,1790,1819,0,0,0,0,0
1398,5,1792,1818,1859,1791,1817,0,0,0,0,0
1399,5,1793,1816,1860,1792,1815,0,0,0,0,0
1400,5,1794,1814,1861,1793,1813,0,0,0,0,0
1401,5,1795,1812,1862,1794,1811,0,0,0,0,0
1402,5,1796,1810,1863,1795,1809,0,0,0,0,0
1403,5,1797,1808,1864,1796,1807,0,0,0,0,0
1404,5,1798,1806,1865,1797,1805,0,0,0,0,0
1405,5,1799,1804,1866,1798,1803,0,0,0,0,0
1406,4,1800,1802,1799,1801,0,0,0,0,0,0
1407,1,1800,0,0,0,0,0,0,0,0,0
1408,5,1868,1875,1867,1874,1877,0,0,0,0,0
1409,5,1869,1873,1868,1872,1878,0,0,0,0,0
1410,5,1870,1871,1887,1869,1879,0,0,0,0,0
1411,3,1870,1880,1886,0,0,0,0,0,0,0
1412,3,1882,1881,1884,0,0,0,0,0,0,0
1413,3,1883,1885,1882,0,0,0,0,0,0,0
1414,2,1888,1960,0,0,0,0,0,0,0,0
1415,4,1889,1959,1888,1958,0,0,0,0,0,0
1416,5,1890,1957,1889,1956,1961,0,0,0,0,0
1417,5,1891,1955,1890,1954,1962,0,0,0,0,0
1418,5,1892,1953,1891,1952,1963,0,0,0,0,0
1419,5,1893,1951,1892,1950,1964,0,0,0,0,0
1420,5,1894,1949,1893,1948,1965,0,0,0,0,0
1421,5,1895,1947,1894,1946,1966,0,0,0,0,0
1422,5,1896,1945,1895,1944,1967,0,0,0,0,0
1423,5,1897,1943,1896,1942,1968,0,0,0,0,0
1424,5,1898,1941,1897,1940,1969,0,0,0,0,0
1425,5,1899,1939,1898,1938,1970,0,0,0,0,0
1426,5,1900,1937,1899,1936,1971,0,0,0,0,0
1427,5,1901,1935,1900,1934,1972,0,0,0,0,0
1428,5,1902,1933,1901,1932,1973,0,0,0,0,0
1429,5,1903,1931,1902,1930,1974,0,0,0,0,0
1430,5,1904,1929,1903,1928,1975,0,0,0,0,0
1431,5,1905,1927,1904,1926,1976,0,0,0,0,0
1432,5,1906,1925,1905,1924,1977,0,0,0,0,0
1433,5,1907,1923,1906,1922,1978,0,0,0,0,0
1434,5,1908,1921,1907,1920,1979,0,0,0,0,0
1435,5,1909,1919,1908,1918,1980,0,0,0,0,0
1436,4,1910,1917,1909,1916,0,0,0,0,0,0
1437,5,1911,1915,1910,1914,1981,0,0,0,0,0
1438,4,1912,1911,1913,1982,0,0,0,0,0,0
1439,2,1912,1983,0,0,0,0,0,0,0,0
1440,1,1984,0,0,0,0,0,0,0,0,0
1441,3,1986,1997,1985,0,0,0,0,0,0,0
1442,2,1987,1986,0,0,0,0,0,0,0,0
1443,3,1988,1998,1987,0,0,0,0,0,0,0
1444,3,1989,1999,1988,0,0,0,0,0,0,0
1445,3,1990,1996,1989,0,0,0,0,0,0,0
1446,3,1991,1995,1990,0,0,0,0,0,0,0
1447,3,1992,1991,1994,0,0,0,0,0,0,0
1448,2,1993,1992,0,0,0,0,0,0,0,0
