0,3,1,982,87,0,0,0,0,0,0,0
1,2,2,0,0,0,0,0,0,0,0,0
2,1,2,0,0,0,0,0,0,0,0,0
3,1,3,0,0,0,0,0,0,0,0,0
4,1,4,0,0,0,0,0,0,0,0,0
5,1,5,0,0,0,0,0,0,0,0,0
6,1,6,0,0,0,0,0,0,0,0,0
7,1,7,0,0,0,0,0,0,0,0,0
8,1,8,0,0,0,0,0,0,0,0,0
9,1,9,0,0,0,0,0,0,0,0,0
10,1,10,0,0,0,0,0,0,0,0,0
11,1,11,0,0,0,0,0,0,0,0,0
12,1,12,0,0,0,0,0,0,0,0,0
13,1,13,0,0,0,0,0,0,0,0,0
14,1,14,0,0,0,0,0,0,0,0,0
15,1,15,0,0,0,0,0,0,0,0,0
16,1,16,0,0,0,0,0,0,0,0,0
17,4,18,963,728,962,0,0,0,0,0,0
18,4,19,351,17,350,0,0,0,0,0,0
19,4,451,60,18,604,0,0,0,0,0,0
20,2,21,755,0,0,0,0,0,0,0,0
21,2,22,20,0,0,0,0,0,0,0,0
22,2,23,21,0,0,0,0,0,0,0,0
23,2,24,22,0,0,0,0,0,0,0,0
24,3,25,675,23,0,0,0,0,0,0,0
25,6,852,1423,1425,24,248,1424,0,0,0,0
26,3,27,650,307,0,0,0,0,0,0,0
27,2,28,26,0,0,0,0,0,0,0,0
28,2,29,27,0,0,0,0,0,0,0,0
29,2,30,28,0,0,0,0,0,0,0,0
30,2,31,29,0,0,0,0,0,0,0,0
31,4,60,451,30,125,0,0,0,0,0,0
32,5,33,98,1394,97,1395,0,0,0,0,0
33,4,34,471,32,840,0,0,0,0,0,0
34,4,35,612,33,470,0,0,0,0,0,0
35,4,36,485,34,469,0,0,0,0,0,0
36,3,37,551,35,0,0,0,0,0,0,0
37,3,38,36,467,0,0,0,0,0,0,0
38,4,39,839,37,466,0,0,0,0,0,0
39,4,40,465,38,838,0,0,0,0,0,0
40,4,41,837,39,464,0,0,0,0,0,0
41,4,42,463,40,538,0,0,0,0,0,0
42,3,43,41,462,0,0,0,0,0,0,0
43,4,44,194,42,193,0,0,0,0,0,0
44,3,1132,43,461,0,0,0,0,0,0,0
45,3,46,498,306,0,0,0,0,0,0,0
46,4,164,45,163,235,0,0,0,0,0,0
47,3,48,339,489,0,0,0,0,0,0,0
48,2,49,47,0,0,0,0,0,0,0,0
49,4,50,111,48,110,0,0,0,0,0,0
50,4,51,238,49,922,0,0,0,0,0,0
51,4,52,237,50,251,0,0,0,0,0,0
52,4,53,721,51,250,0,0,0,0,0,0
53,3,476,52,1106,0,0,0,0,0,0,0
54,3,55,352,128,0,0,0,0,0,0,0
55,2,56,54,0,0,0,0,0,0,0,0
56,3,57,209,55,0,0,0,0,0,0,0
57,5,773,773,128,56,877,0,0,0,0,0
58,4,59,391,781,390,0,0,0,0,0,0
59,4,1109,58,1024,1441,0,0,0,0,0,0
60,4,61,124,31,19,0,0,0,0,0,0
61,4,62,604,60,123,0,0,0,0,0,0
62,3,63,61,122,0,0,0,0,0,0,0
63,3,121,62,647,0,0,0,0,0,0,0
64,4,65,482,1096,668,0,0,0,0,0,0
65,4,66,965,64,669,0,0,0,0,0,0
66,3,67,1002,65,0,0,0,0,0,0,0
67,3,68,646,66,0,0,0,0,0,0,0
68,4,69,120,67,119,0,0,0,0,0,0
69,3,806,68,805,0,0,0,0,0,0,0
70,6,71,96,1392,95,1393,1391,0,0,0,0
71,4,72,774,70,939,0,0,0,0,0,0
72,4,73,484,71,483,0,0,0,0,0,0
73,3,74,926,72,0,0,0,0,0,0,0
74,4,75,73,672,127,0,0,0,0,0,0
75,4,76,128,74,740,0,0,0,0,0,0
76,4,77,75,773,773,0,0,0,0,0,0
77,3,78,76,955,0,0,0,0,0,0,0
78,3,79,77,879,0,0,0,0,0,0,0
79,3,80,78,539,0,0,0,0,0,0,0
80,3,81,920,79,0,0,0,0,0,0,0
81,3,82,718,80,0,0,0,0,0,0,0
82,3,83,1090,81,0,0,0,0,0,0,0
83,4,84,196,82,195,0,0,0,0,0,0
84,3,1003,83,1012,0,0,0,0,0,0,0
85,3,86,798,763,0,0,0,0,0,0,0
86,2,87,85,0,0,0,0,0,0,0,0
87,2,0,86,0,0,0,0,0,0,0,0
88,6,89,94,1389,938,1390,1388,0,0,0,0
89,6,1388,88,724,937,1389,1387,0,0,0,0
90,3,91,135,142,0,0,0,0,0,0,0
91,3,140,90,139,0,0,0,0,0,0,0
92,3,93,996,261,0,0,0,0,0,0,0
93,4,182,92,181,500,0,0,0,0,0,0
94,6,95,1390,88,247,1391,1389,0,0,0,0
95,6,70,1391,94,939,1392,1390,0,0,0,0
96,6,97,1393,70,775,1394,1392,0,0,0,0
97,4,32,96,471,1393,0,0,0,0,0,0
98,6,99,1395,32,840,1396,1394,0,0,0,0
99,6,308,956,1396,98,1397,1395,0,0,0,0
100,3,101,167,166,0,0,0,0,0,0,0
101,3,102,259,100,0,0,0,0,0,0,0
102,2,103,101,0,0,0,0,0,0,0,0
103,2,104,102,0,0,0,0,0,0,0,0
104,3,217,103,167,0,0,0,0,0,0,0
105,2,106,994,0,0,0,0,0,0,0,0
106,3,107,105,772,0,0,0,0,0,0,0
107,3,213,106,212,0,0,0,0,0,0,0
108,1,109,0,0,0,0,0,0,0,0,0
109,3,833,108,832,0,0,0,0,0,0,0
110,3,49,163,162,0,0,0,0,0,0,0
111,3,490,49,339,0,0,0,0,0,0,0
112,4,113,208,357,611,0,0,0,0,0,0
113,3,563,112,562,0,0,0,0,0,0,0
114,2,115,875,0,0,0,0,0,0,0,0
115,2,116,114,0,0,0,0,0,0,0,0
116,2,117,115,0,0,0,0,0,0,0,0
117,3,265,1122,116,0,0,0,0,0,0,0
118,6,119,724,1386,439,1387,1385,0,0,0,0
119,4,68,118,442,1002,0,0,0,0,0,0
120,3,121,646,68,0,0,0,0,0,0,0
121,4,122,670,120,63,0,0,0,0,0,0
122,4,123,62,121,515,0,0,0,0,0,0
123,4,124,61,122,603,0,0,0,0,0,0
124,3,125,123,60,0,0,0,0,0,0,0
125,4,307,31,642,124,0,0,0,0,0,0
126,3,127,928,927,0,0,0,0,0,0,0
127,4,128,74,126,480,0,0,0,0,0,0
128,4,54,127,75,57,0,0,0,0,0,0
129,3,130,190,189,0,0,0,0,0,0,0
130,3,131,129,936,0,0,0,0,0,0,0
131,4,132,270,130,651,0,0,0,0,0,0
132,4,133,838,131,960,0,0,0,0,0,0
133,4,134,271,132,270,0,0,0,0,0,0
134,4,301,756,133,300,0,0,0,0,0,0
135,3,136,571,90,0,0,0,0,0,0,0
136,2,137,135,0,0,0,0,0,0,0,0
137,2,138,136,0,0,0,0,0,0,0,0
138,2,139,137,0,0,0,0,0,0,0,0
139,2,91,138,0,0,0,0,0,0,0,0
140,2,141,91,0,0,0,0,0,0,0,0
141,2,142,140,0,0,0,0,0,0,0,0
142,3,90,141,570,0,0,0,0,0,0,0
143,3,144,216,711,0,0,0,0,0,0,0
144,4,145,169,143,168,0,0,0,0,0,0
145,4,146,257,144,256,0,0,0,0,0,0
146,4,147,553,145,552,0,0,0,0,0,0
147,3,323,146,322,0,0,0,0,0,0,0
148,3,149,459,678,0,0,0,0,0,0,0
149,3,460,148,743,0,0,0,0,0,0,0
150,3,151,347,346,0,0,0,0,0,0,0
151,2,152,150,0,0,0,0,0,0,0,0
152,4,153,759,151,418,0,0,0,0,0,0
153,2,154,152,0,0,0,0,0,0,0,0
154,2,155,153,0,0,0,0,0,0,0,0
155,2,156,154,0,0,0,0,0,0,0,0
156,2,157,155,0,0,0,0,0,0,0,0
157,2,158,156,0,0,0,0,0,0,0,0
158,2,159,157,0,0,0,0,0,0,0,0
159,2,160,158,0,0,0,0,0,0,0,0
160,3,161,569,159,0,0,0,0,0,0,0
161,3,162,876,160,0,0,0,0,0,0,0
162,4,110,489,161,498,0,0,0,0,0,0
163,3,46,110,238,0,0,0,0,0,0,0
164,3,165,46,608,0,0,0,0,0,0,0
165,3,166,306,164,0,0,0,0,0,0,0
166,3,100,165,260,0,0,0,0,0,0,0
167,4,168,104,100,216,0,0,0,0,0,0
168,3,144,257,167,0,0,0,0,0,0,0
169,4,170,256,144,711,0,0,0,0,0,0
170,3,171,255,169,0,0,0,0,0,0,0
171,3,172,254,170,0,0,0,0,0,0,0
172,4,173,1103,171,253,0,0,0,0,0,0
173,4,174,252,172,1119,0,0,0,0,0,0
174,4,175,882,173,847,0,0,0,0,0,0
175,4,176,411,174,410,0,0,0,0,0,0
176,3,177,954,175,0,0,0,0,0,0,0
177,3,178,925,176,0,0,0,0,0,0,0
178,4,179,953,177,1118,0,0,0,0,0,0
179,3,180,952,178,0,0,0,0,0,0,0
180,3,181,951,179,0,0,0,0,0,0,0
181,4,93,996,180,501,0,0,0,0,0,0
182,4,183,914,93,261,0,0,0,0,0,0
183,4,184,492,182,550,0,0,0,0,0,0
184,4,185,1019,183,1018,0,0,0,0,0,0
185,3,186,184,542,0,0,0,0,0,0,0
186,4,187,639,185,638,0,0,0,0,0,0
187,3,188,946,186,0,0,0,0,0,0,0
188,4,189,302,187,301,0,0,0,0,0,0
189,3,129,936,188,0,0,0,0,0,0,0
190,3,191,651,129,0,0,0,0,0,0,0
191,4,192,537,190,836,0,0,0,0,0,0
192,2,193,191,0,0,0,0,0,0,0,0
193,3,43,538,192,0,0,0,0,0,0,0
194,4,195,462,43,461,0,0,0,0,0,0
195,3,83,194,718,0,0,0,0,0,0,0
196,2,197,83,0,0,0,0,0,0,0,0
197,2,198,196,0,0,0,0,0,0,0,0
198,4,199,1090,197,1113,0,0,0,0,0,0
199,3,200,891,198,0,0,0,0,0,0,0
200,4,201,734,199,733,0,0,0,0,0,0
201,2,202,200,0,0,0,0,0,0,0,0
202,3,203,791,201,0,0,0,0,0,0,0
203,4,204,458,202,1093,0,0,0,0,0,0
204,4,205,457,203,785,0,0,0,0,0,0
205,3,263,204,262,0,0,0,0,0,0,0
206,4,207,562,494,951,0,0,0,0,0,0
207,2,208,206,0,0,0,0,0,0,0,0
208,4,562,207,112,358,0,0,0,0,0,0
209,2,210,56,0,0,0,0,0,0,0,0
210,2,211,209,0,0,0,0,0,0,0,0
211,2,212,210,0,0,0,0,0,0,0,0
212,4,107,731,211,352,0,0,0,0,0,0
213,4,214,353,107,1095,0,0,0,0,0,0
214,3,215,213,1124,0,0,0,0,0,0,0
215,3,354,214,605,0,0,0,0,0,0,0
216,3,167,306,143,0,0,0,0,0,0,0
217,4,218,258,104,257,0,0,0,0,0,0
218,3,219,606,217,0,0,0,0,0,0,0
219,3,220,552,218,0,0,0,0,0,0,0
220,3,324,219,323,0,0,0,0,0,0,0
221,6,222,248,1421,1423,832,1422,0,0,0,0
222,1,221,0,0,0,0,0,0,0,0,0
223,3,224,1352,1351,0,0,0,0,0,0,0
224,3,420,1127,223,0,0,0,0,0,0,0
225,3,226,671,510,0,0,0,0,0,0,0
226,3,959,225,958,0,0,0,0,0,0,0
227,6,228,313,1403,312,1404,1402,0,0,0,0
228,2,229,227,0,0,0,0,0,0,0,0
229,3,230,228,666,0,0,0,0,0,0,0
230,3,231,356,229,0,0,0,0,0,0,0
231,3,232,414,230,0,0,0,0,0,0,0
232,4,233,611,231,610,0,0,0,0,0,0
233,4,234,564,232,563,0,0,0,0,0,0
234,3,665,233,892,0,0,0,0,0,0,0
235,6,236,843,46,929,476,722,0,0,0,0
236,2,237,235,0,0,0,0,0,0,0,0
237,3,238,236,51,0,0,0,0,0,0,0
238,3,163,237,50,0,0,0,0,0,0,0
239,4,240,960,551,486,0,0,0,0,0,0
240,4,241,348,239,271,0,0,0,0,0,0
241,4,242,299,240,298,0,0,0,0,0,0
242,4,243,652,241,947,0,0,0,0,0,0
243,4,244,707,242,677,0,0,0,0,0,0
244,4,609,243,493,1020,0,0,0,0,0,0
245,3,246,483,482,0,0,0,0,0,0,0
246,3,247,1107,245,0,0,0,0,0,0,0
247,4,94,939,246,938,0,0,0,0,0,0
248,6,249,25,1422,1424,221,1423,0,0,0,0
249,1,248,0,0,0,0,0,0,0,0,0
250,3,251,52,329,0,0,0,0,0,0,0
251,3,51,922,250,0,0,0,0,0,0,0
252,3,253,556,173,0,0,0,0,0,0,0
253,4,254,172,252,555,0,0,0,0,0,0
254,4,255,554,253,171,0,0,0,0,0,0
255,4,256,284,254,170,0,0,0,0,0,0
256,4,145,553,255,169,0,0,0,0,0,0
257,4,217,552,145,168,0,0,0,0,0,0
258,2,259,217,0,0,0,0,0,0,0,0
259,4,260,607,258,101,0,0,0,0,0,0
260,2,166,259,0,0,0,0,0,0,0,0
261,3,182,92,550,0,0,0,0,0,0,0
262,3,205,785,650,0,0,0,0,0,0,0
263,2,264,205,0,0,0,0,0,0,0,0
264,3,456,263,351,0,0,0,0,0,0,0
265,2,266,117,0,0,0,0,0,0,0,0
266,3,267,374,265,0,0,0,0,0,0,0
267,2,268,266,0,0,0,0,0,0,0,0
268,2,269,267,0,0,0,0,0,0,0,0
269,1,268,0,0,0,0,0,0,0,0,0
270,4,133,301,936,131,0,0,0,0,0,0
271,4,240,300,133,1091,0,0,0,0,0,0
272,3,273,598,520,0,0,0,0,0,0,0
273,2,274,272,0,0,0,0,0,0,0,0
274,2,275,273,0,0,0,0,0,0,0,0
275,2,276,274,0,0,0,0,0,0,0,0
276,2,277,275,0,0,0,0,0,0,0,0
277,4,278,1411,276,1410,0,0,0,0,0,0
278,6,279,519,1409,1411,277,1410,0,0,0,0
279,6,280,1408,1410,278,958,1409,0,0,0,0
280,2,281,279,0,0,0,0,0,0,0,0
281,6,282,1384,1409,280,959,1408,0,0,0,0
282,6,283,1384,1408,281,710,1385,0,0,0,0
283,6,439,1385,282,806,1386,1384,0,0,0,0
284,3,554,255,553,0,0,0,0,0,0,0
285,3,286,1114,504,0,0,0,0,0,0,0
286,2,287,285,0,0,0,0,0,0,0,0
287,2,288,286,0,0,0,0,0,0,0,0
288,4,289,287,518,797,0,0,0,0,0,0
289,2,290,288,0,0,0,0,0,0,0,0
290,2,291,289,0,0,0,0,0,0,0,0
291,2,292,290,0,0,0,0,0,0,0,0
292,2,293,291,0,0,0,0,0,0,0,0
293,2,549,292,0,0,0,0,0,0,0,0
294,6,295,309,1398,308,1399,1397,0,0,0,0
295,2,296,294,0,0,0,0,0,0,0,0
296,4,297,499,295,949,0,0,0,0,0,0
297,4,298,948,296,349,0,0,0,0,0,0
298,4,241,652,297,348,0,0,0,0,0,0
299,2,300,241,0,0,0,0,0,0,0,0
300,4,134,947,299,271,0,0,0,0,0,0
301,4,188,946,134,270,0,0,0,0,0,0
302,3,638,188,1133,0,0,0,0,0,0,0
303,1,304,0,0,0,0,0,0,0,0,0
304,4,305,545,303,544,0,0,0,0,0,0
305,2,304,1126,0,0,0,0,0,0,0,0
306,3,45,165,216,0,0,0,0,0,0,0
307,3,26,125,804,0,0,0,0,0,0,0
308,6,294,499,1397,99,1398,1396,0,0,0,0
309,6,310,1399,294,949,1400,1398,0,0,0,0
310,6,311,706,1400,309,1401,1399,0,0,0,0
311,6,312,919,1401,310,1402,1400,0,0,0,0
312,6,227,1402,311,667,1403,1401,0,0,0,0
313,6,314,1404,227,356,1405,1403,0,0,0,0
314,6,315,1405,313,357,1406,1404,0,0,0,0
315,5,316,358,1406,314,1405,0,0,0,0,0
316,3,317,315,497,0,0,0,0,0,0,0
317,3,318,316,413,0,0,0,0,0,0,0
318,3,319,966,317,0,0,0,0,0,0,0
319,3,320,318,556,0,0,0,0,0,0,0
320,3,321,945,319,0,0,0,0,0,0,0
321,3,322,320,712,0,0,0,0,0,0,0
322,2,147,321,0,0,0,0,0,0,0,0
323,3,220,147,552,0,0,0,0,0,0,0
324,3,325,220,846,0,0,0,0,0,0,0
325,2,326,324,0,0,0,0,0,0,0,0
326,3,327,325,479,0,0,0,0,0,0,0
327,3,328,1021,326,0,0,0,0,0,0,0
328,3,329,1105,327,0,0,0,0,0,0,0
329,3,330,250,328,0,0,0,0,0,0,0
330,2,331,329,0,0,0,0,0,0,0,0
331,6,332,1414,1416,330,491,1415,0,0,0,0
332,2,333,331,0,0,0,0,0,0,0,0
333,3,334,332,408,0,0,0,0,0,0,0
334,6,335,407,1415,1417,333,1416,0,0,0,0
335,2,336,334,0,0,0,0,0,0,0,0
336,2,337,335,0,0,0,0,0,0,0,0
337,2,338,336,0,0,0,0,0,0,0,0
338,6,446,848,1416,1418,337,1417,0,0,0,0
339,3,340,111,47,0,0,0,0,0,0,0
340,3,341,339,761,0,0,0,0,0,0,0
341,3,342,340,568,0,0,0,0,0,0,0
342,4,343,408,341,784,0,0,0,0,0,0
343,4,344,1131,342,407,0,0,0,0,0,0
344,3,345,343,723,0,0,0,0,0,0,0
345,4,346,406,344,760,0,0,0,0,0,0
346,4,150,1104,345,759,0,0,0,0,0,0
347,3,449,150,448,0,0,0,0,0,0,0
348,4,349,298,240,486,0,0,0,0,0,0
349,4,297,348,499,613,0,0,0,0,0,0
350,3,18,605,604,0,0,0,0,0,0,0
351,3,264,18,455,0,0,0,0,0,0,0
352,3,353,212,54,0,0,0,0,0,0,0
353,4,354,668,352,213,0,0,0,0,0,0
354,4,355,669,353,215,0,0,0,0,0,0
355,3,604,354,647,0,0,0,0,0,0,0
356,4,357,313,230,611,0,0,0,0,0,0
357,4,358,314,356,112,0,0,0,0,0,0
358,4,359,208,357,315,0,0,0,0,0,0
359,2,360,358,0,0,0,0,0,0,0,0
360,2,361,359,0,0,0,0,0,0,0,0
361,2,362,360,0,0,0,0,0,0,0,0
362,2,363,361,0,0,0,0,0,0,0,0
363,2,364,362,0,0,0,0,0,0,0,0
364,1,363,0,0,0,0,0,0,0,0,0
365,3,366,957,871,0,0,0,0,0,0,0
366,2,367,365,0,0,0,0,0,0,0,0
367,2,368,366,0,0,0,0,0,0,0,0
368,3,369,991,367,0,0,0,0,0,0,0
369,3,370,368,1122,0,0,0,0,0,0,0
370,2,371,369,0,0,0,0,0,0,0,0
371,2,372,370,0,0,0,0,0,0,0,0
372,2,373,371,0,0,0,0,0,0,0,0
373,2,374,372,0,0,0,0,0,0,0,0
374,3,375,373,266,0,0,0,0,0,0,0
375,2,376,374,0,0,0,0,0,0,0,0
376,2,377,375,0,0,0,0,0,0,0,0
377,2,378,376,0,0,0,0,0,0,0,0
378,2,379,377,0,0,0,0,0,0,0,0
379,2,380,378,0,0,0,0,0,0,0,0
380,2,381,379,0,0,0,0,0,0,0,0
381,2,382,380,0,0,0,0,0,0,0,0
382,3,383,777,381,0,0,0,0,0,0,0
383,3,384,778,382,0,0,0,0,0,0,0
384,3,385,779,383,0,0,0,0,0,0,0
385,3,386,1013,384,0,0,0,0,0,0,0
386,2,387,385,0,0,0,0,0,0,0,0
387,3,388,1016,386,0,0,0,0,0,0,0
388,2,389,387,0,0,0,0,0,0,0,0
389,3,390,1024,388,0,0,0,0,0,0,0
390,2,58,389,0,0,0,0,0,0,0,0
391,2,392,58,0,0,0,0,0,0,0,0
392,2,393,391,0,0,0,0,0,0,0,0
393,2,394,392,0,0,0,0,0,0,0,0
394,2,395,393,0,0,0,0,0,0,0,0
395,1,395,0,0,0,0,0,0,0,0,0
396,2,397,395,0,0,0,0,0,0,0,0
397,1,397,0,0,0,0,0,0,0,0,0
398,1,398,0,0,0,0,0,0,0,0,0
399,1,399,0,0,0,0,0,0,0,0,0
400,1,400,0,0,0,0,0,0,0,0,0
401,1,401,0,0,0,0,0,0,0,0,0
402,1,402,0,0,0,0,0,0,0,0,0
403,1,403,0,0,0,0,0,0,0,0,0
404,1,404,0,0,0,0,0,0,0,0,0
405,1,406,0,0,0,0,0,0,0,0,0
406,3,407,405,345,0,0,0,0,0,0,0
407,4,408,343,406,334,0,0,0,0,0,0
408,4,409,333,407,342,0,0,0,0,0,0
409,3,491,408,490,0,0,0,0,0,0,0
410,3,175,883,1118,0,0,0,0,0,0,0
411,4,412,175,847,954,0,0,0,0,0,0
412,4,413,558,411,557,0,0,0,0,0,0
413,3,317,412,497,0,0,0,0,0,0,0
414,4,415,666,231,610,0,0,0,0,0,0
415,4,609,414,548,919,0,0,0,0,0,0
416,3,417,1015,1014,0,0,0,0,0,0,0
417,3,744,416,460,0,0,0,0,0,0,0
418,4,419,450,152,449,0,0,0,0,0,0
419,2,751,418,0,0,0,0,0,0,0,0
420,3,421,438,224,0,0,0,0,0,0,0
421,3,422,535,420,0,0,0,0,0,0,0
422,3,423,428,421,0,0,0,0,0,0,0
423,2,424,422,0,0,0,0,0,0,0,0
424,2,425,423,0,0,0,0,0,0,0,0
425,2,426,424,0,0,0,0,0,0,0,0
426,2,427,425,0,0,0,0,0,0,0,0
427,2,428,426,0,0,0,0,0,0,0,0
428,3,429,427,422,0,0,0,0,0,0,0
429,2,430,428,0,0,0,0,0,0,0,0
430,1,430,0,0,0,0,0,0,0,0,0
431,1,431,0,0,0,0,0,0,0,0,0
432,1,432,0,0,0,0,0,0,0,0,0
433,1,433,0,0,0,0,0,0,0,0,0
434,1,434,0,0,0,0,0,0,0,0,0
435,1,435,0,0,0,0,0,0,0,0,0
436,2,437,435,0,0,0,0,0,0,0,0
437,2,438,436,0,0,0,0,0,0,0,0
438,2,420,437,0,0,0,0,0,0,0,0
439,3,440,118,283,0,0,0,0,0,0,0
440,2,441,439,0,0,0,0,0,0,0,0
441,2,442,440,0,0,0,0,0,0,0,0
442,2,119,441,0,0,0,0,0,0,0,0
443,3,444,628,627,0,0,0,0,0,0,0
444,3,445,443,543,0,0,0,0,0,0,0
445,5,586,1412,444,585,1413,0,0,0,0,0
446,2,447,338,0,0,0,0,0,0,0,0
447,2,448,446,0,0,0,0,0,0,0,0
448,2,347,447,0,0,0,0,0,0,0,0
449,3,418,347,737,0,0,0,0,0,0,0
450,3,967,418,770,0,0,0,0,0,0,0
451,4,452,648,31,19,0,0,0,0,0,0
452,2,453,451,0,0,0,0,0,0,0,0
453,2,454,452,0,0,0,0,0,0,0,0
454,2,455,453,0,0,0,0,0,0,0,0
455,2,351,454,0,0,0,0,0,0,0,0
456,3,457,961,264,0,0,0,0,0,0,0
457,4,458,786,456,204,0,0,0,0,0,0
458,3,1094,457,203,0,0,0,0,0,0,0
459,3,460,1014,148,0,0,0,0,0,0,0
460,3,417,459,149,0,0,0,0,0,0,0
461,3,194,44,1003,0,0,0,0,0,0,0
462,4,463,42,194,713,0,0,0,0,0,0
463,4,464,539,462,41,0,0,0,0,0,0
464,4,465,40,955,463,0,0,0,0,0,0
465,4,466,740,464,39,0,0,0,0,0,0
466,3,467,38,465,0,0,0,0,0,0,0
467,4,468,37,466,672,0,0,0,0,0,0
468,3,469,467,940,0,0,0,0,0,0,0
469,4,470,35,468,484,0,0,0,0,0,0
470,4,471,34,469,774,0,0,0,0,0,0
471,4,97,775,470,33,0,0,0,0,0,0
472,3,473,762,1013,0,0,0,0,0,0,0
473,3,474,472,779,0,0,0,0,0,0,0
474,4,475,995,473,778,0,0,0,0,0,0
475,3,881,474,777,0,0,0,0,0,0,0
476,3,477,235,53,0,0,0,0,0,0,0
477,3,478,476,844,0,0,0,0,0,0,0
478,2,479,477,0,0,0,0,0,0,0,0
479,2,326,478,0,0,0,0,0,0,0,0
480,3,481,127,668,0,0,0,0,0,0,0
481,3,482,480,928,0,0,0,0,0,0,0
482,3,245,481,64,0,0,0,0,0,0,0
483,3,72,939,245,0,0,0,0,0,0,0
484,4,469,940,72,774,0,0,0,0,0,0
485,4,486,612,35,551,0,0,0,0,0,0
486,4,348,239,485,613,0,0,0,0,0,0
487,1,487,0,0,0,0,0,0,0,0,0
488,1,488,0,0,0,0,0,0,0,0,0
489,3,47,162,761,0,0,0,0,0,0,0
490,3,409,922,111,0,0,0,0,0,0,0
491,2,331,409,0,0,0,0,0,0,0,0
492,4,493,758,183,914,0,0,0,0,0,0
493,3,244,492,565,0,0,0,0,0,0,0
494,4,495,206,561,952,0,0,0,0,0,0
495,2,496,494,0,0,0,0,0,0,0,0
496,2,497,495,0,0,0,0,0,0,0,0
497,4,413,316,496,560,0,0,0,0,0,0
498,3,162,876,45,0,0,0,0,0,0,0
499,3,349,308,296,0,0,0,0,0,0,0
500,3,501,93,921,0,0,0,0,0,0,0
501,3,181,500,950,0,0,0,0,0,0,0
502,2,503,1117,0,0,0,0,0,0,0,0
503,2,504,502,0,0,0,0,0,0,0,0
504,3,285,503,516,0,0,0,0,0,0,0
505,3,506,979,978,0,0,0,0,0,0,0
506,6,862,1432,1434,505,861,1433,0,0,0,0
507,3,508,524,676,0,0,0,0,0,0,0
508,3,509,1092,507,0,0,0,0,0,0,0
509,6,855,1426,1428,508,854,1427,0,0,0,0
510,3,511,225,670,0,0,0,0,0,0,0
511,2,512,510,0,0,0,0,0,0,0,0
512,3,513,511,981,0,0,0,0,0,0,0
513,2,514,512,0,0,0,0,0,0,0,0
514,3,515,513,997,0,0,0,0,0,0,0
515,4,122,670,514,603,0,0,0,0,0,0
516,3,517,504,1362,0,0,0,0,0,0,0
517,2,518,516,0,0,0,0,0,0,0,0
518,2,288,517,0,0,0,0,0,0,0,0
519,3,520,958,278,0,0,0,0,0,0,0
520,3,272,519,880,0,0,0,0,0,0,0
521,2,522,601,0,0,0,0,0,0,0,0
522,3,523,521,1092,0,0,0,0,0,0,0
523,2,524,522,0,0,0,0,0,0,0,0
524,3,1120,523,507,0,0,0,0,0,0,0
525,6,526,851,1419,1421,850,1420,0,0,0,0
526,1,525,0,0,0,0,0,0,0,0,0
527,1,527,0,0,0,0,0,0,0,0,0
528,1,528,0,0,0,0,0,0,0,0,0
529,1,529,0,0,0,0,0,0,0,0,0
530,1,530,0,0,0,0,0,0,0,0,0
531,1,531,0,0,0,0,0,0,0,0,0
532,1,532,0,0,0,0,0,0,0,0,0
533,1,533,0,0,0,0,0,0,0,0,0
534,1,534,0,0,0,0,0,0,0,0,0
535,2,536,421,0,0,0,0,0,0,0,0
536,2,435,535,0,0,0,0,0,0,0,0
537,3,538,837,191,0,0,0,0,0,0,0
538,3,41,537,193,0,0,0,0,0,0,0
539,4,79,713,463,955,0,0,0,0,0,0
540,3,541,968,1120,0,0,0,0,0,0,0
541,3,1121,540,1214,0,0,0,0,0,0,0
542,3,185,1019,641,0,0,0,0,0,0,0
543,3,444,628,584,0,0,0,0,0,0,0
544,3,304,885,876,0,0,0,0,0,0,0
545,2,304,884,0,0,0,0,0,0,0,0
546,3,547,750,673,0,0,0,0,0,0,0
547,3,748,546,674,0,0,0,0,0,0,0
548,4,415,677,706,1017,0,0,0,0,0,0
549,3,1372,293,796,0,0,0,0,0,0,0
550,3,183,261,1018,0,0,0,0,0,0,0
551,4,239,485,36,839,0,0,0,0,0,0
552,4,146,323,219,257,0,0,0,0,0,0
553,4,284,712,146,256,0,0,0,0,0,0
554,3,555,284,254,0,0,0,0,0,0,0
555,4,556,253,554,945,0,0,0,0,0,0
556,4,557,319,555,252,0,0,0,0,0,0
557,4,412,847,556,966,0,0,0,0,0,0
558,3,559,412,954,0,0,0,0,0,0,0
559,3,560,558,925,0,0,0,0,0,0,0
560,3,561,497,559,0,0,0,0,0,0,0
561,3,494,560,953,0,0,0,0,0,0,0
562,4,113,892,206,208,0,0,0,0,0,0
563,3,233,611,113,0,0,0,0,0,0,0
564,4,565,610,233,665,0,0,0,0,0,0
565,3,493,564,914,0,0,0,0,0,0,0
566,3,567,617,616,0,0,0,0,0,0,0
567,3,592,566,591,0,0,0,0,0,0,0
568,3,341,761,569,0,0,0,0,0,0,0
569,5,568,784,160,723,1131,0,0,0,0,0
570,1,142,0,0,0,0,0,0,0,0,0
571,2,572,135,0,0,0,0,0,0,0,0
572,2,573,571,0,0,0,0,0,0,0,0
573,2,574,572,0,0,0,0,0,0,0,0
574,2,575,573,0,0,0,0,0,0,0,0
575,2,576,574,0,0,0,0,0,0,0,0
576,2,577,575,0,0,0,0,0,0,0,0
577,2,578,576,0,0,0,0,0,0,0,0
578,3,972,577,807,0,0,0,0,0,0,0
579,3,580,632,631,0,0,0,0,0,0,0
580,2,581,579,0,0,0,0,0,0,0,0
581,2,582,580,0,0,0,0,0,0,0,0
582,2,583,581,0,0,0,0,0,0,0,0
583,2,584,582,0,0,0,0,0,0,0,0
584,3,585,543,583,0,0,0,0,0,0,0
585,2,445,584,0,0,0,0,0,0,0,0
586,3,587,1100,445,0,0,0,0,0,0,0
587,5,588,1412,586,944,1413,0,0,0,0,0
588,3,589,587,776,0,0,0,0,0,0,0
589,2,590,588,0,0,0,0,0,0,0,0
590,2,591,589,0,0,0,0,0,0,0,0
591,3,567,590,941,0,0,0,0,0,0,0
592,2,593,567,0,0,0,0,0,0,0,0
593,2,594,592,0,0,0,0,0,0,0,0
594,2,595,593,0,0,0,0,0,0,0,0
595,2,596,594,0,0,0,0,0,0,0,0
596,2,597,595,0,0,0,0,0,0,0,0
597,2,598,596,0,0,0,0,0,0,0,0
598,4,616,597,272,1324,0,0,0,0,0,0
599,6,600,856,1427,1429,855,1428,0,0,0,0
600,3,601,614,599,0,0,0,0,0,0,0
601,2,521,600,0,0,0,0,0,0,0,0
602,3,603,643,1130,0,0,0,0,0,0,0
603,3,123,515,602,0,0,0,0,0,0,0
604,4,350,19,61,355,0,0,0,0,0,0
605,4,215,350,795,964,0,0,0,0,0,0
606,3,607,970,218,0,0,0,0,0,0,0
607,4,608,971,606,259,0,0,0,0,0,0
608,3,164,607,929,0,0,0,0,0,0,0
609,4,610,677,415,244,0,0,0,0,0,0
610,4,232,414,609,564,0,0,0,0,0,0
611,4,112,356,232,563,0,0,0,0,0,0
612,4,613,840,34,485,0,0,0,0,0,0
613,4,486,349,612,956,0,0,0,0,0,0
614,2,615,600,0,0,0,0,0,0,0,0
615,2,1112,614,0,0,0,0,0,0,0,0
616,2,566,598,0,0,0,0,0,0,0,0
617,2,618,566,0,0,0,0,0,0,0,0
618,3,619,941,617,0,0,0,0,0,0,0
619,2,620,618,0,0,0,0,0,0,0,0
620,3,621,776,619,0,0,0,0,0,0,0
621,3,622,894,620,0,0,0,0,0,0,0
622,2,623,621,0,0,0,0,0,0,0,0
623,2,624,622,0,0,0,0,0,0,0,0
624,2,625,623,0,0,0,0,0,0,0,0
625,2,626,624,0,0,0,0,0,0,0,0
626,2,627,625,0,0,0,0,0,0,0,0
627,2,443,626,0,0,0,0,0,0,0,0
628,3,629,443,543,0,0,0,0,0,0,0
629,2,630,628,0,0,0,0,0,0,0,0
630,2,631,629,0,0,0,0,0,0,0,0
631,2,579,630,0,0,0,0,0,0,0,0
632,2,633,579,0,0,0,0,0,0,0,0
633,2,634,632,0,0,0,0,0,0,0,0
634,2,635,633,0,0,0,0,0,0,0,0
635,2,636,634,0,0,0,0,0,0,0,0
636,2,637,635,0,0,0,0,0,0,0,0
637,4,1302,636,527,1354,0,0,0,0,0,0
638,3,186,1018,302,0,0,0,0,0,0,0
639,2,640,186,0,0,0,0,0,0,0,0
640,2,641,639,0,0,0,0,0,0,0,0
641,4,542,640,708,946,0,0,0,0,0,0
642,3,643,807,125,0,0,0,0,0,0,0
643,3,602,642,972,0,0,0,0,0,0,0
644,3,645,733,1090,0,0,0,0,0,0,0
645,3,731,644,735,0,0,0,0,0,0,0
646,3,647,67,120,0,0,0,0,0,0,0
647,4,355,63,646,669,0,0,0,0,0,0
648,2,649,451,0,0,0,0,0,0,0,0
649,2,650,648,0,0,0,0,0,0,0,0
650,3,262,649,26,0,0,0,0,0,0,0
651,3,131,190,837,0,0,0,0,0,0,0
652,4,677,948,298,242,0,0,0,0,0,0
653,3,654,1323,1322,0,0,0,0,0,0,0
654,3,1245,653,1176,0,0,0,0,0,0,0
655,3,656,734,1093,0,0,0,0,0,0,0
656,2,657,655,0,0,0,0,0,0,0,0
657,2,658,656,0,0,0,0,0,0,0,0
658,1,658,0,0,0,0,0,0,0,0,0
659,1,659,0,0,0,0,0,0,0,0,0
660,1,660,0,0,0,0,0,0,0,0,0
661,1,661,0,0,0,0,0,0,0,0,0
662,2,663,661,0,0,0,0,0,0,0,0
663,2,664,662,0,0,0,0,0,0,0,0
664,2,808,663,0,0,0,0,0,0,0,0
665,3,564,921,234,0,0,0,0,0,0,0
666,3,667,229,414,0,0,0,0,0,0,0
667,3,312,919,666,0,0,0,0,0,0,0
668,4,669,480,64,353,0,0,0,0,0,0
669,4,647,65,668,354,0,0,0,0,0,0
670,4,510,805,121,515,0,0,0,0,0,0
671,2,880,225,0,0,0,0,0,0,0,0
672,4,467,74,740,940,0,0,0,0,0,0
673,3,674,546,930,0,0,0,0,0,0,0
674,3,547,673,747,0,0,0,0,0,0,0
675,2,676,24,0,0,0,0,0,0,0,0
676,2,507,675,0,0,0,0,0,0,0,0
677,4,609,243,652,548,0,0,0,0,0,0
678,3,679,148,1013,0,0,0,0,0,0,0
679,3,743,678,742,0,0,0,0,0,0,0
680,3,681,1069,1068,0,0,0,0,0,0,0
681,1,681,0,0,0,0,0,0,0,0,0
682,1,682,0,0,0,0,0,0,0,0,0
683,1,683,0,0,0,0,0,0,0,0,0
684,1,684,0,0,0,0,0,0,0,0,0
685,1,685,0,0,0,0,0,0,0,0,0
686,1,686,0,0,0,0,0,0,0,0,0
687,1,687,0,0,0,0,0,0,0,0,0
688,1,688,0,0,0,0,0,0,0,0,0
689,1,689,0,0,0,0,0,0,0,0,0
690,1,690,0,0,0,0,0,0,0,0,0
691,1,691,0,0,0,0,0,0,0,0,0
692,1,692,0,0,0,0,0,0,0,0,0
693,1,693,0,0,0,0,0,0,0,0,0
694,1,694,0,0,0,0,0,0,0,0,0
695,1,695,0,0,0,0,0,0,0,0,0
696,1,696,0,0,0,0,0,0,0,0,0
697,1,697,0,0,0,0,0,0,0,0,0
698,1,698,0,0,0,0,0,0,0,0,0
699,1,699,0,0,0,0,0,0,0,0,0
700,1,700,0,0,0,0,0,0,0,0,0
701,1,701,0,0,0,0,0,0,0,0,0
702,1,702,0,0,0,0,0,0,0,0,0
703,1,703,0,0,0,0,0,0,0,0,0
704,1,704,0,0,0,0,0,0,0,0,0
705,1,705,0,0,0,0,0,0,0,0,0
706,4,548,949,310,919,0,0,0,0,0,0
707,4,708,1020,243,947,0,0,0,0,0,0
708,4,641,758,707,757,0,0,0,0,0,0
709,3,710,805,959,0,0,0,0,0,0,0
710,3,282,806,709,0,0,0,0,0,0,0
711,3,169,143,1242,0,0,0,0,0,0,0
712,3,321,945,553,0,0,0,0,0,0,0
713,3,462,718,539,0,0,0,0,0,0,0
714,3,715,1317,1112,0,0,0,0,0,0,0
715,3,716,973,714,0,0,0,0,0,0,0
716,2,717,715,0,0,0,0,0,0,0,0
717,3,861,716,1102,0,0,0,0,0,0,0
718,3,195,81,713,0,0,0,0,0,0,0
719,5,720,866,1434,865,1435,0,0,0,0,0
720,3,957,719,1252,0,0,0,0,0,0,0
721,2,722,52,0,0,0,0,0,0,0,0
722,2,235,721,0,0,0,0,0,0,0,0
723,3,344,569,760,0,0,0,0,0,0,0
724,6,89,1387,118,1002,1388,1386,0,0,0,0
725,3,726,795,794,0,0,0,0,0,0,0
726,2,727,725,0,0,0,0,0,0,0,0
727,2,728,726,0,0,0,0,0,0,0,0
728,2,17,727,0,0,0,0,0,0,0,0
729,3,730,1004,1003,0,0,0,0,0,0,0
730,3,1012,729,1011,0,0,0,0,0,0,0
731,3,732,212,645,0,0,0,0,0,0,0
732,3,733,788,731,0,0,0,0,0,0,0
733,3,200,732,644,0,0,0,0,0,0,0
734,3,891,200,655,0,0,0,0,0,0,0
735,3,645,877,920,0,0,0,0,0,0,0
736,6,737,850,1417,1419,849,1418,0,0,0,0
737,2,449,736,0,0,0,0,0,0,0,0
738,3,739,913,980,0,0,0,0,0,0,0
739,6,863,1433,1435,738,862,1434,0,0,0,0
740,4,75,955,465,672,0,0,0,0,0,0
741,3,742,1440,762,0,0,0,0,0,0,0
742,3,679,741,762,0,0,0,0,0,0,0
743,2,149,679,0,0,0,0,0,0,0,0
744,2,745,417,0,0,0,0,0,0,0,0
745,3,746,744,842,0,0,0,0,0,0,0
746,3,747,745,930,0,0,0,0,0,0,0
747,2,674,746,0,0,0,0,0,0,0,0
748,2,749,547,0,0,0,0,0,0,0,0
749,2,750,748,0,0,0,0,0,0,0,0
750,3,1024,749,546,0,0,0,0,0,0,0
751,2,752,419,0,0,0,0,0,0,0,0
752,2,753,751,0,0,0,0,0,0,0,0
753,2,754,752,0,0,0,0,0,0,0,0
754,1,753,0,0,0,0,0,0,0,0,0
755,2,20,835,0,0,0,0,0,0,0,0
756,4,757,947,134,946,0,0,0,0,0,0
757,2,708,756,0,0,0,0,0,0,0,0
758,4,1020,708,492,1019,0,0,0,0,0,0
759,3,760,346,152,0,0,0,0,0,0,0
760,3,723,345,759,0,0,0,0,0,0,0
761,3,489,340,568,0,0,0,0,0,0,0
762,3,742,741,472,0,0,0,0,0,0,0
763,3,764,85,984,0,0,0,0,0,0,0
764,2,765,763,0,0,0,0,0,0,0,0
765,2,766,764,0,0,0,0,0,0,0,0
766,2,767,765,0,0,0,0,0,0,0,0
767,1,766,0,0,0,0,0,0,0,0,0
768,3,769,969,885,0,0,0,0,0,0,0
769,2,770,768,0,0,0,0,0,0,0,0
770,2,450,769,0,0,0,0,0,0,0,0
771,3,772,917,916,0,0,0,0,0,0,0
772,2,106,771,0,0,0,0,0,0,0,0
773,4,76,76,57,57,0,0,0,0,0,0
774,4,775,484,470,71,0,0,0,0,0,0
775,3,96,774,471,0,0,0,0,0,0,0
776,4,588,942,620,941,0,0,0,0,0,0
777,3,778,475,382,0,0,0,0,0,0,0
778,4,779,474,777,383,0,0,0,0,0,0
779,4,780,473,778,384,0,0,0,0,0,0
780,1,779,0,0,0,0,0,0,0,0,0
781,2,782,58,0,0,0,0,0,0,0,0
782,2,783,781,0,0,0,0,0,0,0,0
783,2,1028,782,0,0,0,0,0,0,0,0
784,2,342,569,0,0,0,0,0,0,0,0
785,3,204,1093,262,0,0,0,0,0,0,0
786,2,787,457,0,0,0,0,0,0,0,0
787,3,918,786,1094,0,0,0,0,0,0,0
788,2,789,732,0,0,0,0,0,0,0,0
789,3,790,994,788,0,0,0,0,0,0,0
790,2,791,789,0,0,0,0,0,0,0,0
791,3,915,790,202,0,0,0,0,0,0,0
792,3,793,1124,1123,0,0,0,0,0,0,0
793,2,794,792,0,0,0,0,0,0,0,0
794,2,725,793,0,0,0,0,0,0,0,0
795,2,605,725,0,0,0,0,0,0,0,0
796,3,797,549,1114,0,0,0,0,0,0,0
797,2,288,796,0,0,0,0,0,0,0,0
798,3,799,804,85,0,0,0,0,0,0,0
799,2,800,798,0,0,0,0,0,0,0,0
800,2,801,799,0,0,0,0,0,0,0,0
801,2,802,800,0,0,0,0,0,0,0,0
802,2,803,801,0,0,0,0,0,0,0,0
803,2,804,802,0,0,0,0,0,0,0,0
804,3,307,803,798,0,0,0,0,0,0,0
805,3,69,670,709,0,0,0,0,0,0,0
806,3,283,69,710,0,0,0,0,0,0,0
807,2,578,642,0,0,0,0,0,0,0,0
808,2,809,664,0,0,0,0,0,0,0,0
809,2,810,808,0,0,0,0,0,0,0,0
810,2,811,809,0,0,0,0,0,0,0,0
811,2,812,810,0,0,0,0,0,0,0,0
812,1,812,0,0,0,0,0,0,0,0,0
813,1,813,0,0,0,0,0,0,0,0,0
814,1,814,0,0,0,0,0,0,0,0,0
815,1,815,0,0,0,0,0,0,0,0,0
816,1,816,0,0,0,0,0,0,0,0,0
817,1,817,0,0,0,0,0,0,0,0,0
818,1,818,0,0,0,0,0,0,0,0,0
819,1,819,0,0,0,0,0,0,0,0,0
820,1,820,0,0,0,0,0,0,0,0,0
821,1,821,0,0,0,0,0,0,0,0,0
822,1,822,0,0,0,0,0,0,0,0,0
823,1,823,0,0,0,0,0,0,0,0,0
824,1,824,0,0,0,0,0,0,0,0,0
825,1,825,0,0,0,0,0,0,0,0,0
826,1,826,0,0,0,0,0,0,0,0,0
827,1,827,0,0,0,0,0,0,0,0,0
828,1,828,0,0,0,0,0,0,0,0,0
829,1,829,0,0,0,0,0,0,0,0,0
830,1,830,0,0,0,0,0,0,0,0,0
831,1,831,0,0,0,0,0,0,0,0,0
832,6,109,221,1420,1422,851,1421,0,0,0,0
833,2,834,109,0,0,0,0,0,0,0,0
834,2,835,833,0,0,0,0,0,0,0,0
835,2,755,834,0,0,0,0,0,0,0,0
836,3,191,1133,1132,0,0,0,0,0,0,0
837,4,838,651,537,40,0,0,0,0,0,0
838,4,839,39,837,132,0,0,0,0,0,0
839,4,551,960,838,38,0,0,0,0,0,0
840,4,98,33,612,956,0,0,0,0,0,0
841,3,842,930,1108,0,0,0,0,0,0,0
842,3,745,841,1015,0,0,0,0,0,0,0
843,2,844,235,0,0,0,0,0,0,0,0
844,4,845,477,843,971,0,0,0,0,0,0
845,2,846,844,0,0,0,0,0,0,0,0
846,3,324,845,970,0,0,0,0,0,0,0
847,3,411,174,557,0,0,0,0,0,0,0
848,2,849,338,0,0,0,0,0,0,0,0
849,2,736,848,0,0,0,0,0,0,0,0
850,6,525,1418,1420,736,893,1419,0,0,0,0
851,2,832,525,0,0,0,0,0,0,0,0
852,6,853,923,1424,1426,25,1425,0,0,0,0
853,2,854,852,0,0,0,0,0,0,0,0
854,6,509,1425,1427,853,924,1426,0,0,0,0
855,2,599,509,0,0,0,0,0,0,0,0
856,2,857,599,0,0,0,0,0,0,0,0
857,2,858,856,0,0,0,0,0,0,0,0
858,6,859,1428,1430,857,1112,1429,0,0,0,0
859,6,860,985,1429,1431,858,1430,0,0,0,0
860,6,861,1430,1432,859,990,1431,0,0,0,0
861,6,506,1431,1433,860,717,1432,0,0,0,0
862,2,739,506,0,0,0,0,0,0,0,0
863,2,864,739,0,0,0,0,0,0,0,0
864,2,865,863,0,0,0,0,0,0,0,0
865,2,719,864,0,0,0,0,0,0,0,0
866,2,867,719,0,0,0,0,0,0,0,0
867,2,868,866,0,0,0,0,0,0,0,0
868,2,869,867,0,0,0,0,0,0,0,0
869,2,870,868,0,0,0,0,0,0,0,0
870,2,871,869,0,0,0,0,0,0,0,0
871,6,872,365,1435,1437,870,1436,0,0,0,0
872,2,873,871,0,0,0,0,0,0,0,0
873,6,874,1436,1438,872,991,1437,0,0,0,0
874,5,875,1438,1437,1439,873,0,0,0,0,0
875,2,114,874,0,0,0,0,0,0,0,0
876,3,544,161,498,0,0,0,0,0,0,0
877,3,878,57,735,0,0,0,0,0,0,0
878,2,879,877,0,0,0,0,0,0,0,0
879,2,78,878,0,0,0,0,0,0,0,0
880,3,520,958,671,0,0,0,0,0,0,0
881,1,475,0,0,0,0,0,0,0,0,0
882,2,883,174,0,0,0,0,0,0,0,0
883,3,1119,882,410,0,0,0,0,0,0,0
884,2,545,885,0,0,0,0,0,0,0,0
885,3,884,768,544,0,0,0,0,0,0,0
886,1,886,0,0,0,0,0,0,0,0,0
887,1,887,0,0,0,0,0,0,0,0,0
888,1,888,0,0,0,0,0,0,0,0,0
889,1,889,0,0,0,0,0,0,0,0,0
890,1,890,0,0,0,0,0,0,0,0,0
891,3,1113,199,734,0,0,0,0,0,0,0
892,3,234,950,562,0,0,0,0,0,0,0
893,1,850,0,0,0,0,0,0,0,0,0
894,2,895,621,0,0,0,0,0,0,0,0
895,2,896,894,0,0,0,0,0,0,0,0
896,2,897,895,0,0,0,0,0,0,0,0
897,2,898,896,0,0,0,0,0,0,0,0
898,2,899,897,0,0,0,0,0,0,0,0
899,2,900,898,0,0,0,0,0,0,0,0
900,2,901,899,0,0,0,0,0,0,0,0
901,2,902,900,0,0,0,0,0,0,0,0
902,1,901,0,0,0,0,0,0,0,0,0
903,1,903,0,0,0,0,0,0,0,0,0
904,1,904,0,0,0,0,0,0,0,0,0
905,1,905,0,0,0,0,0,0,0,0,0
906,1,906,0,0,0,0,0,0,0,0,0
907,1,907,0,0,0,0,0,0,0,0,0
908,1,908,0,0,0,0,0,0,0,0,0
909,3,910,1249,1227,0,0,0,0,0,0,0
910,3,911,1318,909,0,0,0,0,0,0,0
911,2,912,910,0,0,0,0,0,0,0,0
912,2,913,911,0,0,0,0,0,0,0,0
913,2,738,912,0,0,0,0,0,0,0,0
914,4,565,492,182,921,0,0,0,0,0,0
915,2,916,791,0,0,0,0,0,0,0,0
916,2,771,915,0,0,0,0,0,0,0,0
917,2,918,771,0,0,0,0,0,0,0,0
918,3,1095,917,787,0,0,0,0,0,0,0
919,4,415,706,311,667,0,0,0,0,0,0
920,3,735,80,1090,0,0,0,0,0,0,0
921,3,914,500,665,0,0,0,0,0,0,0
922,3,50,490,251,0,0,0,0,0,0,0
923,3,924,931,852,0,0,0,0,0,0,0
924,3,854,923,935,0,0,0,0,0,0,0
925,4,559,954,177,953,0,0,0,0,0,0
926,2,927,73,0,0,0,0,0,0,0,0
927,2,126,926,0,0,0,0,0,0,0,0
928,2,481,126,0,0,0,0,0,0,0,0
929,3,608,235,971,0,0,0,0,0,0,0
930,3,746,673,841,0,0,0,0,0,0,0
931,2,932,923,0,0,0,0,0,0,0,0
932,2,933,931,0,0,0,0,0,0,0,0
933,2,934,932,0,0,0,0,0,0,0,0
934,2,935,933,0,0,0,0,0,0,0,0
935,2,924,934,0,0,0,0,0,0,0,0
936,3,270,130,189,0,0,0,0,0,0,0
937,3,938,89,965,0,0,0,0,0,0,0
938,4,247,88,937,1096,0,0,0,0,0,0
939,4,71,95,247,483,0,0,0,0,0,0
940,3,672,468,484,0,0,0,0,0,0,0
941,3,776,591,618,0,0,0,0,0,0,0
942,2,943,776,0,0,0,0,0,0,0,0
943,2,944,942,0,0,0,0,0,0,0,0
944,3,587,943,1101,0,0,0,0,0,0,0
945,3,555,712,320,0,0,0,0,0,0,0
946,4,756,641,187,301,0,0,0,0,0,0
947,4,242,707,756,300,0,0,0,0,0,0
948,4,949,1017,652,297,0,0,0,0,0,0
949,4,309,296,948,706,0,0,0,0,0,0
950,3,951,501,892,0,0,0,0,0,0,0
951,4,952,206,950,180,0,0,0,0,0,0
952,4,953,494,951,179,0,0,0,0,0,0
953,4,925,561,952,178,0,0,0,0,0,0
954,4,411,558,925,176,0,0,0,0,0,0
955,4,539,77,740,464,0,0,0,0,0,0
956,3,840,613,99,0,0,0,0,0,0,0
957,3,1253,365,720,0,0,0,0,0,0,0
958,4,226,279,519,880,0,0,0,0,0,0
959,3,709,281,226,0,0,0,0,0,0,0
960,4,132,1091,239,839,0,0,0,0,0,0
961,2,962,456,0,0,0,0,0,0,0,0
962,2,17,961,0,0,0,0,0,0,0,0
963,2,964,17,0,0,0,0,0,0,0,0
964,2,605,963,0,0,0,0,0,0,0,0
965,4,937,1002,65,1096,0,0,0,0,0,0
966,2,557,318,0,0,0,0,0,0,0,0
967,2,968,450,0,0,0,0,0,0,0,0
968,3,969,967,540,0,0,0,0,0,0,0
969,3,1221,968,768,0,0,0,0,0,0,0
970,3,971,846,606,0,0,0,0,0,0,0
971,4,929,844,970,607,0,0,0,0,0,0
972,3,643,997,578,0,0,0,0,0,0,0
973,3,974,1102,715,0,0,0,0,0,0,0
974,2,975,973,0,0,0,0,0,0,0,0
975,2,976,974,0,0,0,0,0,0,0,0
976,2,977,975,0,0,0,0,0,0,0,0
977,2,978,976,0,0,0,0,0,0,0,0
978,2,505,977,0,0,0,0,0,0,0,0
979,2,980,505,0,0,0,0,0,0,0,0
980,2,738,979,0,0,0,0,0,0,0,0
981,1,512,0,0,0,0,0,0,0,0,0
982,2,983,0,0,0,0,0,0,0,0,0
983,2,984,982,0,0,0,0,0,0,0,0
984,3,763,983,1302,0,0,0,0,0,0,0
985,2,986,859,0,0,0,0,0,0,0,0
986,2,987,985,0,0,0,0,0,0,0,0
987,2,988,986,0,0,0,0,0,0,0,0
988,2,989,987,0,0,0,0,0,0,0,0
989,2,990,988,0,0,0,0,0,0,0,0
990,2,860,989,0,0,0,0,0,0,0,0
991,2,873,368,0,0,0,0,0,0,0,0
992,1,993,0,0,0,0,0,0,0,0,0
993,3,1115,992,1114,0,0,0,0,0,0,0
994,2,105,789,0,0,0,0,0,0,0,0
995,1,474,0,0,0,0,0,0,0,0,0
996,3,1134,181,92,0,0,0,0,0,0,0
997,4,514,1129,972,1128,0,0,0,0,0,0
998,1,998,0,0,0,0,0,0,0,0,0
999,1,999,0,0,0,0,0,0,0,0,0
1000,1,1000,0,0,0,0,0,0,0,0,0
1001,1,1001,0,0,0,0,0,0,0,0,0
1002,4,724,119,66,965,0,0,0,0,0,0
1003,3,729,461,84,0,0,0,0,0,0,0
1004,2,1005,729,0,0,0,0,0,0,0,0
1005,2,1006,1004,0,0,0,0,0,0,0,0
1006,2,1007,1005,0,0,0,0,0,0,0,0
1007,2,1008,1006,0,0,0,0,0,0,0,0
1008,2,1009,1007,0,0,0,0,0,0,0,0
1009,2,1010,1008,0,0,0,0,0,0,0,0
1010,2,1011,1009,0,0,0,0,0,0,0,0
1011,2,730,1010,0,0,0,0,0,0,0,0
1012,3,84,730,1113,0,0,0,0,0,0,0
1013,3,678,472,385,0,0,0,0,0,0,0
1014,2,416,459,0,0,0,0,0,0,0,0
1015,3,1016,842,416,0,0,0,0,0,0,0
1016,3,1108,1015,387,0,0,0,0,0,0,0
1017,2,548,948,0,0,0,0,0,0,0,0
1018,3,184,550,638,0,0,0,0,0,0,0
1019,3,758,184,542,0,0,0,0,0,0,0
1020,3,244,758,707,0,0,0,0,0,0,0
1021,1,327,0,0,0,0,0,0,0,0,0
1022,3,1023,1033,1032,0,0,0,0,0,0,0
1023,3,1038,1022,1037,0,0,0,0,0,0,0
1024,4,1025,59,389,750,0,0,0,0,0,0
1025,2,1441,1024,0,0,0,0,0,0,0,0
1026,1,1026,0,0,0,0,0,0,0,0,0
1027,1,1027,0,0,0,0,0,0,0,0,0
1028,3,1029,783,1111,0,0,0,0,0,0,0
1029,2,1030,1028,0,0,0,0,0,0,0,0
1030,2,1031,1029,0,0,0,0,0,0,0,0
1031,2,1032,1030,0,0,0,0,0,0,0,0
1032,2,1022,1031,0,0,0,0,0,0,0,0
1033,2,1034,1022,0,0,0,0,0,0,0,0
1034,2,1035,1033,0,0,0,0,0,0,0,0
1035,2,1036,1034,0,0,0,0,0,0,0,0
1036,2,1037,1035,0,0,0,0,0,0,0,0
1037,2,1023,1036,0,0,0,0,0,0,0,0
1038,2,1039,1023,0,0,0,0,0,0,0,0
1039,2,1040,1038,0,0,0,0,0,0,0,0
1040,2,1041,1039,0,0,0,0,0,0,0,0
1041,2,1042,1040,0,0,0,0,0,0,0,0
1042,2,1043,1041,0,0,0,0,0,0,0,0
1043,2,1044,1042,0,0,0,0,0,0,0,0
1044,2,1045,1043,0,0,0,0,0,0,0,0
1045,2,1046,1044,0,0,0,0,0,0,0,0
1046,2,1047,1045,0,0,0,0,0,0,0,0
1047,2,1048,1046,0,0,0,0,0,0,0,0
1048,2,1049,1047,0,0,0,0,0,0,0,0
1049,2,1050,1048,0,0,0,0,0,0,0,0
1050,2,1051,1049,0,0,0,0,0,0,0,0
1051,2,1052,1050,0,0,0,0,0,0,0,0
1052,2,1053,1051,0,0,0,0,0,0,0,0
1053,2,1054,1052,0,0,0,0,0,0,0,0
1054,2,1055,1053,0,0,0,0,0,0,0,0
1055,2,1056,1054,0,0,0,0,0,0,0,0
1056,2,1057,1055,0,0,0,0,0,0,0,0
1057,2,1058,1056,0,0,0,0,0,0,0,0
1058,3,1059,1057,1443,0,0,0,0,0,0,0
1059,2,1060,1058,0,0,0,0,0,0,0,0
1060,2,1061,1059,0,0,0,0,0,0,0,0
1061,3,1062,1060,1444,0,0,0,0,0,0,0
1062,2,1063,1061,0,0,0,0,0,0,0,0
1063,2,1064,1062,0,0,0,0,0,0,0,0
1064,2,1065,1063,0,0,0,0,0,0,0,0
1065,2,1066,1064,0,0,0,0,0,0,0,0
1066,2,1067,1065,0,0,0,0,0,0,0,0
1067,2,1068,1066,0,0,0,0,0,0,0,0
1068,3,680,1067,1445,0,0,0,0,0,0,0
1069,1,1069,0,0,0,0,0,0,0,0,0
1070,1,1070,0,0,0,0,0,0,0,0,0
1071,2,1072,1070,0,0,0,0,0,0,0,0
1072,3,1073,1071,1446,0,0,0,0,0,0,0
1073,2,1074,1072,0,0,0,0,0,0,0,0
1074,2,1075,1073,0,0,0,0,0,0,0,0
1075,4,1076,1447,1074,1448,0,0,0,0,0,0
1076,2,1077,1075,0,0,0,0,0,0,0,0
1077,2,1078,1076,0,0,0,0,0,0,0,0
1078,2,1079,1077,0,0,0,0,0,0,0,0
1079,2,1080,1078,0,0,0,0,0,0,0,0
1080,2,1081,1079,0,0,0,0,0,0,0,0
1081,2,1082,1080,0,0,0,0,0,0,0,0
1082,2,1083,1081,0,0,0,0,0,0,0,0
1083,2,1084,1082,0,0,0,0,0,0,0,0
1084,2,1085,1083,0,0,0,0,0,0,0,0
1085,2,1086,1084,0,0,0,0,0,0,0,0
1086,2,1087,1085,0,0,0,0,0,0,0,0
1087,2,1088,1086,0,0,0,0,0,0,0,0
1088,2,1089,1087,0,0,0,0,0,0,0,0
1089,1,1088,0,0,0,0,0,0,0,0,0
1090,4,644,920,82,198,0,0,0,0,0,0
1091,2,271,960,0,0,0,0,0,0,0,0
1092,2,522,508,0,0,0,0,0,0,0,0
1093,3,203,655,785,0,0,0,0,0,0,0
1094,2,787,458,0,0,0,0,0,0,0,0
1095,3,213,1123,918,0,0,0,0,0,0,0
1096,4,938,965,64,1107,0,0,0,0,0,0
1097,1,1097,0,0,0,0,0,0,0,0,0
1098,1,1098,0,0,0,0,0,0,0,0,0
1099,1,1099,0,0,0,0,0,0,0,0,0
1100,2,1101,586,0,0,0,0,0,0,0,0
1101,2,944,1100,0,0,0,0,0,0,0,0
1102,2,717,973,0,0,0,0,0,0,0,0
1103,3,1242,172,1119,0,0,0,0,0,0,0
1104,1,346,0,0,0,0,0,0,0,0,0
1105,2,1106,328,0,0,0,0,0,0,0,0
1106,2,53,1105,0,0,0,0,0,0,0,0
1107,2,1096,246,0,0,0,0,0,0,0,0
1108,2,841,1016,0,0,0,0,0,0,0,0
1109,2,1110,59,0,0,0,0,0,0,0,0
1110,2,1111,1109,0,0,0,0,0,0,0,0
1111,2,1028,1110,0,0,0,0,0,0,0,0
1112,3,714,858,615,0,0,0,0,0,0,0
1113,3,198,1012,891,0,0,0,0,0,0,0
1114,3,993,796,285,0,0,0,0,0,0,0
1115,2,1116,993,0,0,0,0,0,0,0,0
1116,2,1117,1115,0,0,0,0,0,0,0,0
1117,2,502,1116,0,0,0,0,0,0,0,0
1118,3,178,410,1134,0,0,0,0,0,0,0
1119,3,173,1103,883,0,0,0,0,0,0,0
1120,4,1121,540,524,1323,0,0,0,0,0,0
1121,3,1244,1120,541,0,0,0,0,0,0,0
1122,2,369,117,0,0,0,0,0,0,0,0
1123,2,792,1095,0,0,0,0,0,0,0,0
1124,2,214,792,0,0,0,0,0,0,0,0
1125,1,1126,0,0,0,0,0,0,0,0,0
1126,2,305,1125,0,0,0,0,0,0,0,0
1127,3,1351,224,1350,0,0,0,0,0,0,0
1128,1,997,0,0,0,0,0,0,0,0,0
1129,2,1130,997,0,0,0,0,0,0,0,0
1130,2,602,1129,0,0,0,0,0,0,0,0
1131,2,569,343,0,0,0,0,0,0,0,0
1132,2,836,44,0,0,0,0,0,0,0,0
1133,2,302,836,0,0,0,0,0,0,0,0
1134,3,1145,1118,996,0,0,0,0,0,0,0
1135,3,1136,1182,1253,0,0,0,0,0,0,0
1136,2,1137,1135,0,0,0,0,0,0,0,0
1137,2,1138,1136,0,0,0,0,0,0,0,0
1138,2,1139,1137,0,0,0,0,0,0,0,0
1139,2,1140,1138,0,0,0,0,0,0,0,0
1140,2,1141,1139,0,0,0,0,0,0,0,0
1141,1,1141,0,0,0,0,0,0,0,0,0
1142,1,1142,0,0,0,0,0,0,0,0,0
1143,1,1143,0,0,0,0,0,0,0,0,0
1144,1,1144,0,0,0,0,0,0,0,0,0
1145,2,1146,1134,0,0,0,0,0,0,0,0
1146,2,1147,1145,0,0,0,0,0,0,0,0
1147,1,1147,0,0,0,0,0,0,0,0,0
1148,1,1148,0,0,0,0,0,0,0,0,0
1149,1,1149,0,0,0,0,0,0,0,0,0
1150,1,1150,0,0,0,0,0,0,0,0,0
1151,1,1151,0,0,0,0,0,0,0,0,0
1152,1,1152,0,0,0,0,0,0,0,0,0
1153,1,1153,0,0,0,0,0,0,0,0,0
1154,1,1154,0,0,0,0,0,0,0,0,0
1155,1,1155,0,0,0,0,0,0,0,0,0
1156,1,1156,0,0,0,0,0,0,0,0,0
1157,1,1157,0,0,0,0,0,0,0,0,0
1158,1,1158,0,0,0,0,0,0,0,0,0
1159,1,1159,0,0,0,0,0,0,0,0,0
1160,1,1160,0,0,0,0,0,0,0,0,0
1161,1,1161,0,0,0,0,0,0,0,0,0
1162,1,1162,0,0,0,0,0,0,0,0,0
1163,1,1163,0,0,0,0,0,0,0,0,0
1164,1,1164,0,0,0,0,0,0,0,0,0
1165,1,1165,0,0,0,0,0,0,0,0,0
1166,1,1166,0,0,0,0,0,0,0,0,0
1167,1,1167,0,0,0,0,0,0,0,0,0
1168,1,1168,0,0,0,0,0,0,0,0,0
1169,1,1169,0,0,0,0,0,0,0,0,0
1170,1,1170,0,0,0,0,0,0,0,0,0
1171,2,1172,1170,0,0,0,0,0,0,0,0
1172,2,1173,1171,0,0,0,0,0,0,0,0
1173,2,1174,1172,0,0,0,0,0,0,0,0
1174,2,1175,1173,0,0,0,0,0,0,0,0
1175,2,1176,1174,0,0,0,0,0,0,0,0
1176,3,654,1175,1244,0,0,0,0,0,0,0
1177,2,1178,1276,0,0,0,0,0,0,0,0
1178,2,1179,1177,0,0,0,0,0,0,0,0
1179,2,1180,1178,0,0,0,0,0,0,0,0
1180,2,1181,1179,0,0,0,0,0,0,0,0
1181,2,1182,1180,0,0,0,0,0,0,0,0
1182,2,1135,1181,0,0,0,0,0,0,0,0
1183,1,1183,0,0,0,0,0,0,0,0,0
1184,1,1184,0,0,0,0,0,0,0,0,0
1185,1,1185,0,0,0,0,0,0,0,0,0
1186,1,1186,0,0,0,0,0,0,0,0,0
1187,1,1187,0,0,0,0,0,0,0,0,0
1188,1,1188,0,0,0,0,0,0,0,0,0
1189,1,1189,0,0,0,0,0,0,0,0,0
1190,1,1190,0,0,0,0,0,0,0,0,0
1191,1,1191,0,0,0,0,0,0,0,0,0
1192,2,1193,1191,0,0,0,0,0,0,0,0
1193,2,1194,1192,0,0,0,0,0,0,0,0
1194,1,1193,0,0,0,0,0,0,0,0,0
1195,1,1195,0,0,0,0,0,0,0,0,0
1196,1,1196,0,0,0,0,0,0,0,0,0
1197,1,1197,0,0,0,0,0,0,0,0,0
1198,1,1198,0,0,0,0,0,0,0,0,0
1199,1,1199,0,0,0,0,0,0,0,0,0
1200,1,1200,0,0,0,0,0,0,0,0,0
1201,1,1201,0,0,0,0,0,0,0,0,0
1202,1,1202,0,0,0,0,0,0,0,0,0
1203,1,1203,0,0,0,0,0,0,0,0,0
1204,1,1204,0,0,0,0,0,0,0,0,0
1205,1,1205,0,0,0,0,0,0,0,0,0
1206,1,1206,0,0,0,0,0,0,0,0,0
1207,1,1207,0,0,0,0,0,0,0,0,0
1208,1,1208,0,0,0,0,0,0,0,0,0
1209,2,1210,1208,0,0,0,0,0,0,0,0
1210,2,1211,1209,0,0,0,0,0,0,0,0
1211,2,1212,1210,0,0,0,0,0,0,0,0
1212,2,1213,1211,0,0,0,0,0,0,0,0
1213,2,1214,1212,0,0,0,0,0,0,0,0
1214,3,541,1213,1221,0,0,0,0,0,0,0
1215,2,1216,1208,0,0,0,0,0,0,0,0
1216,2,1217,1215,0,0,0,0,0,0,0,0
1217,2,1218,1216,0,0,0,0,0,0,0,0
1218,2,1219,1217,0,0,0,0,0,0,0,0
1219,2,1220,1218,0,0,0,0,0,0,0,0
1220,2,1221,1219,0,0,0,0,0,0,0,0
1221,3,1214,1220,969,0,0,0,0,0,0,0
1222,1,1222,0,0,0,0,0,0,0,0,0
1223,2,1224,1222,0,0,0,0,0,0,0,0
1224,2,1225,1223,0,0,0,0,0,0,0,0
1225,2,1226,1224,0,0,0,0,0,0,0,0
1226,2,1227,1225,0,0,0,0,0,0,0,0
1227,3,909,1226,1248,0,0,0,0,0,0,0
1228,1,1228,0,0,0,0,0,0,0,0,0
1229,1,1229,0,0,0,0,0,0,0,0,0
1230,1,1230,0,0,0,0,0,0,0,0,0
1231,1,1231,0,0,0,0,0,0,0,0,0
1232,1,1232,0,0,0,0,0,0,0,0,0
1233,1,1233,0,0,0,0,0,0,0,0,0
1234,1,1234,0,0,0,0,0,0,0,0,0
1235,1,1235,0,0,0,0,0,0,0,0,0
1236,1,1236,0,0,0,0,0,0,0,0,0
1237,1,1237,0,0,0,0,0,0,0,0,0
1238,1,1238,0,0,0,0,0,0,0,0,0
1239,1,1239,0,0,0,0,0,0,0,0,0
1240,1,1240,0,0,0,0,0,0,0,0,0
1241,1,1241,0,0,0,0,0,0,0,0,0
1242,2,711,1103,0,0,0,0,0,0,0,0
1243,1,1243,0,0,0,0,0,0,0,0,0
1244,2,1176,1121,0,0,0,0,0,0,0,0
1245,2,1246,654,0,0,0,0,0,0,0,0
1246,2,1247,1245,0,0,0,0,0,0,0,0
1247,2,1248,1246,0,0,0,0,0,0,0,0
1248,2,1227,1247,0,0,0,0,0,0,0,0
1249,2,1250,909,0,0,0,0,0,0,0,0
1250,2,1251,1249,0,0,0,0,0,0,0,0
1251,2,1252,1250,0,0,0,0,0,0,0,0
1252,2,720,1251,0,0,0,0,0,0,0,0
1253,2,1135,957,0,0,0,0,0,0,0,0
1254,1,1254,0,0,0,0,0,0,0,0,0
1255,1,1255,0,0,0,0,0,0,0,0,0
1256,1,1256,0,0,0,0,0,0,0,0,0
1257,1,1257,0,0,0,0,0,0,0,0,0
1258,1,1258,0,0,0,0,0,0,0,0,0
1259,1,1259,0,0,0,0,0,0,0,0,0
1260,1,1260,0,0,0,0,0,0,0,0,0
1261,1,1261,0,0,0,0,0,0,0,0,0
1262,1,1262,0,0,0,0,0,0,0,0,0
1263,1,1263,0,0,0,0,0,0,0,0,0
1264,1,1264,0,0,0,0,0,0,0,0,0
1265,1,1265,0,0,0,0,0,0,0,0,0
1266,1,1266,0,0,0,0,0,0,0,0,0
1267,1,1267,0,0,0,0,0,0,0,0,0
1268,1,1268,0,0,0,0,0,0,0,0,0
1269,1,1269,0,0,0,0,0,0,0,0,0
1270,1,1270,0,0,0,0,0,0,0,0,0
1271,1,1271,0,0,0,0,0,0,0,0,0
1272,1,1272,0,0,0,0,0,0,0,0,0
1273,1,1273,0,0,0,0,0,0,0,0,0
1274,1,1274,0,0,0,0,0,0,0,0,0
1275,1,1275,0,0,0,0,0,0,0,0,0
1276,1,1276,0,0,0,0,0,0,0,0,0
1277,1,1277,0,0,0,0,0,0,0,0,0
1278,1,1278,0,0,0,0,0,0,0,0,0
1279,1,1279,0,0,0,0,0,0,0,0,0
1280,1,1280,0,0,0,0,0,0,0,0,0
1281,1,1281,0,0,0,0,0,0,0,0,0
1282,1,1282,0,0,0,0,0,0,0,0,0
1283,1,1283,0,0,0,0,0,0,0,0,0
1284,1,1284,0,0,0,0,0,0,0,0,0
1285,1,1285,0,0,0,0,0,0,0,0,0
1286,1,1286,0,0,0,0,0,0,0,0,0
1287,1,1287,0,0,0,0,0,0,0,0,0
1288,1,1288,0,0,0,0,0,0,0,0,0
1289,1,1289,0,0,0,0,0,0,0,0,0
1290,1,1290,0,0,0,0,0,0,0,0,0
1291,1,1291,0,0,0,0,0,0,0,0,0
1292,1,1292,0,0,0,0,0,0,0,0,0
1293,1,1293,0,0,0,0,0,0,0,0,0
1294,1,1294,0,0,0,0,0,0,0,0,0
1295,1,1295,0,0,0,0,0,0,0,0,0
1296,1,1296,0,0,0,0,0,0,0,0,0
1297,1,1297,0,0,0,0,0,0,0,0,0
1298,1,1298,0,0,0,0,0,0,0,0,0
1299,1,1299,0,0,0,0,0,0,0,0,0
1300,1,1300,0,0,0,0,0,0,0,0,0
1301,1,1301,0,0,0,0,0,0,0,0,0
1302,4,998,1324,984,637,0,0,0,0,0,0
1303,1,1303,0,0,0,0,0,0,0,0,0
1304,1,1304,0,0,0,0,0,0,0,0,0
1305,1,1305,0,0,0,0,0,0,0,0,0
1306,1,1306,0,0,0,0,0,0,0,0,0
1307,1,1307,0,0,0,0,0,0,0,0,0
1308,1,1308,0,0,0,0,0,0,0,0,0
1309,1,1309,0,0,0,0,0,0,0,0,0
1310,1,1310,0,0,0,0,0,0,0,0,0
1311,1,1311,0,0,0,0,0,0,0,0,0
1312,1,1312,0,0,0,0,0,0,0,0,0
1313,1,1313,0,0,0,0,0,0,0,0,0
1314,1,1314,0,0,0,0,0,0,0,0,0
1315,1,1315,0,0,0,0,0,0,0,0,0
1316,1,1316,0,0,0,0,0,0,0,0,0
1317,3,1320,714,1319,0,0,0,0,0,0,0
1318,2,1319,910,0,0,0,0,0,0,0,0
1319,2,1317,1318,0,0,0,0,0,0,0,0
1320,2,1321,1317,0,0,0,0,0,0,0,0
1321,2,1322,1320,0,0,0,0,0,0,0,0
1322,2,653,1321,0,0,0,0,0,0,0,0
1323,2,1120,653,0,0,0,0,0,0,0,0
1324,2,598,1302,0,0,0,0,0,0,0,0
1325,1,1325,0,0,0,0,0,0,0,0,0
1326,1,1326,0,0,0,0,0,0,0,0,0
1327,1,1327,0,0,0,0,0,0,0,0,0
1328,1,1328,0,0,0,0,0,0,0,0,0
1329,1,1329,0,0,0,0,0,0,0,0,0
1330,1,1330,0,0,0,0,0,0,0,0,0
1331,1,1331,0,0,0,0,0,0,0,0,0
1332,1,1332,0,0,0,0,0,0,0,0,0
1333,1,1333,0,0,0,0,0,0,0,0,0
1334,1,1334,0,0,0,0,0,0,0,0,0
1335,1,1335,0,0,0,0,0,0,0,0,0
1336,1,1336,0,0,0,0,0,0,0,0,0
1337,1,1337,0,0,0,0,0,0,0,0,0
1338,1,1338,0,0,0,0,0,0,0,0,0
1339,1,1339,0,0,0,0,0,0,0,0,0
1340,1,1340,0,0,0,0,0,0,0,0,0
1341,1,1341,0,0,0,0,0,0,0,0,0
1342,1,1342,0,0,0,0,0,0,0,0,0
1343,1,1343,0,0,0,0,0,0,0,0,0
1344,1,1344,0,0,0,0,0,0,0,0,0
1345,1,1345,0,0,0,0,0,0,0,0,0
1346,1,1346,0,0,0,0,0,0,0,0,0
1347,2,1348,1346,0,0,0,0,0,0,0,0
1348,2,1349,1347,0,0,0,0,0,0,0,0
1349,2,1350,1348,0,0,0,0,0,0,0,0
1350,2,1127,1349,0,0,0,0,0,0,0,0
1351,2,223,1127,0,0,0,0,0,0,0,0
1352,2,1353,223,0,0,0,0,0,0,0,0
1353,2,1354,1352,0,0,0,0,0,0,0,0
1354,1,1354,0,0,0,0,0,0,0,0,0
1355,4,1356,1363,1372,1373,0,0,0,0,0,0
1356,2,1357,1355,0,0,0,0,0,0,0,0
1357,2,1358,1356,0,0,0,0,0,0,0,0
1358,2,1359,1357,0,0,0,0,0,0,0,0
1359,2,1360,1358,0,0,0,0,0,0,0,0
1360,2,1361,1359,0,0,0,0,0,0,0,0
1361,1,1360,0,0,0,0,0,0,0,0,0
1362,1,516,0,0,0,0,0,0,0,0,0
1363,1,1363,0,0,0,0,0,0,0,0,0
1364,1,1364,0,0,0,0,0,0,0,0,0
1365,1,1365,0,0,0,0,0,0,0,0,0
1366,1,1366,0,0,0,0,0,0,0,0,0
1367,1,1367,0,0,0,0,0,0,0,0,0
1368,1,1368,0,0,0,0,0,0,0,0,0
1369,1,1369,0,0,0,0,0,0,0,0,0
1370,1,1370,0,0,0,0,0,0,0,0,0
1371,1,1371,0,0,0,0,0,0,0,0,0
1372,3,1375,1355,549,0,0,0,0,0,0,0
1373,1,1355,0,0,0,0,0,0,0,0,0
1374,1,1374,0,0,0,0,0,0,0,0,0
1375,1,1375,0,0,0,0,0,0,0,0,0
1376,1,1376,0,0,0,0,0,0,0,0,0
1377,1,1377,0,0,0,0,0,0,0,0,0
1378,1,1378,0,0,0,0,0,0,0,0,0
1379,1,1379,0,0,0,0,0,0,0,0,0
1380,1,1380,0,0,0,0,0,0,0,0,0
1381,1,1381,0,0,0,0,0,0,0,0,0
1382,1,1382,0,0,0,0,0,0,0,0,0
1383,1,1383,0,0,0,0,0,0,0,0,0
1384,5,1385,283,1408,282,281,0,0,0,0,0
1385,5,1386,282,118,1384,283,0,0,0,0,0
1386,5,1387,283,724,1385,118,0,0,0,0,0
1387,5,1388,118,89,1386,724,0,0,0,0,0
1388,5,1389,724,88,1387,89,0,0,0,0,0
1389,5,1390,89,94,1388,88,0,0,0,0,0
1390,5,1391,88,95,1389,94,0,0,0,0,0
1391,5,1392,94,70,1390,95,0,0,0,0,0
1392,5,1393,95,96,1391,70,0,0,0,0,0
1393,5,1394,70,97,1392,96,0,0,0,0,0
1394,5,1395,96,98,1393,32,0,0,0,0,0
1395,5,1396,32,99,1394,98,0,0,0,0,0
1396,5,1397,98,308,1395,99,0,0,0,0,0
1397,5,1398,99,294,1396,308,0,0,0,0,0
1398,5,1399,308,309,1397,294,0,0,0,0,0
1399,5,1400,294,310,1398,309,0,0,0,0,0
1400,5,1401,309,311,1399,310,0,0,0,0,0
1401,5,1402,310,312,1400,311,0,0,0,0,0
1402,5,1403,311,227,1401,312,0,0,0,0,0
1403,5,1404,312,313,1402,227,0,0,0,0,0
1404,5,1405,227,314,1403,313,0,0,0,0,0
1405,5,1406,313,315,1404,314,0,0,0,0,0
1406,4,1407,314,1405,315,0,0,0,0,0,0
1407,1,1406,0,0,0,0,0,0,0,0,0
1408,5,1409,281,1384,279,282,0,0,0,0,0
1409,5,1410,279,1408,278,281,0,0,0,0,0
1410,5,1411,278,277,1409,279,0,0,0,0,0
1411,3,1410,278,277,0,0,0,0,0,0,0
1412,3,1413,445,587,0,0,0,0,0,0,0
1413,3,587,445,1412,0,0,0,0,0,0,0
1414,2,1415,331,0,0,0,0,0,0,0,0
1415,4,1416,331,1414,334,0,0,0,0,0,0
1416,5,1417,334,1415,338,331,0,0,0,0,0
1417,5,1418,338,1416,736,334,0,0,0,0,0
1418,5,1419,736,1417,850,338,0,0,0,0,0
1419,5,1420,850,1418,525,736,0,0,0,0,0
1420,5,1421,525,1419,832,850,0,0,0,0,0
1421,5,1422,832,1420,221,525,0,0,0,0,0
1422,5,1423,221,1421,248,832,0,0,0,0,0
1423,5,1424,248,1422,25,221,0,0,0,0,0
1424,5,1425,25,1423,852,248,0,0,0,0,0
1425,5,1426,852,1424,854,25,0,0,0,0,0
1426,5,1427,854,1425,509,852,0,0,0,0,0
1427,5,1428,509,1426,599,854,0,0,0,0,0
1428,5,1429,599,1427,858,509,0,0,0,0,0
1429,5,1430,858,1428,859,599,0,0,0,0,0
1430,5,1431,859,1429,860,858,0,0,0,0,0
1431,5,1432,860,1430,861,859,0,0,0,0,0
1432,5,1433,861,1431,506,860,0,0,0,0,0
1433,5,1434,506,1432,739,861,0,0,0,0,0
1434,5,1435,739,1433,719,506,0,0,0,0,0
1435,5,1436,719,1434,871,739,0,0,0,0,0
1436,4,1437,871,1435,873,0,0,0,0,0,0
1437,5,1438,873,1436,874,871,0,0,0,0,0
1438,4,1439,1437,874,873,0,0,0,0,0,0
1439,2,1438,874,0,0,0,0,0,0,0,0
1440,1,741,0,0,0,0,0,0,0,0,0
1441,3,1442,59,1025,0,0,0,0,0,0,0
1442,2,1443,1441,0,0,0,0,0,0,0,0
1443,3,1444,1058,1442,0,0,0,0,0,0,0
1444,3,1445,1061,1443,0,0,0,0,0,0,0
1445,3,1446,1068,1444,0,0,0,0,0,0,0
1446,3,1447,1072,1445,0,0,0,0,0,0,0
1447,3,1448,1446,1075,0,0,0,0,0,0,0
1448,2,1075,1447,0,0,0,0,0,0,0,0
