0,0,0,0,0,0,0,0,0,0,0,1289.83,1478.06,0,0,0,0,0,0,0,0,111,106,0,0,0,0,0,0,0,0,
0,0,1,0,0,0,0,0,0,0,0,1333.77,1191.77,0,0,0,0,0,0,0,0,71,51,0,0,0,0,0,0,0,0,
6,0,0,0,0,0,0,0,0,0,0,2394.47,146.456,280.457,0,0,0,0,0,0,0,32,5,12,0,0,0,0,0,0,0,
6,0,1,0,0,0,0,0,0,0,0,810.419,484.12,4365.79,0,0,0,0,0,0,0,76,57,171,0,0,0,0,0,0,0,
1,0,0,0,0,0,0,0,0,0,0,-17.9439,282.427,1559.89,0,0,0,0,0,0,0,6,13,26,0,0,0,0,0,0,0,
0,1,1,0,0,0,0,0,0,0,0,6361.01,6232.6,0,0,0,0,0,0,0,0,1383,1356,0,0,0,0,0,0,0,0,
1,1,0,0,0,0,0,0,0,0,0,364.989,578.836,4702.12,0,0,0,0,0,0,0,47,75,131,0,0,0,0,0,0,0,
12,0,0,0,0,0,0,0,0,0,0,1792.45,-35.7873,2809.71,0,0,0,0,0,0,0,41,21,53,0,0,0,0,0,0,0,
7,0,0,0,0,0,0,0,0,0,0,6844.81,13076.6,6415.39,7861.96,0,0,0,0,0,0,56,592,66,59,0,0,0,0,0,0,
13,0,0,0,0,0,0,0,0,0,0,7741.21,11958.1,5709.99,15238.4,0,0,0,0,0,0,66,67,74,561,0,0,0,0,0,0,
6,1,1,0,0,0,0,0,0,0,0,-54.3316,-52.5589,35.1171,0,0,0,0,0,0,0,57,23,40,0,0,0,0,0,0,0,
2,0,0,0,0,0,0,0,0,0,0,54.6934,384.781,4151.64,0,0,0,0,0,0,0,21,34,56,0,0,0,0,0,0,0,
1,1,0,1,0,0,0,0,0,0,0,1446.04,4787.88,1645.26,0,0,0,0,0,0,0,62,211,79,0,0,0,0,0,0,0,
7,0,0,1,0,0,0,0,0,0,0,3928.42,11914.8,3182.67,4052.63,0,0,0,0,0,0,45,317,45,46,0,0,0,0,0,0,
18,0,0,0,0,0,0,0,0,0,0,9959.65,828.196,1781.93,0,0,0,0,0,0,0,105,54,63,0,0,0,0,0,0,0,
7,1,0,1,0,0,0,0,0,0,0,3267.46,2866.19,2299.6,9611.78,0,0,0,0,0,0,55,60,52,222,0,0,0,0,0,0,
1,1,1,1,0,0,0,0,0,0,0,4103.43,2517.89,5261.61,0,0,0,0,0,0,0,92,108,497,0,0,0,0,0,0,0,
8,0,0,0,0,0,0,0,0,0,0,3106.43,17407.1,4165.67,7558.06,0,0,0,0,0,0,51,259,57,92,0,0,0,0,0,0,
2,1,0,0,0,0,0,0,0,0,0,1884.5,1811.71,8297.97,0,0,0,0,0,0,0,88,92,257,0,0,0,0,0,0,0,
1,1,1,0,0,0,0,0,0,0,0,767.455,809.331,4648.99,0,0,0,0,0,0,0,15,11,58,0,0,0,0,0,0,0,
7,1,0,0,0,0,0,0,0,0,0,3981.16,8935.33,4567.6,5725.33,0,0,0,0,0,0,42,242,29,34,0,0,0,0,0,0,
0,2,1,0,0,0,0,0,0,0,0,3642.78,3757.48,0,0,0,0,0,0,0,0,170,184,0,0,0,0,0,0,0,0,
1,2,0,0,0,0,0,0,0,0,0,-43.472,-14.6658,-13.5248,0,0,0,0,0,0,0,9,14,14,0,0,0,0,0,0,0,
1,2,1,0,0,0,0,0,0,0,0,8854.39,8879,6251.85,0,0,0,0,0,0,0,203,1161,195,0,0,0,0,0,0,0,
13,0,0,1,0,0,0,0,0,0,0,3999.91,10696.8,1205.01,4735.61,0,0,0,0,0,0,55,267,42,49,0,0,0,0,0,0,
0,2,2,0,0,0,0,0,0,0,0,11449.7,12046.8,0,0,0,0,0,0,0,0,32639,33993,0,0,0,0,0,0,0,0,
6,1,2,0,0,0,0,0,0,0,0,349.192,216.947,3513.25,0,0,0,0,0,0,0,57,41,65,0,0,0,0,0,0,0,
1,2,0,1,0,0,0,0,0,0,0,98.2054,1720.12,234.222,0,0,0,0,0,0,0,19,42,20,0,0,0,0,0,0,0,
19,0,0,0,0,0,0,0,0,0,0,8411.18,23565.2,7021.76,17458.2,0,0,0,0,0,0,96,671,107,138,0,0,0,0,0,0,
1,2,1,1,0,0,0,0,0,0,0,2470.27,8173.29,2153.61,0,0,0,0,0,0,0,306,844,403,0,0,0,0,0,0,0,
6,0,2,0,0,0,0,0,0,0,0,2507.53,373.053,-5.86377,0,0,0,0,0,0,0,13,9,5,0,0,0,0,0,0,0,
14,0,0,0,0,0,0,0,0,0,0,3679.75,6215.24,1902.92,21884.5,0,0,0,0,0,0,62,55,48,285,0,0,0,0,0,0,
6,1,2,1,0,0,0,0,0,0,0,2306.23,4082.54,10810.4,0,0,0,0,0,0,0,510,399,839,0,0,0,0,0,0,0,
24,0,0,0,0,0,0,0,0,0,0,1692.9,615.122,8940.25,0,0,0,0,0,0,0,107,77,132,0,0,0,0,0,0,0,
12,0,1,0,0,0,0,0,0,0,0,3299.21,1494.31,11743.8,0,0,0,0,0,0,0,85,48,191,0,0,0,0,0,0,0,
3,0,0,0,0,0,0,0,0,0,0,629.087,9539.91,1204.09,0,0,0,0,0,0,0,49,125,55,0,0,0,0,0,0,0,
13,1,0,0,0,0,0,0,0,0,0,3566.86,3204.18,1193.43,12474.3,0,0,0,0,0,0,37,40,25,139,0,0,0,0,0,0,
9,0,0,0,0,0,0,0,0,0,0,5817.3,15894,8441.46,22174,0,0,0,0,0,0,106,111,117,662,0,0,0,0,0,0,
20,0,0,0,0,0,0,0,0,0,0,8491.4,23463.1,7337.3,38096.4,0,0,0,0,0,0,93,109,88,454,0,0,0,0,0,0,
6,0,2,1,0,0,0,0,0,0,0,3881.88,7438.36,2208.28,0,0,0,0,0,0,0,167,170,630,0,0,0,0,0,0,0,
7,0,0,0,1,0,0,0,0,0,0,502.55,5648.58,746.137,896.078,0,0,0,0,0,0,9,49,6,4,0,0,0,0,0,0,
7,1,0,1,1,0,0,0,0,0,0,2309.38,7584.65,1839.07,952.79,0,0,0,0,0,0,92,317,80,121,0,0,0,0,0,0,
25,0,0,0,0,0,0,0,0,0,0,11789.8,16698.4,9494.45,34368.6,0,0,0,0,0,0,112,163,147,596,0,0,0,0,0,0,
12,1,0,0,0,0,0,0,0,0,0,-18.1962,-27.9852,-16.4847,0,0,0,0,0,0,0,14,5,13,0,0,0,0,0,0,0,
15,0,0,0,0,0,0,0,0,0,0,11752.1,23666.2,10102.3,20477.8,0,0,0,0,0,0,138,427,112,531,0,0,0,0,0,0,
7,0,0,1,1,0,0,0,0,0,0,1056.23,8431.69,1266.11,2023.07,0,0,0,0,0,0,9,114,30,21,0,0,0,0,0,0,
30,0,0,0,0,0,0,0,0,0,0,20889,2981.9,0,0,0,0,0,0,0,0,237,118,0,0,0,0,0,0,0,0,
26,0,0,0,0,0,0,0,0,0,0,12545.1,25645.9,7072.63,42169.4,0,0,0,0,0,0,104,145,102,361,0,0,0,0,0,0,
21,0,0,0,0,0,0,0,0,0,0,13640.4,35837.4,11579.9,46358.3,0,0,0,0,0,0,101,110,111,626,0,0,0,0,0,0,
4,0,0,0,0,0,0,0,0,0,0,1621.74,12831.9,6137.49,0,0,0,0,0,0,0,66,163,114,0,0,0,0,0,0,0,
7,1,1,1,0,0,0,0,0,0,0,3464.32,1581.89,1947.85,5618.82,0,0,0,0,0,0,71,85,70,323,0,0,0,0,0,0,
32,0,0,0,0,0,0,0,0,0,0,9838.2,49948,6715.21,0,0,0,0,0,0,0,94,256,105,0,0,0,0,0,0,0,
8,1,0,0,0,0,0,0,0,0,0,2668.61,18994.4,3130.73,6656.87,0,0,0,0,0,0,71,295,69,94,0,0,0,0,0,0,
12,1,1,0,0,0,0,0,0,0,0,-40.0727,-46.7933,-28.4701,0,0,0,0,0,0,0,67,31,60,0,0,0,0,0,0,0,
22,0,0,0,0,0,0,0,0,0,0,23340.7,47367.5,21774.8,57794,0,0,0,0,0,0,143,146,108,685,0,0,0,0,0,0,
10,0,0,0,0,0,0,0,0,0,0,11057.2,21726.9,12397.2,22037,0,0,0,0,0,0,116,622,116,200,0,0,0,0,0,0,
5,0,0,0,0,0,0,0,0,0,0,4948.28,25729.6,0,0,0,0,0,0,0,0,136,261,0,0,0,0,0,0,0,0,
31,0,0,0,0,0,0,0,0,0,0,5244.07,33982,6551.99,0,0,0,0,0,0,0,96,237,105,0,0,0,0,0,0,0,
28,0,0,0,0,0,0,0,0,0,0,27293.7,69610.1,38243.1,58477.9,0,0,0,0,0,0,111,535,157,147,0,0,0,0,0,0,
27,0,0,0,0,0,0,0,0,0,0,19604.9,56844.6,18487,37595.1,0,0,0,0,0,0,136,497,142,122,0,0,0,0,0,0,
2,1,0,1,0,0,0,0,0,0,0,556.361,9669.91,2020.97,0,0,0,0,0,0,0,48,168,62,0,0,0,0,0,0,0,
12,0,1,1,0,0,0,0,0,0,0,5960.97,4594.27,16011.3,0,0,0,0,0,0,0,165,153,865,0,0,0,0,0,0,0,
18,0,1,0,0,0,0,0,0,0,0,5060.66,2994.62,18097.2,0,0,0,0,0,0,0,107,115,292,0,0,0,0,0,0,0,
11,0,0,0,0,0,0,0,0,0,0,8199.17,4614.18,33440.4,0,0,0,0,0,0,0,112,112,265,0,0,0,0,0,0,0,
8,0,0,1,0,0,0,0,0,0,0,2219.42,7415.08,2665.84,18104.9,0,0,0,0,0,0,20,31,22,165,0,0,0,0,0,0,
13,0,1,1,0,0,0,0,0,0,0,1772.22,2788.43,1701.48,11679.3,0,0,0,0,0,0,36,30,29,183,0,0,0,0,0,0,
9,0,0,1,0,0,0,0,0,0,0,2943.2,23043.3,1263.74,6805.13,0,0,0,0,0,0,35,207,40,34,0,0,0,0,0,0,
3,0,0,1,0,0,0,0,0,0,0,-8.8229,-7.22381,5.82567,0,0,0,0,0,0,0,6,6,7,0,0,0,0,0,0,0,
33,0,0,0,0,0,0,0,0,0,0,14851.1,72742.5,13855.6,0,0,0,0,0,0,0,106,225,102,0,0,0,0,0,0,0,
17,0,0,0,0,0,0,0,0,0,0,9833.95,7005.46,45524.6,0,0,0,0,0,0,0,99,120,302,0,0,0,0,0,0,0,
13,1,1,1,0,0,0,0,0,0,0,2932.94,11077.8,1558.1,4957.08,0,0,0,0,0,0,90,416,78,128,0,0,0,0,0,0,
14,1,0,0,0,0,0,0,0,0,0,-24.3929,1683.51,-11.5106,6719.47,0,0,0,0,0,0,22,50,24,36,0,0,0,0,0,0,
13,1,0,1,0,0,0,0,0,0,0,2089.14,8980.44,454.21,1376.17,0,0,0,0,0,0,61,157,45,51,0,0,0,0,0,0,
16,0,0,0,0,0,0,0,0,0,0,15563.2,28484.5,11681.3,31852.2,0,0,0,0,0,0,145,441,142,479,0,0,0,0,0,0,
9,0,1,0,0,0,0,0,0,0,0,2160.35,18530.3,4192.39,5207.48,0,0,0,0,0,0,17,138,22,19,0,0,0,0,0,0,
23,0,0,0,0,0,0,0,0,0,0,22364,26610.6,68427,0,0,0,0,0,0,0,100,108,238,0,0,0,0,0,0,0,
13,1,1,0,0,0,0,0,0,0,0,1063.29,2201.12,863.955,12320.9,0,0,0,0,0,0,15,19,18,103,0,0,0,0,0,0,
2,1,1,1,0,0,0,0,0,0,0,332.249,7164.61,1458.38,0,0,0,0,0,0,0,77,150,109,0,0,0,0,0,0,0,
2,1,1,0,0,0,0,0,0,0,0,4728.75,16384,7601.78,0,0,0,0,0,0,0,114,705,100,0,0,0,0,0,0,0,
3,1,0,1,0,0,0,0,0,0,0,-29.701,818.568,14.4874,0,0,0,0,0,0,0,83,119,113,0,0,0,0,0,0,0,
3,1,0,0,0,0,0,0,0,0,0,2517.77,18854,3967.29,0,0,0,0,0,0,0,79,236,89,0,0,0,0,0,0,0,
14,0,0,1,0,0,0,0,0,0,0,5273.33,9908.13,4825.58,24141,0,0,0,0,0,0,58,39,45,358,0,0,0,0,0,0,
8,0,1,1,1,0,0,0,0,0,0,1871.98,5218.85,4610.96,21057.1,0,0,0,0,0,0,16,57,24,176,0,0,0,0,0,0,
9,1,0,0,0,0,0,0,0,0,0,4911.34,14951.9,8354.19,13965.1,0,0,0,0,0,0,57,452,64,61,0,0,0,0,0,0,
7,1,1,0,1,0,0,0,0,0,0,2056.96,764.719,5852.1,1011.87,0,0,0,0,0,0,27,21,61,149,0,0,0,0,0,0,
7,1,0,0,1,0,0,0,0,0,0,7052.14,2401,1684.14,1162.72,0,0,0,0,0,0,121,15,14,21,0,0,0,0,0,0,
12,1,1,1,0,0,0,0,0,0,0,362.963,990.619,5174.79,0,0,0,0,0,0,0,111,92,138,0,0,0,0,0,0,0,
8,1,0,0,1,0,0,0,0,0,0,3214.98,14831.3,2855.66,4868.47,0,0,0,0,0,0,73,128,61,417,0,0,0,0,0,0,
7,1,1,0,0,0,0,0,0,0,0,1412.43,2981.23,2926.28,9576.31,0,0,0,0,0,0,16,24,24,190,0,0,0,0,0,0,
7,1,1,1,1,0,0,0,0,0,0,7253.89,2892.42,3707.16,3079.77,0,0,0,0,0,0,235,654,157,365,0,0,0,0,0,0,
8,1,1,0,0,0,0,0,0,0,0,888.868,3235.42,1022.36,7449.67,0,0,0,0,0,0,18,14,10,94,0,0,0,0,0,0,
29,0,0,0,0,0,0,0,0,0,0,35338.1,36660.7,89982.4,0,0,0,0,0,0,0,100,99,263,0,0,0,0,0,0,0,
8,1,1,1,0,0,0,0,0,0,0,337.466,38.8902,782.098,10484.3,0,0,0,0,0,0,42,55,41,92,0,0,0,0,0,0,
13,1,0,1,1,0,0,0,0,0,0,1822.54,5744.05,317.659,3092.39,0,0,0,0,0,0,41,140,51,78,0,0,0,0,0,0,
19,0,0,1,0,0,0,0,0,0,0,4331.08,17445.8,3294.64,9021.88,0,0,0,0,0,0,65,344,67,116,0,0,0,0,0,0,
35,0,0,0,0,0,0,0,0,0,0,100000,0,0,0,0,0,0,0,0,0,10869,0,0,0,0,0,0,0,0,0,
8,1,0,1,0,0,0,0,0,0,0,1613.57,5357.01,1606.87,14939.5,0,0,0,0,0,0,64,105,63,226,0,0,0,0,0,0,
1,2,1,2,0,0,0,0,0,0,0,-282.728,-110.077,-108.675,0,0,0,0,0,0,0,133,237,210,0,0,0,0,0,0,0,
34,0,0,0,0,0,0,0,0,0,0,19123.4,89979.5,27404.2,0,0,0,0,0,0,0,87,203,93,0,0,0,0,0,0,0,
7,1,1,2,1,0,0,0,0,0,0,259.244,779.672,370.807,3527.22,0,0,0,0,0,0,66,74,71,120,0,0,0,0,0,0,
20,0,1,0,0,0,0,0,0,0,0,946.276,678.048,-1.82889,20229,0,0,0,0,0,0,8,5,2,35,0,0,0,0,0,0,
21,1,0,0,0,0,0,0,0,0,0,9461.25,42209.1,12511.8,26861.5,0,0,0,0,0,0,44,434,61,69,0,0,0,0,0,0,
25,0,1,0,0,0,0,0,0,0,0,2296.57,2363.26,1053.78,17351.6,0,0,0,0,0,0,14,20,12,46,0,0,0,0,0,0,
8,1,0,1,1,0,0,0,0,0,0,4532.01,9943.31,7145.49,20766.9,0,0,0,0,0,0,175,204,172,1031,0,0,0,0,0,0,
13,0,0,1,1,0,0,0,0,0,0,1536.8,11936.4,132.031,2160.32,0,0,0,0,0,0,14,75,7,12,0,0,0,0,0,0,
13,1,1,1,1,0,0,0,0,0,0,3499.48,5242.9,1698.57,3195.26,0,0,0,0,0,0,271,467,275,562,0,0,0,0,0,0,
15,0,0,1,0,0,0,0,0,0,0,8216.78,12791.6,4181.07,28574.9,0,0,0,0,0,0,35,51,48,207,0,0,0,0,0,0,
4,1,0,0,0,0,0,0,0,0,0,4634.2,26781.3,6866.04,0,0,0,0,0,0,0,112,346,112,0,0,0,0,0,0,0,
7,1,0,2,1,0,0,0,0,0,0,119.695,348.146,1299.87,35.2981,0,0,0,0,0,0,10,11,25,9,0,0,0,0,0,0,
12,1,2,0,0,0,0,0,0,0,0,-26.5103,-171.067,144.387,0,0,0,0,0,0,0,71,63,72,0,0,0,0,0,0,0,
6,1,2,2,0,0,0,0,0,0,0,7193.43,9690.81,11583.7,0,0,0,0,0,0,0,1359,1364,8533,0,0,0,0,0,0,0,
12,1,2,1,0,0,0,0,0,0,0,1897.21,1516.77,12770.1,0,0,0,0,0,0,0,729,526,844,0,0,0,0,0,0,0,
14,0,1,0,0,0,0,0,0,0,0,731.974,3565.96,682.254,88.1891,0,0,0,0,0,0,2,17,5,3,0,0,0,0,0,0,
8,0,0,1,1,0,0,0,0,0,0,5284.04,14787.5,7984.86,6694.57,0,0,0,0,0,0,47,201,52,378,0,0,0,0,0,0,
19,0,0,0,1,0,0,0,0,0,0,840.577,10797.8,686.547,3921.74,0,0,0,0,0,0,13,53,14,25,0,0,0,0,0,0,
25,0,0,1,0,0,0,0,0,0,0,3652.32,25894.1,2617.38,6204.62,0,0,0,0,0,0,51,180,48,42,0,0,0,0,0,0,
10,1,0,0,0,0,0,0,0,0,0,6890.72,26955.1,9124.76,18582.8,0,0,0,0,0,0,69,354,64,121,0,0,0,0,0,0,
1,2,2,2,0,0,0,0,0,0,0,2612.64,7532.12,2442.88,0,0,0,0,0,0,0,2981,5765,3837,0,0,0,0,0,0,0,
2,2,1,1,0,0,0,0,0,0,0,2415.56,9592.75,2706.08,0,0,0,0,0,0,0,443,872,538,0,0,0,0,0,0,0,
2,2,0,1,0,0,0,0,0,0,0,73.861,2415.64,594.508,0,0,0,0,0,0,0,27,56,38,0,0,0,0,0,0,0,
3,1,1,0,0,0,0,0,0,0,0,9999.68,21817.7,13730.7,0,0,0,0,0,0,0,207,1128,169,0,0,0,0,0,0,0,
14,1,0,1,0,0,0,0,0,0,0,1318.23,4583.82,2303.3,21844.9,0,0,0,0,0,0,45,48,43,139,0,0,0,0,0,0,
14,1,1,0,0,0,0,0,0,0,0,-35.9164,4303.35,13.2435,184.151,0,0,0,0,0,0,18,104,31,24,0,0,0,0,0,0,
19,0,0,1,1,0,0,0,0,0,0,1926.82,17546.2,819.987,3026.46,0,0,0,0,0,0,32,113,26,26,0,0,0,0,0,0,
15,1,0,0,0,0,0,0,0,0,0,3818.55,11776.8,2540.73,9960.22,0,0,0,0,0,0,31,165,46,38,0,0,0,0,0,0,
19,0,1,1,0,0,0,0,0,0,0,5816.41,10629.6,2170.63,20703.2,0,0,0,0,0,0,50,59,39,265,0,0,0,0,0,0,
20,1,0,0,0,0,0,0,0,0,0,2520.53,4238.3,1410.94,16301.2,0,0,0,0,0,0,27,23,22,62,0,0,0,0,0,0,
9,1,0,0,1,0,0,0,0,0,0,1164.33,1944.9,1247.48,11865.5,0,0,0,0,0,0,30,31,32,122,0,0,0,0,0,0,
18,1,1,0,0,0,0,0,0,0,0,1355.37,-34.9154,7873.49,0,0,0,0,0,0,0,75,47,69,0,0,0,0,0,0,0,
19,1,0,1,0,0,0,0,0,0,0,2736.47,2658.47,856.131,16512.6,0,0,0,0,0,0,46,39,51,132,0,0,0,0,0,0,
6,2,2,2,0,0,0,0,0,0,0,114.664,1098.86,2075.92,0,0,0,0,0,0,0,3755,3151,5709,0,0,0,0,0,0,0,
7,2,1,2,1,0,0,0,0,0,0,94.4299,152.765,417.081,1165.46,0,0,0,0,0,0,358,490,358,564,0,0,0,0,0,0,
19,1,0,0,0,0,0,0,0,0,0,4835.79,22013.6,3585.37,7115.98,0,0,0,0,0,0,35,203,36,28,0,0,0,0,0,0,
18,1,0,0,0,0,0,0,0,0,0,-7.66926,-24.7761,96.0845,0,0,0,0,0,0,0,6,8,17,0,0,0,0,0,0,0,
9,1,0,1,0,0,0,0,0,0,0,2650.22,6185.2,3580.44,16710.5,0,0,0,0,0,0,48,75,45,147,0,0,0,0,0,0,
8,1,1,1,1,0,0,0,0,0,0,2306.24,4248.39,5066.97,19538.8,0,0,0,0,0,0,264,286,229,637,0,0,0,0,0,0,
14,1,1,1,0,0,0,0,0,0,0,96.6009,738.033,44.9945,11690,0,0,0,0,0,0,85,176,87,165,0,0,0,0,0,0,
14,0,1,1,1,0,0,0,0,0,0,1188.41,2242.57,654.681,24076.2,0,0,0,0,0,0,23,27,22,116,0,0,0,0,0,0,
20,0,0,1,0,0,0,0,0,0,0,4224.15,14906.2,6475.82,34347,0,0,0,0,0,0,63,62,62,296,0,0,0,0,0,0,
4,0,1,0,0,0,0,0,0,0,0,411.447,16576.3,4346.43,0,0,0,0,0,0,0,20,83,28,0,0,0,0,0,0,0,
14,0,1,1,0,0,0,0,0,0,0,992.811,1818.25,-18.4584,3189.49,0,0,0,0,0,0,14,50,12,26,0,0,0,0,0,0,
5,1,0,0,0,0,0,0,0,0,0,11881.2,34521.1,0,0,0,0,0,0,0,0,134,459,0,0,0,0,0,0,0,0,
10,1,1,0,0,0,0,0,0,0,0,4356.52,9122.32,6436.21,18172.7,0,0,0,0,0,0,49,140,47,182,0,0,0,0,0,0,
11,1,0,0,0,0,0,0,0,0,0,1149.61,3831.09,31835.8,0,0,0,0,0,0,0,38,38,116,0,0,0,0,0,0,0,
9,1,1,1,0,0,0,0,0,0,0,1205.56,8569.06,839.196,2235.67,0,0,0,0,0,0,53,116,49,84,0,0,0,0,0,0,
14,0,0,1,1,0,0,0,0,0,0,8255.21,18859.7,8696.71,23835.3,0,0,0,0,0,0,97,92,92,956,0,0,0,0,0,0,
19,1,1,0,0,0,0,0,0,0,0,3885.47,8107.21,1179.35,15110.1,0,0,0,0,0,0,16,21,7,129,0,0,0,0,0,0,
16,1,0,0,0,0,0,0,0,0,0,3428.55,33787.9,3112.8,15104.4,0,0,0,0,0,0,45,106,29,100,0,0,0,0,0,0,
7,2,1,2,0,0,0,0,0,0,0,-11.7077,87.4046,74.4398,636.934,0,0,0,0,0,0,4,5,4,26,0,0,0,0,0,0,
8,1,1,0,1,0,0,0,0,0,0,1858.14,4007.46,1095.44,9898.4,0,0,0,0,0,0,17,23,19,104,0,0,0,0,0,0,
2,2,1,0,0,0,0,0,0,0,0,6012.47,12969.1,8456.36,0,0,0,0,0,0,0,161,938,241,0,0,0,0,0,0,0,
18,0,1,1,0,0,0,0,0,0,0,14929.9,9101.06,18489.7,0,0,0,0,0,0,0,258,216,1225,0,0,0,0,0,0,0,
3,1,1,1,0,0,0,0,0,0,0,1022.51,16418.1,2466.69,0,0,0,0,0,0,0,159,196,200,0,0,0,0,0,0,0,
9,1,1,1,1,0,0,0,0,0,0,662.769,3025.41,872.156,7040.47,0,0,0,0,0,0,282,398,272,453,0,0,0,0,0,0,
24,0,1,0,0,0,0,0,0,0,0,15286.8,6010.78,22450.2,0,0,0,0,0,0,0,123,108,369,0,0,0,0,0,0,0,
15,1,0,1,0,0,0,0,0,0,0,1013.35,2126,172.203,12582.6,0,0,0,0,0,0,46,45,45,94,0,0,0,0,0,0,
9,1,0,1,1,0,0,0,0,0,0,291.996,16028.5,779.174,2100.8,0,0,0,0,0,0,64,184,56,82,0,0,0,0,0,0,
9,1,1,0,1,0,0,0,0,0,0,336.659,602.874,1788.41,6894.78,0,0,0,0,0,0,14,20,24,90,0,0,0,0,0,0,
9,0,0,1,1,0,0,0,0,0,0,534.619,2244.04,2032.54,8338.14,0,0,0,0,0,0,20,26,25,124,0,0,0,0,0,0,
24,0,1,1,0,0,0,0,0,0,0,21312.7,14290.5,28036.8,0,0,0,0,0,0,0,253,202,1110,0,0,0,0,0,0,0,
12,0,2,1,0,0,0,0,0,0,0,8785.09,7607.99,15389.9,0,0,0,0,0,0,0,160,160,1092,0,0,0,0,0,0,0,
18,1,1,1,0,0,0,0,0,0,0,3229.54,996.901,14066.2,0,0,0,0,0,0,0,225,224,410,0,0,0,0,0,0,0,
20,0,0,0,1,0,0,0,0,0,0,3495.82,14774.9,5108.12,29090.7,0,0,0,0,0,0,22,31,19,177,0,0,0,0,0,0,
24,0,0,1,0,0,0,0,0,0,0,13889,2083.41,1981.23,0,0,0,0,0,0,0,62,26,12,0,0,0,0,0,0,0,
30,0,1,0,0,0,0,0,0,0,0,31581.7,13703.8,0,0,0,0,0,0,0,0,496,180,0,0,0,0,0,0,0,0,
9,0,1,1,0,0,0,0,0,0,0,1672.56,6008.81,4550.55,11755.1,0,0,0,0,0,0,29,202,47,82,0,0,0,0,0,0,
9,0,1,1,1,0,0,0,0,0,0,345.955,3729.13,905.128,8226.03,0,0,0,0,0,0,22,27,19,106,0,0,0,0,0,0,
14,0,0,0,1,0,0,0,0,0,0,1439.47,4594.94,1524.46,14883.3,0,0,0,0,0,0,15,12,13,128,0,0,0,0,0,0,
20,1,0,1,0,0,0,0,0,0,0,4001.06,12574.8,3481.73,32529.4,0,0,0,0,0,0,31,57,45,192,0,0,0,0,0,0,
3,0,1,1,0,0,0,0,0,0,0,-12.1804,17.5406,4.64905,0,0,0,0,0,0,0,5,5,6,0,0,0,0,0,0,0,
13,0,1,1,1,0,0,0,0,0,0,952.27,9697.39,1142.79,1310.04,0,0,0,0,0,0,34,165,27,27,0,0,0,0,0,0,
21,0,0,0,1,0,0,0,0,0,0,10345.4,34888.2,4385.73,16288.9,0,0,0,0,0,0,28,107,22,18,0,0,0,0,0,0,
14,1,1,0,1,0,0,0,0,0,0,506.144,1176.35,-35.0221,5161.98,0,0,0,0,0,0,15,24,11,22,0,0,0,0,0,0,
32,1,0,0,0,0,0,0,0,0,0,13675,51146,11577.7,0,0,0,0,0,0,0,36,155,39,0,0,0,0,0,0,0,
15,0,1,1,0,0,0,0,0,0,0,563.309,3348.9,2050.86,15782.5,0,0,0,0,0,0,13,13,10,54,0,0,0,0,0,0,
19,1,1,1,0,0,0,0,0,0,0,2490.4,5287.91,999.333,15245.7,0,0,0,0,0,0,86,83,75,209,0,0,0,0,0,0,
4,1,0,1,0,0,0,0,0,0,0,-46.348,1065.78,359.33,0,0,0,0,0,0,0,64,82,77,0,0,0,0,0,0,0,
4,0,0,1,0,0,0,0,0,0,0,-20.4714,645.717,19.5942,0,0,0,0,0,0,0,15,25,15,0,0,0,0,0,0,0,
10,1,0,1,0,0,0,0,0,0,0,2007.91,19553,1814.58,6746.43,0,0,0,0,0,0,37,83,39,58,0,0,0,0,0,0,
14,1,1,1,1,0,0,0,0,0,0,1761.27,4541.44,2004.19,22684.4,0,0,0,0,0,0,432,729,388,691,0,0,0,0,0,0,
9,1,1,0,0,0,0,0,0,0,0,292.709,3488.77,1541,17796.2,0,0,0,0,0,0,10,13,11,111,0,0,0,0,0,0,
19,1,1,1,1,0,0,0,0,0,0,4630.29,21619.5,2856.24,8144.26,0,0,0,0,0,0,293,627,289,470,0,0,0,0,0,0,
24,1,0,0,0,0,0,0,0,0,0,152.982,-12.9024,1196.91,0,0,0,0,0,0,0,11,10,9,0,0,0,0,0,0,0,
25,1,0,0,0,0,0,0,0,0,0,6847.54,14647.8,4566.49,34040.9,0,0,0,0,0,0,33,38,32,246,0,0,0,0,0,0,
15,1,1,1,0,0,0,0,0,0,0,585.492,2551.22,403.018,7525.99,0,0,0,0,0,0,45,38,41,113,0,0,0,0,0,0,
4,1,1,1,0,0,0,0,0,0,0,1888.82,17585.1,4217.9,0,0,0,0,0,0,0,190,372,235,0,0,0,0,0,0,0,
4,0,1,1,0,0,0,0,0,0,0,-15.8555,35.2786,-5.08098,0,0,0,0,0,0,0,7,4,6,0,0,0,0,0,0,0,
27,0,0,1,0,0,0,0,0,0,0,5081.75,59539,6543.78,20233,0,0,0,0,0,0,21,107,22,22,0,0,0,0,0,0,
19,1,0,1,1,0,0,0,0,0,0,2031.92,18134.4,506.282,2626.54,0,0,0,0,0,0,88,124,75,199,0,0,0,0,0,0,
25,1,0,1,0,0,0,0,0,0,0,756.642,8513,3041.42,28391.7,0,0,0,0,0,0,22,29,27,94,0,0,0,0,0,0,
4,1,1,0,0,0,0,0,0,0,0,13314.3,24385.9,20103.5,0,0,0,0,0,0,0,258,1433,300,0,0,0,0,0,0,0,
19,1,0,0,1,0,0,0,0,0,0,1496.76,1996.93,1032.84,13226.8,0,0,0,0,0,0,9,7,11,59,0,0,0,0,0,0,
10,0,1,0,0,0,0,0,0,0,0,6581.02,24126.2,10467.8,13806.6,0,0,0,0,0,0,49,313,46,52,0,0,0,0,0,0,
29,0,1,0,0,0,0,0,0,0,0,28870.9,36010.1,89980.9,0,0,0,0,0,0,0,78,77,217,0,0,0,0,0,0,0,
16,0,1,0,0,0,0,0,0,0,0,8417.73,21122.8,9031.63,41859,0,0,0,0,0,0,44,52,44,294,0,0,0,0,0,0,
18,1,0,1,0,0,0,0,0,0,0,-2.17623,-9.99819,-1.89613,0,0,0,0,0,0,0,2,3,1,0,0,0,0,0,0,0,
24,1,1,0,0,0,0,0,0,0,0,1883.55,976.052,4073.11,0,0,0,0,0,0,0,214,96,112,0,0,0,0,0,0,0,
15,1,0,0,1,0,0,0,0,0,0,1901.43,6644.11,1473.66,18061.1,0,0,0,0,0,0,67,52,56,212,0,0,0,0,0,0,
16,0,0,1,0,0,0,0,0,0,0,4432.4,16315.6,3453.1,37215.6,0,0,0,0,0,0,35,37,45,158,0,0,0,0,0,0,
21,0,0,1,0,0,0,0,0,0,0,762.72,36659.8,3572.63,9637.92,0,0,0,0,0,0,28,182,44,54,0,0,0,0,0,0,
10,0,1,0,1,0,0,0,0,0,0,183.277,19980.3,3879.98,10628,0,0,0,0,0,0,8,89,14,14,0,0,0,0,0,0,
21,1,0,1,0,0,0,0,0,0,0,2517.44,14400,1897.29,37708,0,0,0,0,0,0,40,35,41,108,0,0,0,0,0,0,
15,1,0,1,1,0,0,0,0,0,0,2683.09,9315.82,1811.8,17343.9,0,0,0,0,0,0,170,189,177,572,0,0,0,0,0,0,
15,1,1,0,1,0,0,0,0,0,0,295.173,17324.6,1191.33,1998.13,0,0,0,0,0,0,28,136,30,49,0,0,0,0,0,0,
16,1,1,0,0,0,0,0,0,0,0,3996.88,37354.3,6791.92,13704,0,0,0,0,0,0,44,243,29,32,0,0,0,0,0,0,
26,0,0,1,0,0,0,0,0,0,0,8342.92,36421.6,13519.4,31226.2,0,0,0,0,0,0,51,434,74,64,0,0,0,0,0,0,
15,1,1,0,0,0,0,0,0,0,0,1391.81,6822.57,2703.99,27654.9,0,0,0,0,0,0,14,23,31,93,0,0,0,0,0,0,
10,0,0,0,1,0,0,0,0,0,0,866.511,20842.9,1376.37,4849.35,0,0,0,0,0,0,11,82,12,15,0,0,0,0,0,0,
15,0,1,0,0,0,0,0,0,0,0,1712.48,6122.96,258.182,5693.63,0,0,0,0,0,0,7,101,6,12,0,0,0,0,0,0,
17,1,0,0,0,0,0,0,0,0,0,662.228,1107.34,15422.5,0,0,0,0,0,0,0,10,20,34,0,0,0,0,0,0,0,
15,0,0,0,1,0,0,0,0,0,0,1925.26,5954.03,2318.29,24659.1,0,0,0,0,0,0,12,14,13,88,0,0,0,0,0,0,
7,2,1,2,2,0,0,0,0,0,0,61.1232,202.846,-154.568,1193.61,0,0,0,0,0,0,155,258,169,233,0,0,0,0,0,0,
13,1,1,2,1,0,0,0,0,0,0,1647.76,5929.18,186.316,2979.46,0,0,0,0,0,0,326,648,312,547,0,0,0,0,0,0,
20,0,1,1,0,0,0,0,0,0,0,2995.38,8009.27,2431.99,32477.5,0,0,0,0,0,0,23,43,21,159,0,0,0,0,0,0,
16,1,0,1,0,0,0,0,0,0,0,1893.15,19453.2,781.536,4961.99,0,0,0,0,0,0,16,51,15,20,0,0,0,0,0,0,
20,0,0,1,1,0,0,0,0,0,0,7659.67,34904.5,5177.57,15262.7,0,0,0,0,0,0,115,378,122,511,0,0,0,0,0,0,
21,0,1,0,0,0,0,0,0,0,0,1630.14,20060.6,10462.3,40107.2,0,0,0,0,0,0,12,22,19,101,0,0,0,0,0,0,
11,0,0,1,0,0,0,0,0,0,0,5381.87,10600.6,43023.1,0,0,0,0,0,0,0,48,44,229,0,0,0,0,0,0,0,
21,0,1,1,0,0,0,0,0,0,0,3908.13,11822.7,3113.28,34590.2,0,0,0,0,0,0,34,38,43,153,0,0,0,0,0,0,
10,0,0,1,1,0,0,0,0,0,0,52.7635,2657.44,186.587,-6.10344,0,0,0,0,0,0,7,25,8,7,0,0,0,0,0,0,
11,1,0,1,0,0,0,0,0,0,0,5885.75,6429.51,41182.2,0,0,0,0,0,0,0,47,56,211,0,0,0,0,0,0,0,
17,0,1,0,0,0,0,0,0,0,0,25075.4,24871.3,52124.6,0,0,0,0,0,0,0,74,60,341,0,0,0,0,0,0,0,
13,1,0,2,1,0,0,0,0,0,0,346.329,566.724,-15.0493,1112.72,0,0,0,0,0,0,24,15,24,66,0,0,0,0,0,0,
22,1,0,0,0,0,0,0,0,0,0,19055.7,59718.6,18866.4,40761.2,0,0,0,0,0,0,57,379,75,71,0,0,0,0,0,0,
20,1,1,1,0,0,0,0,0,0,0,3165.02,11518,5587.95,33882,0,0,0,0,0,0,59,71,55,254,0,0,0,0,0,0,
19,0,1,1,1,0,0,0,0,0,0,5734.23,21723.3,1581.45,7849.64,0,0,0,0,0,0,73,462,80,85,0,0,0,0,0,0,
27,1,0,0,0,0,0,0,0,0,0,14547.4,35385.8,15453.7,52914.4,0,0,0,0,0,0,69,57,64,319,0,0,0,0,0,0,
26,0,1,0,0,0,0,0,0,0,0,4079.46,28930.4,3254.46,12004.2,0,0,0,0,0,0,24,148,21,22,0,0,0,0,0,0,
20,1,1,1,1,0,0,0,0,0,0,10530.5,19830.8,11965.9,27232.1,0,0,0,0,0,0,302,708,260,1009,0,0,0,0,0,0,
10,0,0,1,0,0,0,0,0,0,0,625.933,5469.78,3507.53,20185.2,0,0,0,0,0,0,21,21,22,116,0,0,0,0,0,0,
15,0,0,1,1,0,0,0,0,0,0,3602.54,19669,2564.14,5255.25,0,0,0,0,0,0,22,122,26,23,0,0,0,0,0,0,
14,1,0,0,1,0,0,0,0,0,0,3404.95,7749.13,3737.08,16613.5,0,0,0,0,0,0,52,37,49,313,0,0,0,0,0,0,
15,1,1,1,1,0,0,0,0,0,0,1413.04,10313.6,2087.49,19767.9,0,0,0,0,0,0,205,343,174,392,0,0,0,0,0,0,
15,0,1,0,1,0,0,0,0,0,0,502.549,21092.5,1023.32,1509.14,0,0,0,0,0,0,5,44,5,3,0,0,0,0,0,0,
14,1,0,1,1,0,0,0,0,0,0,4788.32,15946.6,4048.5,11167.9,0,0,0,0,0,0,152,239,157,1077,0,0,0,0,0,0,
15,0,1,1,1,0,0,0,0,0,0,1258.94,2277.95,320.835,11106,0,0,0,0,0,0,21,19,14,89,0,0,0,0,0,0,
11,0,1,0,0,0,0,0,0,0,0,14169.3,11586.8,45601.6,0,0,0,0,0,0,0,62,60,298,0,0,0,0,0,0,0,
5,1,1,0,0,0,0,0,0,0,0,19313.3,22671.1,0,0,0,0,0,0,0,0,544,2106,0,0,0,0,0,0,0,0,
26,0,0,0,1,0,0,0,0,0,0,9367.47,25411.4,12772.6,43064.3,0,0,0,0,0,0,23,29,30,299,0,0,0,0,0,0,
31,1,0,0,0,0,0,0,0,0,0,16719.3,43618.1,12389.4,0,0,0,0,0,0,0,52,288,51,0,0,0,0,0,0,0,
30,1,0,0,0,0,0,0,0,0,0,28545.5,4739.66,0,0,0,0,0,0,0,0,254,59,0,0,0,0,0,0,0,0,
21,0,0,1,1,0,0,0,0,0,0,1501.92,24758.9,1127.19,9627.45,0,0,0,0,0,0,24,103,26,31,0,0,0,0,0,0,
7,2,2,2,1,0,0,0,0,0,0,-98.9298,104.074,-173.319,150.665,0,0,0,0,0,0,135,216,137,334,0,0,0,0,0,0,
8,2,1,1,1,0,0,0,0,0,0,-34.4803,514.804,-13.1261,677.139,0,0,0,0,0,0,111,157,111,267,0,0,0,0,0,0,
5,0,1,0,0,0,0,0,0,0,0,3829.57,24353.5,0,0,0,0,0,0,0,0,93,169,0,0,0,0,0,0,0,0,
19,0,1,0,1,0,0,0,0,0,0,1631.55,18101.4,1921.73,3259.7,0,0,0,0,0,0,8,111,8,9,0,0,0,0,0,0,
20,1,0,1,1,0,0,0,0,0,0,10656.3,30803.5,8147.85,23470.8,0,0,0,0,0,0,180,430,161,623,0,0,0,0,0,0,
10,1,0,0,1,0,0,0,0,0,0,1279.43,20775.1,940.6,2239.15,0,0,0,0,0,0,13,93,19,16,0,0,0,0,0,0,
19,1,1,0,1,0,0,0,0,0,0,3087.1,2291.49,1436.58,20956.6,0,0,0,0,0,0,17,14,19,113,0,0,0,0,0,0,
27,0,1,0,0,0,0,0,0,0,0,10936.7,24160.7,10310.1,58103.1,0,0,0,0,0,0,26,14,18,138,0,0,0,0,0,0,
28,1,0,0,0,0,0,0,0,0,0,20024.1,74700.1,22085.7,52829.6,0,0,0,0,0,0,27,254,27,33,0,0,0,0,0,0,
11,0,1,1,0,0,0,0,0,0,0,18709.9,21649.4,23978.8,0,0,0,0,0,0,0,174,219,1011,0,0,0,0,0,0,0,
20,1,0,0,1,0,0,0,0,0,0,1853.7,5881.55,3874.65,21498,0,0,0,0,0,0,31,32,23,143,0,0,0,0,0,0,
25,0,1,1,0,0,0,0,0,0,0,1336.07,2399.36,1012.84,13743.5,0,0,0,0,0,0,24,27,22,40,0,0,0,0,0,0,
26,1,0,1,0,0,0,0,0,0,0,6030.67,40656.1,2099.26,9327.47,0,0,0,0,0,0,43,112,29,37,0,0,0,0,0,0,
26,1,0,0,0,0,0,0,0,0,0,916.629,4275.26,-13.3479,14314.4,0,0,0,0,0,0,19,25,14,30,0,0,0,0,0,0,
31,0,0,1,0,0,0,0,0,0,0,321.172,9314.34,330.618,0,0,0,0,0,0,0,29,52,20,0,0,0,0,0,0,0,
25,1,0,1,1,0,0,0,0,0,0,7305.41,13763.9,4407.58,31175.1,0,0,0,0,0,0,96,92,89,407,0,0,0,0,0,0,
24,1,0,1,0,0,0,0,0,0,0,-2.67603,16.4419,1158.54,0,0,0,0,0,0,0,2,2,7,0,0,0,0,0,0,0,
30,1,1,0,0,0,0,0,0,0,0,40525.1,17767.2,0,0,0,0,0,0,0,0,1751,461,0,0,0,0,0,0,0,0,
25,0,0,1,1,0,0,0,0,0,0,4995.3,8517.39,3347.24,30752.6,0,0,0,0,0,0,31,24,30,157,0,0,0,0,0,0,
20,1,1,0,0,0,0,0,0,0,0,564.035,12071.9,15.8627,3257.79,0,0,0,0,0,0,5,26,3,4,0,0,0,0,0,0,
25,1,1,1,1,0,0,0,0,0,0,3437.79,12618.5,3069.03,19899,0,0,0,0,0,0,175,318,178,483,0,0,0,0,0,0,
25,1,1,1,0,0,0,0,0,0,0,4326.47,6898.11,3144.49,27610.6,0,0,0,0,0,0,85,85,68,122,0,0,0,0,0,0,
10,0,1,1,0,0,0,0,0,0,0,451.772,6354.95,1330.56,13793.3,0,0,0,0,0,0,13,26,18,71,0,0,0,0,0,0,
25,0,0,0,1,0,0,0,0,0,0,4968.3,28212.4,6769.27,11555.8,0,0,0,0,0,0,33,195,34,24,0,0,0,0,0,0,
25,1,0,0,1,0,0,0,0,0,0,7781.11,29942.9,5082.38,12310.6,0,0,0,0,0,0,32,217,29,21,0,0,0,0,0,0,
11,1,1,0,0,0,0,0,0,0,0,2791.97,4177.87,40716.6,0,0,0,0,0,0,0,47,42,150,0,0,0,0,0,0,0,
16,1,0,1,1,0,0,0,0,0,0,814.981,15310.5,864.984,10336.7,0,0,0,0,0,0,19,55,17,35,0,0,0,0,0,0,
10,1,0,1,1,0,0,0,0,0,0,585.768,10202.1,577.859,797.48,0,0,0,0,0,0,22,70,22,29,0,0,0,0,0,0,
22,0,0,1,0,0,0,0,0,0,0,4483.79,29340.8,10533,56267.3,0,0,0,0,0,0,34,32,25,131,0,0,0,0,0,0,
16,0,0,1,1,0,0,0,0,0,0,291.949,2077.6,620.768,22136.9,0,0,0,0,0,0,11,19,17,55,0,0,0,0,0,0,
32,0,0,1,0,0,0,0,0,0,0,4068.31,13927.3,529.638,0,0,0,0,0,0,0,30,52,22,0,0,0,0,0,0,0,
31,0,1,1,0,0,0,0,0,0,0,10629.3,37716.1,8683.96,0,0,0,0,0,0,0,74,336,64,0,0,0,0,0,0,0,
2,2,1,2,0,0,0,0,0,0,0,2013.85,5173.35,1080.54,0,0,0,0,0,0,0,40,165,46,0,0,0,0,0,0,0,
8,2,1,2,1,0,0,0,0,0,0,207.774,693.369,455.679,639.86,0,0,0,0,0,0,263,372,256,256,0,0,0,0,0,0,
32,0,1,0,0,0,0,0,0,0,0,13886.3,41593.6,12899.8,0,0,0,0,0,0,0,41,178,41,0,0,0,0,0,0,0,
27,0,1,1,0,0,0,0,0,0,0,3560.02,53396.4,6862,20316.3,0,0,0,0,0,0,6,81,7,8,0,0,0,0,0,0,
23,1,0,0,0,0,0,0,0,0,0,3002.92,5734.63,59370.4,0,0,0,0,0,0,0,9,13,42,0,0,0,0,0,0,0,
8,1,1,2,1,0,0,0,0,0,0,1550.59,2118.47,2023.33,6486.81,0,0,0,0,0,0,50,51,46,375,0,0,0,0,0,0,
31,0,1,0,0,0,0,0,0,0,0,6606.46,38112.9,5920.21,0,0,0,0,0,0,0,52,238,57,0,0,0,0,0,0,0,
24,1,1,1,0,0,0,0,0,0,0,8099.61,3940.4,23976.5,0,0,0,0,0,0,0,280,245,478,0,0,0,0,0,0,0,
16,1,1,1,0,0,0,0,0,0,0,1761.59,7905.93,2137.4,21856,0,0,0,0,0,0,55,93,42,115,0,0,0,0,0,0,
10,1,1,0,1,0,0,0,0,0,0,988.87,5537.56,661.257,17606.9,0,0,0,0,0,0,65,80,52,216,0,0,0,0,0,0,
22,0,1,0,0,0,0,0,0,0,0,7724.68,25795.5,8091.99,55080.3,0,0,0,0,0,0,19,22,16,142,0,0,0,0,0,0,
21,1,1,1,0,0,0,0,0,0,0,6535.87,16106.3,2748.57,35921.7,0,0,0,0,0,0,91,92,85,245,0,0,0,0,0,0,
26,1,1,0,0,0,0,0,0,0,0,343.835,11748.4,1978.36,187.483,0,0,0,0,0,0,9,13,8,12,0,0,0,0,0,0,
32,1,0,1,0,0,0,0,0,0,0,3893.1,44126.1,8589.46,0,0,0,0,0,0,0,17,80,27,0,0,0,0,0,0,0,
31,1,1,1,0,0,0,0,0,0,0,24515.7,39905.3,13408.5,0,0,0,0,0,0,0,361,1607,339,0,0,0,0,0,0,0,
31,1,0,1,0,0,0,0,0,0,0,5745.66,32570.8,6090.31,0,0,0,0,0,0,0,28,103,28,0,0,0,0,0,0,0,
26,1,0,1,1,0,0,0,0,0,0,6399.26,43806.1,7307.3,23353.4,0,0,0,0,0,0,33,214,34,27,0,0,0,0,0,0,
21,0,1,1,1,0,0,0,0,0,0,4058.8,23209.6,2732.96,14070.5,0,0,0,0,0,0,51,207,54,59,0,0,0,0,0,0,
25,0,1,0,1,0,0,0,0,0,0,4165.07,4003.4,1313.16,24116.4,0,0,0,0,0,0,11,9,13,58,0,0,0,0,0,0,
25,1,1,0,1,0,0,0,0,0,0,4142.76,8222.5,3761.62,27675.7,0,0,0,0,0,0,16,26,20,174,0,0,0,0,0,0,
20,0,1,0,1,0,0,0,0,0,0,2570.26,25689.8,2698.87,7485.94,0,0,0,0,0,0,11,100,15,16,0,0,0,0,0,0,
21,1,1,0,0,0,0,0,0,0,0,10746.7,21030.9,7304.44,41981.5,0,0,0,0,0,0,41,26,33,227,0,0,0,0,0,0,
33,1,0,0,0,0,0,0,0,0,0,14740.8,76825.1,12054.4,0,0,0,0,0,0,0,36,170,40,0,0,0,0,0,0,0,
32,1,1,0,0,0,0,0,0,0,0,29870.7,62354.5,24035.5,0,0,0,0,0,0,0,165,1081,166,0,0,0,0,0,0,0,
7,2,2,2,2,0,0,0,0,0,0,56.9654,-3.31846,45.1893,391.464,0,0,0,0,0,0,960,1554,947,1488,0,0,0,0,0,0,
17,0,0,1,0,0,0,0,0,0,0,18343.1,16580.2,53041.9,0,0,0,0,0,0,0,71,55,259,0,0,0,0,0,0,0,
21,1,1,0,1,0,0,0,0,0,0,12041,24039.9,14114.6,35579.5,0,0,0,0,0,0,44,35,46,331,0,0,0,0,0,0,
22,1,0,1,0,0,0,0,0,0,0,8707.1,13402,2933.08,45903.7,0,0,0,0,0,0,22,25,17,85,0,0,0,0,0,0,
10,0,1,1,1,0,0,0,0,0,0,202.594,1350.47,1345.9,6495.32,0,0,0,0,0,0,9,5,10,34,0,0,0,0,0,0,
17,0,1,1,0,0,0,0,0,0,0,30497.8,29739.2,56105.7,0,0,0,0,0,0,0,195,214,1300,0,0,0,0,0,0,0,
31,1,1,0,0,0,0,0,0,0,0,25713.8,45667.9,20051.5,0,0,0,0,0,0,0,181,1298,207,0,0,0,0,0,0,0,
23,0,1,0,0,0,0,0,0,0,0,31181.8,27372.6,75252.2,0,0,0,0,0,0,0,74,74,362,0,0,0,0,0,0,0,
26,0,1,1,0,0,0,0,0,0,0,10676.2,28333.2,11261.1,38678.3,0,0,0,0,0,0,87,404,75,241,0,0,0,0,0,0,
13,1,1,2,0,0,0,0,0,0,0,232.619,87.0063,-45.2268,2847.75,0,0,0,0,0,0,14,12,14,47,0,0,0,0,0,0,
26,1,1,1,0,0,0,0,0,0,0,2535.49,10424.9,4419.76,31770.1,0,0,0,0,0,0,40,52,42,147,0,0,0,0,0,0,
16,0,0,0,1,0,0,0,0,0,0,2386.88,25971.2,2030.69,11339.7,0,0,0,0,0,0,20,89,18,25,0,0,0,0,0,0,
10,1,1,1,1,0,0,0,0,0,0,1908.04,6209.97,2218.91,4180.03,0,0,0,0,0,0,163,325,135,270,0,0,0,0,0,0,
26,1,1,0,1,0,0,0,0,0,0,3506.49,15272.6,4132.56,38096,0,0,0,0,0,0,32,28,28,129,0,0,0,0,0,0,
17,1,1,0,0,0,0,0,0,0,0,3786.59,7263.52,46066.8,0,0,0,0,0,0,0,8,21,63,0,0,0,0,0,0,0,
25,0,1,1,1,0,0,0,0,0,0,1510.4,6122.83,1231.44,21761.9,0,0,0,0,0,0,39,49,37,139,0,0,0,0,0,0,
11,1,1,1,0,0,0,0,0,0,0,15029.1,17633.1,22828.2,0,0,0,0,0,0,0,350,339,1293,0,0,0,0,0,0,0,
8,2,2,1,1,0,0,0,0,0,0,-6.51878,-3.44378,0,22.4338,0,0,0,0,0,0,16,9,9,35,0,0,0,0,0,0,
9,2,1,1,1,0,0,0,0,0,0,76.0589,3766.09,654.707,1259.59,0,0,0,0,0,0,130,265,118,167,0,0,0,0,0,0,
12,1,2,2,0,0,0,0,0,0,0,8079.01,9519.24,17105.5,0,0,0,0,0,0,0,1747,1313,5323,0,0,0,0,0,0,0,
18,1,2,1,0,0,0,0,0,0,0,1160.98,2898.69,13258.5,0,0,0,0,0,0,0,340,328,681,0,0,0,0,0,0,0,
26,1,1,1,1,0,0,0,0,0,0,11275.5,23164.4,15478.7,42787.9,0,0,0,0,0,0,274,667,250,852,0,0,0,0,0,0,
18,0,2,1,0,0,0,0,0,0,0,12519,9858.64,17559.2,0,0,0,0,0,0,0,165,139,998,0,0,0,0,0,0,0,
8,2,1,1,0,0,0,0,0,0,0,-10.3363,-7.20689,-4.87975,-3.1573,0,0,0,0,0,0,3,3,2,1,0,0,0,0,0,0,
34,0,0,1,0,0,0,0,0,0,0,9399.6,65022.4,6879.29,0,0,0,0,0,0,0,19,25,20,0,0,0,0,0,0,0,
28,0,0,0,1,0,0,0,0,0,0,10193.1,34396.9,7490.45,68100.6,0,0,0,0,0,0,23,20,22,120,0,0,0,0,0,0,
2,2,2,2,0,0,0,0,0,0,0,7365.19,11119.9,6561.31,0,0,0,0,0,0,0,1017,3699,1322,0,0,0,0,0,0,0,
3,2,1,1,0,0,0,0,0,0,0,2321.59,12200.7,4332.53,0,0,0,0,0,0,0,462,942,539,0,0,0,0,0,0,0,
27,1,0,1,0,0,0,0,0,0,0,6684.74,61851.7,7673.09,20728.3,0,0,0,0,0,0,26,114,20,18,0,0,0,0,0,0,
25,1,1,0,0,0,0,0,0,0,0,1326.57,21877.8,1448.91,1935.66,0,0,0,0,0,0,13,55,14,12,0,0,0,0,0,0,
16,0,1,1,0,0,0,0,0,0,0,2422.74,29076.2,2720.57,6732.46,0,0,0,0,0,0,27,176,35,27,0,0,0,0,0,0,
26,1,0,0,1,0,0,0,0,0,0,2489.21,27058.4,3948.75,11600,0,0,0,0,0,0,5,36,3,11,0,0,0,0,0,0,
10,1,1,1,0,0,0,0,0,0,0,2583.79,16981.2,2634.79,7147.48,0,0,0,0,0,0,91,289,64,97,0,0,0,0,0,0,
2,2,2,1,0,0,0,0,0,0,0,11698.3,16425.4,14048,0,0,0,0,0,0,0,997,5278,1833,0,0,0,0,0,0,0,
28,0,0,1,0,0,0,0,0,0,0,8876.86,42356.6,14781.4,69262,0,0,0,0,0,0,27,27,29,115,0,0,0,0,0,0,
22,0,0,1,1,0,0,0,0,0,0,4078.42,51977.2,3313,14005,0,0,0,0,0,0,22,76,17,11,0,0,0,0,0,0,
21,1,0,1,1,0,0,0,0,0,0,6771.05,45787.2,5155.57,15180,0,0,0,0,0,0,67,181,57,174,0,0,0,0,0,0,
22,0,1,0,1,0,0,0,0,0,0,4938.98,54449.8,6751.91,15964.1,0,0,0,0,0,0,23,126,32,40,0,0,0,0,0,0,
33,0,0,1,0,0,0,0,0,0,0,1423.56,56655.8,719.619,0,0,0,0,0,0,0,8,44,10,0,0,0,0,0,0,0,
27,0,0,1,1,0,0,0,0,0,0,8221.09,31416.4,3101.46,54163.1,0,0,0,0,0,0,17,28,10,125,0,0,0,0,0,0,
26,0,0,1,1,0,0,0,0,0,0,7969.27,40820.6,14615.2,33145.6,0,0,0,0,0,0,38,420,64,69,0,0,0,0,0,0,
22,0,1,1,1,0,0,0,0,0,0,6264.64,50310.4,4625.68,16939.9,0,0,0,0,0,0,28,88,25,69,0,0,0,0,0,0,
16,1,0,0,1,0,0,0,0,0,0,2195.23,7543.87,615.099,24177.1,0,0,0,0,0,0,15,17,18,72,0,0,0,0,0,0,
22,0,1,1,0,0,0,0,0,0,0,6096.18,41871.6,2881.85,9953.3,0,0,0,0,0,0,21,71,19,26,0,0,0,0,0,0,
22,1,1,0,0,0,0,0,0,0,0,14282.8,29969.4,20864.5,59966.8,0,0,0,0,0,0,40,40,41,265,0,0,0,0,0,0,
3,2,0,1,0,0,0,0,0,0,0,-104.236,167.005,-22.4424,0,0,0,0,0,0,0,26,32,14,0,0,0,0,0,0,0,
16,1,1,0,1,0,0,0,0,0,0,478.675,17200.3,2273.2,6318.63,0,0,0,0,0,0,24,89,26,23,0,0,0,0,0,0,
16,1,1,1,1,0,0,0,0,0,0,2504.51,13419.4,3670.79,20271.3,0,0,0,0,0,0,117,227,145,286,0,0,0,0,0,0,
21,1,0,0,1,0,0,0,0,0,0,5156.58,37715.2,7574.19,16946.2,0,0,0,0,0,0,17,222,19,21,0,0,0,0,0,0,
22,1,0,0,1,0,0,0,0,0,0,10243,54589.6,10532.3,27380.1,0,0,0,0,0,0,33,244,42,40,0,0,0,0,0,0,
12,2,2,1,0,0,0,0,0,0,0,81.5164,-100.961,1715.54,0,0,0,0,0,0,0,159,164,203,0,0,0,0,0,0,0,
13,2,1,2,1,0,0,0,0,0,0,183.428,562.293,-65.895,1077.25,0,0,0,0,0,0,227,201,232,337,0,0,0,0,0,0,
12,2,2,2,0,0,0,0,0,0,0,1070.87,2984.38,6826.25,0,0,0,0,0,0,0,488,479,2087,0,0,0,0,0,0,0,
17,1,0,1,0,0,0,0,0,0,0,5094.77,4226.62,37176.6,0,0,0,0,0,0,0,39,35,109,0,0,0,0,0,0,0,
34,1,0,0,0,0,0,0,0,0,0,48032.4,89981.5,36224.4,0,0,0,0,0,0,0,57,230,46,0,0,0,0,0,0,0,
23,1,1,0,0,0,0,0,0,0,0,3535.16,11929.4,68906.8,0,0,0,0,0,0,0,14,16,82,0,0,0,0,0,0,0,
33,0,1,0,0,0,0,0,0,0,0,12676.5,66357.3,13288.1,0,0,0,0,0,0,0,20,93,18,0,0,0,0,0,0,0,
20,1,1,0,1,0,0,0,0,0,0,1056.59,3467.63,846.457,29854.7,0,0,0,0,0,0,19,32,23,110,0,0,0,0,0,0,
22,0,0,0,1,0,0,0,0,0,0,7094,24298.2,9294.19,53922.4,0,0,0,0,0,0,13,20,20,114,0,0,0,0,0,0,
27,1,1,0,0,0,0,0,0,0,0,3884.55,21995,12704.7,50970.2,0,0,0,0,0,0,12,18,20,148,0,0,0,0,0,0,
27,0,0,0,1,0,0,0,0,0,0,11646.2,59798,15531.9,35338.9,0,0,0,0,0,0,23,196,31,30,0,0,0,0,0,0,
20,0,1,1,1,0,0,0,0,0,0,11430.5,30699.9,12313.9,23431.6,0,0,0,0,0,0,95,312,104,492,0,0,0,0,0,0,
9,1,1,2,1,0,0,0,0,0,0,67.5173,2654.21,11.1533,5141.65,0,0,0,0,0,0,23,42,26,80,0,0,0,0,0,0,
3,2,1,2,0,0,0,0,0,0,0,0.897589,91.3093,115.027,0,0,0,0,0,0,0,23,30,34,0,0,0,0,0,0,0,
27,1,0,0,1,0,0,0,0,0,0,15506.9,55367.8,14249.6,35767.9,0,0,0,0,0,0,77,219,91,363,0,0,0,0,0,0,
29,1,0,0,0,0,0,0,0,0,0,16366.2,15852.3,87741.9,0,0,0,0,0,0,0,11,15,72,0,0,0,0,0,0,0,
16,0,1,1,1,0,0,0,0,0,0,-11.9272,1777.43,3594.64,22374.5,0,0,0,0,0,0,8,16,17,45,0,0,0,0,0,0,
28,0,1,1,0,0,0,0,0,0,0,14284.7,17111.5,15329.1,72346.1,0,0,0,0,0,0,18,12,21,145,0,0,0,0,0,0,
33,1,0,1,0,0,0,0,0,0,0,11541.7,67597.1,9023.69,0,0,0,0,0,0,0,15,79,16,0,0,0,0,0,0,0,
22,1,1,1,0,0,0,0,0,0,0,7645.55,27296.4,6617.4,48889.3,0,0,0,0,0,0,29,81,43,141,0,0,0,0,0,0,
28,0,1,0,0,0,0,0,0,0,0,31552.6,72428.1,36131.4,62027.9,0,0,0,0,0,0,44,452,60,59,0,0,0,0,0,0,
23,0,1,1,0,0,0,0,0,0,0,41173.2,34956.6,62787.8,0,0,0,0,0,0,0,229,261,1430,0,0,0,0,0,0,0,
32,1,1,1,0,0,0,0,0,0,0,30990.3,48460.4,27629.8,0,0,0,0,0,0,0,425,2031,433,0,0,0,0,0,0,0,
33,1,1,0,0,0,0,0,0,0,0,37654.4,67654.1,33846.7,0,0,0,0,0,0,0,129,850,107,0,0,0,0,0,0,0,
22,1,1,0,1,0,0,0,0,0,0,13657.8,39743.9,8830.19,60896.8,0,0,0,0,0,0,99,276,74,279,0,0,0,0,0,0,
21,1,1,1,1,0,0,0,0,0,0,13790.9,40200.9,11781.3,24974.9,0,0,0,0,0,0,136,570,140,295,0,0,0,0,0,0,
17,1,1,1,0,0,0,0,0,0,0,18267.5,13992,53735.9,0,0,0,0,0,0,0,330,329,1195,0,0,0,0,0,0,0,
28,1,0,1,0,0,0,0,0,0,0,11155.1,18194.8,9191.95,63854.7,0,0,0,0,0,0,23,13,23,93,0,0,0,0,0,0,
23,0,0,1,0,0,0,0,0,0,0,27050.1,29892.9,73440.5,0,0,0,0,0,0,0,36,37,228,0,0,0,0,0,0,0,
22,1,0,1,1,0,0,0,0,0,0,7233.01,16294.5,2624.51,50104.1,0,0,0,0,0,0,30,33,42,150,0,0,0,0,0,0,
26,0,1,1,1,0,0,0,0,0,0,10853,20354.9,14495.7,46415.2,0,0,0,0,0,0,126,244,149,899,0,0,0,0,0,0,
8,2,2,2,1,0,0,0,0,0,0,-143.978,153.72,-74.5412,683.829,0,0,0,0,0,0,42,37,44,68,0,0,0,0,0,0,
32,0,1,1,0,0,0,0,0,0,0,12624.1,56213.8,13581.6,0,0,0,0,0,0,0,41,139,40,0,0,0,0,0,0,0,
27,0,1,0,1,0,0,0,0,0,0,15120.8,62045.7,11175.9,13579.1,0,0,0,0,0,0,18,132,16,11,0,0,0,0,0,0,
28,1,1,1,1,0,0,0,0,0,0,29016.4,56327.9,23934.4,76803.5,0,0,0,0,0,0,153,291,140,561,0,0,0,0,0,0,
29,1,1,0,0,0,0,0,0,0,0,31308.3,36451.2,89979.6,0,0,0,0,0,0,0,61,75,297,0,0,0,0,0,0,0,
27,1,1,1,0,0,0,0,0,0,0,14876.6,29803.1,11312.9,55044.7,0,0,0,0,0,0,30,40,27,190,0,0,0,0,0,0,
28,0,0,1,1,0,0,0,0,0,0,18928.8,68975.2,9567.41,44198.5,0,0,0,0,0,0,38,160,18,73,0,0,0,0,0,0,
23,1,1,1,0,0,0,0,0,0,0,30600.4,31220,68458.4,0,0,0,0,0,0,0,381,398,1457,0,0,0,0,0,0,0,
21,0,1,0,1,0,0,0,0,0,0,7201.76,15917.9,3211.43,38583.6,0,0,0,0,0,0,28,27,18,156,0,0,0,0,0,0,
26,0,1,0,1,0,0,0,0,0,0,1937.22,13856.2,4394.77,38533.7,0,0,0,0,0,0,11,13,16,117,0,0,0,0,0,0,
23,1,0,1,0,0,0,0,0,0,0,5737.71,15961.6,74161,0,0,0,0,0,0,0,9,10,102,0,0,0,0,0,0,0,
18,1,2,2,0,0,0,0,0,0,0,12149.5,11677.6,21503,0,0,0,0,0,0,0,495,400,2904,0,0,0,0,0,0,0,
24,1,2,1,0,0,0,0,0,0,0,12935.9,10553.8,23817.1,0,0,0,0,0,0,0,368,145,785,0,0,0,0,0,0,0,
33,1,1,1,0,0,0,0,0,0,0,37124.6,69411.9,33447.9,0,0,0,0,0,0,0,469,1844,484,0,0,0,0,0,0,0,
0,1,0,0,0,0,0,0,0,0,0,1250.46,1940.15,0,0,0,0,0,0,0,0,112,97,0,0,0,0,0,0,0,0,
6,1,1,1,0,0,0,0,0,0,0,-48.7891,-134.526,70.8131,0,0,0,0,0,0,0,48,27,58,0,0,0,0,0,0,0,
6,0,1,1,0,0,0,0,0,0,0,4296.54,3578.84,9076.97,0,0,0,0,0,0,0,70,54,486,0,0,0,0,0,0,0,
0,1,2,0,0,0,0,0,0,0,0,5152.76,6859.56,0,0,0,0,0,0,0,0,344,313,0,0,0,0,0,0,0,0,
12,0,0,1,0,0,0,0,0,0,0,3514.16,397.963,66.1347,0,0,0,0,0,0,0,19,2,6,0,0,0,0,0,0,0,
7,0,1,1,1,0,0,0,0,0,0,2083.01,3181.31,2158.39,7607.42,0,0,0,0,0,0,42,38,35,273,0,0,0,0,0,0,
13,1,0,0,1,0,0,0,0,0,0,1146.63,2091.55,902.414,11467,0,0,0,0,0,0,15,23,19,117,0,0,0,0,0,0,
2,0,0,1,0,0,0,0,0,0,0,-3.00486,261.876,998.093,0,0,0,0,0,0,0,6,6,5,0,0,0,0,0,0,0,
8,0,1,1,0,0,0,0,0,0,0,86.8137,-2.60954,930.757,10873.9,0,0,0,0,0,0,5,8,5,34,0,0,0,0,0,0,
2,0,1,1,0,0,0,0,0,0,0,0,0,-2.61194,0,0,0,0,0,0,0,0,0,2,0,0,0,0,0,0,0,
13,0,0,0,1,0,0,0,0,0,0,5326.6,6362.43,2423.69,13264.1,0,0,0,0,0,0,18,14,15,172,0,0,0,0,0,0,
1,2,2,1,0,0,0,0,0,0,0,9273.3,13294.3,5682.16,0,0,0,0,0,0,0,2589,6444,1524,0,0,0,0,0,0,0,
19,0,1,0,0,0,0,0,0,0,0,6528.48,23117.7,3600.05,10720.7,0,0,0,0,0,0,30,268,28,54,0,0,0,0,0,0,
8,0,1,0,1,0,0,0,0,0,0,828.766,500.184,2600.98,11478.3,0,0,0,0,0,0,11,7,13,94,0,0,0,0,0,0,
12,1,0,1,0,0,0,0,0,0,0,237.005,780.489,-1.15099,0,0,0,0,0,0,0,2,2,1,0,0,0,0,0,0,0,
13,1,1,0,1,0,0,0,0,0,0,2307.88,4672.99,1630.41,10187.3,0,0,0,0,0,0,27,22,23,182,0,0,0,0,0,0,
14,0,1,0,1,0,0,0,0,0,0,1.05478,383.746,445.551,3158.47,0,0,0,0,0,0,2,3,2,7,0,0,0,0,0,0,
7,1,1,2,0,0,0,0,0,0,0,-15.7476,249.84,-154.836,-8.23831,0,0,0,0,0,0,9,13,20,5,0,0,0,0,0,0,
7,0,1,1,0,0,0,0,0,0,0,2707.97,5313.76,2361.57,9918.29,0,0,0,0,0,0,41,338,37,111,0,0,0,0,0,0,
6,0,2,2,0,0,0,0,0,0,0,9515.42,10096.4,14087.6,0,0,0,0,0,0,0,963,1217,7763,0,0,0,0,0,0,0,
8,2,0,0,1,0,0,0,0,0,0,-10.6909,27.1052,-10.1665,-2.94778,0,0,0,0,0,0,6,3,4,2,0,0,0,0,0,0,
7,0,2,1,1,0,0,0,0,0,0,48.1911,40.2806,-2.66203,86.1349,0,0,0,0,0,0,3,1,1,2,0,0,0,0,0,0,
7,1,2,1,1,0,0,0,0,0,0,78.0763,31.1411,45.8361,713.786,0,0,0,0,0,0,4,4,5,14,0,0,0,0,0,0,
8,2,0,1,1,0,0,0,0,0,0,-51.9258,169.587,-33.6573,825.108,0,0,0,0,0,0,34,41,31,89,0,0,0,0,0,0,
7,1,2,1,0,0,0,0,0,0,0,-17.4755,-7.11612,-7.8808,-7.64905,0,0,0,0,0,0,3,2,2,4,0,0,0,0,0,0,
7,2,1,1,1,0,0,0,0,0,0,217.188,522.015,309.878,906.277,0,0,0,0,0,0,34,26,23,140,0,0,0,0,0,0,
12,0,2,0,0,0,0,0,0,0,0,558.359,516.017,5053.7,0,0,0,0,0,0,0,7,12,46,0,0,0,0,0,0,0,
1,2,0,2,0,0,0,0,0,0,0,0,-2.18496,-25.313,0,0,0,0,0,0,0,0,1,3,0,0,0,0,0,0,0,
7,2,0,2,1,0,0,0,0,0,0,-32.7898,278.587,-72.4018,57.4708,0,0,0,0,0,0,12,13,8,45,0,0,0,0,0,0,
18,1,2,0,0,0,0,0,0,0,0,-11.2627,-65.089,-6.16055,0,0,0,0,0,0,0,8,12,18,0,0,0,0,0,0,0,
18,0,2,0,0,0,0,0,0,0,0,1100.9,726.324,6475.26,0,0,0,0,0,0,0,17,17,59,0,0,0,0,0,0,0,
9,0,0,0,1,0,0,0,0,0,0,1397.8,17861.9,1883.65,3090.59,0,0,0,0,0,0,16,90,16,48,0,0,0,0,0,0,
13,2,1,1,1,0,0,0,0,0,0,2473.84,3722.91,1756.88,3534.23,0,0,0,0,0,0,55,299,52,61,0,0,0,0,0,0,
3,0,1,0,0,0,0,0,0,0,0,522.913,614.073,3433.72,0,0,0,0,0,0,0,8,9,21,0,0,0,0,0,0,0,
13,2,1,1,0,0,0,0,0,0,0,1743.24,1081.96,618.819,4586.74,0,0,0,0,0,0,18,10,12,94,0,0,0,0,0,0,
16,0,1,0,1,0,0,0,0,0,0,6090.13,30214,4390.4,12326.2,0,0,0,0,0,0,24,186,29,33,0,0,0,0,0,0,
34,1,0,1,0,0,0,0,0,0,0,10332.9,89388.8,10270,0,0,0,0,0,0,0,35,98,34,0,0,0,0,0,0,0,
34,0,1,0,0,0,0,0,0,0,0,5063.96,88943.9,14327.1,0,0,0,0,0,0,0,5,87,9,0,0,0,0,0,0,0,
34,1,1,0,0,0,0,0,0,0,0,42845.4,89964.9,54573.4,0,0,0,0,0,0,0,212,1329,201,0,0,0,0,0,0,0,
8,2,1,0,1,0,0,0,0,0,0,-31.0891,13.2452,9.54489,151.707,0,0,0,0,0,0,5,5,3,9,0,0,0,0,0,0,
12,0,2,2,0,0,0,0,0,0,0,10672.5,10490,16977.2,0,0,0,0,0,0,0,777,510,4774,0,0,0,0,0,0,0,
27,0,1,1,1,0,0,0,0,0,0,7028.79,57940.7,7370.21,28125.3,0,0,0,0,0,0,19,142,14,46,0,0,0,0,0,0,
28,1,1,0,0,0,0,0,0,0,0,30400.7,52720.1,32825.2,66651.7,0,0,0,0,0,0,46,560,41,58,0,0,0,0,0,0,
28,0,1,0,1,0,0,0,0,0,0,14019.3,30911.1,14538,76745.6,0,0,0,0,0,0,25,17,23,145,0,0,0,0,0,0,
27,1,0,1,1,0,0,0,0,0,0,17416.9,43731.2,15816.4,50386.4,0,0,0,0,0,0,82,356,89,211,0,0,0,0,0,0,
27,1,1,1,1,0,0,0,0,0,0,22746.7,40246.5,23597.5,50992.9,0,0,0,0,0,0,221,349,202,857,0,0,0,0,0,0,
33,0,1,1,0,0,0,0,0,0,0,15729.5,45101.8,9666.71,0,0,0,0,0,0,0,20,75,15,0,0,0,0,0,0,0,
28,1,1,0,1,0,0,0,0,0,0,24092.2,47549.4,26797.2,74481.3,0,0,0,0,0,0,53,66,57,416,0,0,0,0,0,0,
29,0,0,1,0,0,0,0,0,0,0,26499.1,31096.9,89928.4,0,0,0,0,0,0,0,17,24,145,0,0,0,0,0,0,0,
29,0,1,1,0,0,0,0,0,0,0,56498.3,53335.4,89972.8,0,0,0,0,0,0,0,172,156,1017,0,0,0,0,0,0,0,
28,1,0,0,1,0,0,0,0,0,0,20499.2,75605,21642.8,41326,0,0,0,0,0,0,30,201,23,27,0,0,0,0,0,0,
28,1,0,1,1,0,0,0,0,0,0,22066.8,56316.5,23173.8,72226.7,0,0,0,0,0,0,52,138,58,253,0,0,0,0,0,0,
14,1,1,2,0,0,0,0,0,0,0,27.7479,882.162,256.356,9602.08,0,0,0,0,0,0,12,9,6,41,0,0,0,0,0,0,
8,1,1,1,2,0,0,0,0,0,0,137.968,990.998,834.688,3332.9,0,0,0,0,0,0,12,30,10,20,0,0,0,0,0,0,
27,1,1,0,1,0,0,0,0,0,0,19905.9,55290.4,12086.3,41635.8,0,0,0,0,0,0,64,288,83,309,0,0,0,0,0,0,
28,1,1,1,0,0,0,0,0,0,0,18147.3,71311.9,14022.2,40811.7,0,0,0,0,0,0,24,194,26,41,0,0,0,0,0,0,
22,1,1,1,1,0,0,0,0,0,0,10996.4,53058.5,9708.86,18240.6,0,0,0,0,0,0,114,364,105,259,0,0,0,0,0,0,
8,1,0,1,2,0,0,0,0,0,0,226.552,962.271,470.937,7562.63,0,0,0,0,0,0,4,3,6,33,0,0,0,0,0,0,
14,1,1,2,1,0,0,0,0,0,0,374.87,6699.07,503.856,3696.54,0,0,0,0,0,0,80,253,77,95,0,0,0,0,0,0,
34,1,1,1,0,0,0,0,0,0,0,35660.4,89976,35770.8,0,0,0,0,0,0,0,235,885,245,0,0,0,0,0,0,0,
34,0,1,1,0,0,0,0,0,0,0,1269.86,52358.1,2673.39,0,0,0,0,0,0,0,3,17,6,0,0,0,0,0,0,0,
2,2,2,0,0,0,0,0,0,0,0,7353.37,8884.7,16198,0,0,0,0,0,0,0,246,1380,560,0,0,0,0,0,0,0,
28,0,1,1,1,0,0,0,0,0,0,14459.5,73809.7,21500.4,41027.7,0,0,0,0,0,0,35,195,58,111,0,0,0,0,0,0,
26,1,1,2,1,0,0,0,0,0,0,758.776,6933.04,691.232,23828.7,0,0,0,0,0,0,25,24,14,71,0,0,0,0,0,0,
29,1,1,1,0,0,0,0,0,0,0,54203.9,59282.7,89973.2,0,0,0,0,0,0,0,378,429,2389,0,0,0,0,0,0,0,
29,1,0,1,0,0,0,0,0,0,0,44908.5,38993.2,89961.3,0,0,0,0,0,0,0,28,39,165,0,0,0,0,0,0,0,
19,0,1,2,1,0,0,0,0,0,0,732.223,436.203,2.48028,2069.65,0,0,0,0,0,0,21,7,11,30,0,0,0,0,0,0,
20,1,1,1,2,0,0,0,0,0,0,1704.17,18505.1,3484.05,6927.35,0,0,0,0,0,0,36,127,35,65,0,0,0,0,0,0,
26,1,1,2,0,0,0,0,0,0,0,-0.397512,110.782,-3.54349,2169.77,0,0,0,0,0,0,2,3,2,7,0,0,0,0,0,0,
19,1,1,2,0,0,0,0,0,0,0,-2.5293,49.4922,-2.26594,75.8464,0,0,0,0,0,0,2,2,4,14,0,0,0,0,0,0,
13,1,1,1,2,0,0,0,0,0,0,492.501,1497.33,171.917,1191.37,0,0,0,0,0,0,20,101,26,36,0,0,0,0,0,0,
3,2,0,2,0,0,0,0,0,0,0,-32.5863,1.6517,0,0,0,0,0,0,0,0,2,2,0,0,0,0,0,0,0,0,
9,1,0,2,1,0,0,0,0,0,0,64.9301,1976.44,208.234,903.654,0,0,0,0,0,0,4,18,7,3,0,0,0,0,0,0,
26,0,1,2,1,0,0,0,0,0,0,972.508,22425.8,480.554,525.755,0,0,0,0,0,0,6,39,3,1,0,0,0,0,0,0,
20,1,0,1,2,0,0,0,0,0,0,118.936,13818.6,548.489,-1.86314,0,0,0,0,0,0,8,36,5,2,0,0,0,0,0,0,
8,2,1,2,0,0,0,0,0,0,0,-119.045,132.011,-103.914,1762.61,0,0,0,0,0,0,25,19,15,34,0,0,0,0,0,0,
9,2,1,1,0,0,0,0,0,0,0,23.4995,3936,335.641,631.587,0,0,0,0,0,0,8,49,14,11,0,0,0,0,0,0,
8,2,2,1,0,0,0,0,0,0,0,-21.7799,-2.98334,0,0,0,0,0,0,0,0,3,1,0,0,0,0,0,0,0,0,
26,1,0,2,1,0,0,0,0,0,0,1309.54,3393.48,796.537,19521.1,0,0,0,0,0,0,5,2,2,38,0,0,0,0,0,0,
20,1,1,0,2,0,0,0,0,0,0,-1.95,5333.76,52.0334,0,0,0,0,0,0,0,2,10,2,0,0,0,0,0,0,0,
19,1,1,2,1,0,0,0,0,0,0,1482.64,9777.38,512.948,1003.56,0,0,0,0,0,0,55,146,32,81,0,0,0,0,0,0,
3,2,1,0,0,0,0,0,0,0,0,9708.22,19727.9,12454.8,0,0,0,0,0,0,0,129,1069,147,0,0,0,0,0,0,0,
19,1,0,2,1,0,0,0,0,0,0,105.282,329.272,-10.4627,1756.28,0,0,0,0,0,0,15,14,25,55,0,0,0,0,0,0,
13,0,1,1,2,0,0,0,0,0,0,714.767,183.678,135.439,3821.84,0,0,0,0,0,0,6,18,3,25,0,0,0,0,0,0,
13,1,1,2,2,0,0,0,0,0,0,101.322,687.183,-113.523,587.096,0,0,0,0,0,0,46,107,54,74,0,0,0,0,0,0,
13,0,1,2,2,0,0,0,0,0,0,-9.58405,0.392148,-50.3984,-5.89398,0,0,0,0,0,0,2,1,4,4,0,0,0,0,0,0,
8,2,2,2,2,0,0,0,0,0,0,44.2435,527.11,147.274,94.0437,0,0,0,0,0,0,107,190,119,218,0,0,0,0,0,0,
9,2,0,1,1,0,0,0,0,0,0,2.97807,281.67,-0.57652,1125.32,0,0,0,0,0,0,2,9,3,13,0,0,0,0,0,0,
29,1,2,1,0,0,0,0,0,0,0,40284.8,37114.3,89978.6,0,0,0,0,0,0,0,73,73,351,0,0,0,0,0,0,0,
23,1,1,2,0,0,0,0,0,0,0,20797.4,21263.2,73690.6,0,0,0,0,0,0,0,66,67,318,0,0,0,0,0,0,0,
29,0,2,1,0,0,0,0,0,0,0,27357.9,22897.1,89731.9,0,0,0,0,0,0,0,23,21,123,0,0,0,0,0,0,0,
29,1,2,0,0,0,0,0,0,0,0,17557.2,3369.56,69649.7,0,0,0,0,0,0,0,11,7,29,0,0,0,0,0,0,0,
9,2,0,1,0,0,0,0,0,0,0,0,0,0,111.172,0,0,0,0,0,0,0,0,0,1,0,0,0,0,0,0,
13,1,2,2,1,0,0,0,0,0,0,1075.02,2026.25,257.464,3663.97,0,0,0,0,0,0,47,142,62,100,0,0,0,0,0,0,
34,2,1,1,0,0,0,0,0,0,0,41749,89955.4,48306,0,0,0,0,0,0,0,130,745,141,0,0,0,0,0,0,0,
33,1,2,1,0,0,0,0,0,0,0,33645.6,43526.4,27470.9,0,0,0,0,0,0,0,145,723,301,0,0,0,0,0,0,0,
14,2,1,2,1,0,0,0,0,0,0,148.597,1135.15,52.1194,1846.57,0,0,0,0,0,0,34,115,31,34,0,0,0,0,0,0,
13,1,2,2,0,0,0,0,0,0,0,-21.8846,6.30291,-12.1734,638.238,0,0,0,0,0,0,7,1,6,16,0,0,0,0,0,0,
14,2,1,2,0,0,0,0,0,0,0,29.2112,189.399,-10.586,1826.77,0,0,0,0,0,0,1,3,7,18,0,0,0,0,0,0,
15,2,1,1,1,0,0,0,0,0,0,691.138,1066.49,305.865,2836.32,0,0,0,0,0,0,15,83,20,20,0,0,0,0,0,0,
17,1,1,2,0,0,0,0,0,0,0,8305.34,11805.9,52234.6,0,0,0,0,0,0,0,90,92,299,0,0,0,0,0,0,0,
23,1,2,2,0,0,0,0,0,0,0,20349.8,12764.9,65659.5,0,0,0,0,0,0,0,89,45,193,0,0,0,0,0,0,0,
14,2,2,2,1,0,0,0,0,0,0,4.53918,139.349,11.017,333.964,0,0,0,0,0,0,15,45,10,17,0,0,0,0,0,0,
23,1,2,1,0,0,0,0,0,0,0,33299.8,27865.7,74774.1,0,0,0,0,0,0,0,79,70,483,0,0,0,0,0,0,0,
14,2,2,2,0,0,0,0,0,0,0,-10.0688,0,-11.3126,603.785,0,0,0,0,0,0,2,0,2,3,0,0,0,0,0,0,
15,2,1,1,0,0,0,0,0,0,0,81.2276,226.451,664.049,4690.78,0,0,0,0,0,0,5,6,6,13,0,0,0,0,0,0,
14,1,2,2,1,0,0,0,0,0,0,87.569,1083.95,4.68456,1740.48,0,0,0,0,0,0,23,42,24,34,0,0,0,0,0,0,
17,2,1,1,0,0,0,0,0,0,0,3174.7,12100.8,56462.8,0,0,0,0,0,0,0,13,17,92,0,0,0,0,0,0,0,
17,2,1,2,0,0,0,0,0,0,0,276.19,567.416,8794.18,0,0,0,0,0,0,0,7,9,5,0,0,0,0,0,0,0,
16,1,2,0,1,0,0,0,0,0,0,0,122.301,3029.81,0,0,0,0,0,0,0,0,2,8,0,0,0,0,0,0,0,
16,1,2,1,1,0,0,0,0,0,0,0,97.1599,0,0,0,0,0,0,0,0,0,2,0,0,0,0,0,0,0,0,
24,0,2,1,0,0,0,0,0,0,0,16759.6,8808.7,13667.1,0,0,0,0,0,0,0,382,55,34,0,0,0,0,0,0,0,
16,1,2,0,0,0,0,0,0,0,0,2232.68,255.654,769.271,17547.9,0,0,0,0,0,0,6,2,5,19,0,0,0,0,0,0,
16,1,2,1,0,0,0,0,0,0,0,0,5317.07,125.798,150.122,0,0,0,0,0,0,0,5,1,1,0,0,0,0,0,0,
3,2,2,1,0,0,0,0,0,0,0,8731.56,19191.4,10403.3,0,0,0,0,0,0,0,539,1758,796,0,0,0,0,0,0,0,
4,2,1,0,0,0,0,0,0,0,0,11892.7,22492.3,16965.6,0,0,0,0,0,0,0,176,1080,184,0,0,0,0,0,0,0,
4,2,1,1,0,0,0,0,0,0,0,2727.2,13154.7,6091.83,0,0,0,0,0,0,0,41,167,49,0,0,0,0,0,0,0,
8,2,1,2,2,0,0,0,0,0,0,96.1564,454.018,100.51,192.969,0,0,0,0,0,0,38,125,26,45,0,0,0,0,0,0,
4,2,0,1,0,0,0,0,0,0,0,91.9158,550.209,180.914,0,0,0,0,0,0,0,2,10,3,0,0,0,0,0,0,0,
31,2,1,1,0,0,0,0,0,0,0,15673,32501.5,15184.4,0,0,0,0,0,0,0,93,551,76,0,0,0,0,0,0,0,
30,2,1,0,0,0,0,0,0,0,0,21250.9,7165.07,0,0,0,0,0,0,0,0,224,62,0,0,0,0,0,0,0,0,
10,2,1,1,1,0,0,0,0,0,0,0,0,19.0088,0,0,0,0,0,0,0,9,4,19,5,0,0,0,0,0,0,
9,1,2,1,1,0,0,0,0,0,0,0,-0.194605,-1.17788,6.89491,0,0,0,0,0,0,1,1,1,1,0,0,0,0,0,0,
10,2,1,0,1,0,0,0,0,0,0,0,0,0,224.024,0,0,0,0,0,0,1,0,0,3,0,0,0,0,0,0,
9,2,2,1,1,0,0,0,0,0,0,0,-1,0,140.846,0,0,0,0,0,0,4,5,5,11,0,0,0,0,0,0,
4,2,0,0,0,0,0,0,0,0,0,4802.61,26440.3,9171.32,0,0,0,0,0,0,0,28,172,25,0,0,0,0,0,0,0,
11,1,1,2,0,0,0,0,0,0,0,11433.8,12026.5,23314.2,0,0,0,0,0,0,0,78,103,501,0,0,0,0,0,0,0,
17,1,2,1,0,0,0,0,0,0,0,18484.5,20192.2,59167.3,0,0,0,0,0,0,0,120,98,438,0,0,0,0,0,0,0,
19,1,1,2,2,0,0,0,0,0,0,605.573,2211.02,-0.95,425.389,0,0,0,0,0,0,7,13,2,6,0,0,0,0,0,0,
25,0,1,2,1,0,0,0,0,0,0,77.477,0,0,11.1194,0,0,0,0,0,0,1,0,0,1,0,0,0,0,0,0,
25,1,1,2,1,0,0,0,0,0,0,568.428,7665.4,569.88,3987.27,0,0,0,0,0,0,29,91,31,28,0,0,0,0,0,0,
25,1,0,2,1,0,0,0,0,0,0,85.0802,292.68,0,481.019,0,0,0,0,0,0,2,1,0,4,0,0,0,0,0,0,
24,1,1,2,0,0,0,0,0,0,0,2185.11,554.79,13878,0,0,0,0,0,0,0,7,6,27,0,0,0,0,0,0,0,
30,2,2,0,0,0,0,0,0,0,0,28422.1,17188.9,0,0,0,0,0,0,0,0,912,170,0,0,0,0,0,0,0,0,
1,2,2,0,0,0,0,0,0,0,0,9987.71,13741.8,9228.73,0,0,0,0,0,0,0,1229,6744,910,0,0,0,0,0,0,0,
8,0,0,0,1,0,0,0,0,0,0,1789.6,4548.42,3316.56,11751.1,0,0,0,0,0,0,27,24,34,193,0,0,0,0,0,0,
13,0,1,0,0,0,0,0,0,0,0,2118.67,2713.52,1443.03,12983.5,0,0,0,0,0,0,10,8,11,99,0,0,0,0,0,0,
2,2,0,0,0,0,0,0,0,0,0,461.576,3595.88,495.75,0,0,0,0,0,0,0,17,61,24,0,0,0,0,0,0,0,
8,0,1,0,0,0,0,0,0,0,0,2096.89,3360.08,1809.15,12746.7,0,0,0,0,0,0,12,10,14,93,0,0,0,0,0,0,
7,0,1,2,1,0,0,0,0,0,0,726.185,912.449,536.498,230.567,0,0,0,0,0,0,7,5,6,2,0,0,0,0,0,0,
7,0,0,2,1,0,0,0,0,0,0,474.684,-1.4937,-15.5983,50.137,0,0,0,0,0,0,3,1,1,2,0,0,0,0,0,0,
13,0,1,0,1,0,0,0,0,0,0,654.386,7236.54,152.509,1641.78,0,0,0,0,0,0,2,43,2,3,0,0,0,0,0,0,
7,1,0,2,0,0,0,0,0,0,0,1061.85,253.933,538.692,1365.57,0,0,0,0,0,0,9,2,5,10,0,0,0,0,0,0,
18,0,0,1,0,0,0,0,0,0,0,448.465,690.528,4397.01,0,0,0,0,0,0,0,19,5,21,0,0,0,0,0,0,0,
6,2,2,1,0,0,0,0,0,0,0,-167.793,-320.98,-76.1841,0,0,0,0,0,0,0,137,139,105,0,0,0,0,0,0,0,
7,2,0,1,1,0,0,0,0,0,0,38.0884,548.328,53.9039,161.702,0,0,0,0,0,0,3,14,3,19,0,0,0,0,0,0,
7,2,0,2,2,0,0,0,0,0,0,207.73,87.6574,546.995,1165.96,0,0,0,0,0,0,16,25,13,50,0,0,0,0,0,0,
3,2,0,0,0,0,0,0,0,0,0,1074.02,7552.91,1773.06,0,0,0,0,0,0,0,18,88,20,0,0,0,0,0,0,0,
12,2,2,0,0,0,0,0,0,0,0,-3.95984,-8.08175,2.95015,0,0,0,0,0,0,0,1,1,2,0,0,0,0,0,0,0,
13,2,1,2,2,0,0,0,0,0,0,36.4447,963.642,-4.29039,92.232,0,0,0,0,0,0,10,35,4,11,0,0,0,0,0,0,
7,1,2,2,2,0,0,0,0,0,0,-59.8366,-1.13476,-73.0944,-0.425472,0,0,0,0,0,0,10,7,9,4,0,0,0,0,0,0,
19,0,1,2,0,0,0,0,0,0,0,13.9927,129.775,-2.64828,-1.1,0,0,0,0,0,0,6,6,2,1,0,0,0,0,0,0,
9,0,1,0,1,0,0,0,0,0,0,1080.21,1703.55,489.824,9967.01,0,0,0,0,0,0,4,2,3,36,0,0,0,0,0,0,
13,1,2,2,2,0,0,0,0,0,0,141.416,374.766,11.7199,526.011,0,0,0,0,0,0,17,13,12,52,0,0,0,0,0,0,
14,2,1,1,1,0,0,0,0,0,0,135.29,2420.79,419.734,7690.16,0,0,0,0,0,0,35,42,43,152,0,0,0,0,0,0,
14,2,1,1,0,0,0,0,0,0,0,-1.99974,115.412,0.824229,157.328,0,0,0,0,0,0,3,5,1,1,0,0,0,0,0,0,
13,2,2,1,1,0,0,0,0,0,0,291.703,1099.08,414.927,2359.77,0,0,0,0,0,0,11,53,8,52,0,0,0,0,0,0,
13,2,2,2,1,0,0,0,0,0,0,118.682,542.785,-33.5536,561.256,0,0,0,0,0,0,20,58,22,41,0,0,0,0,0,0,
13,1,2,1,1,0,0,0,0,0,0,498.917,1879.97,118.853,3549.83,0,0,0,0,0,0,10,17,5,80,0,0,0,0,0,0,
14,2,0,1,1,0,0,0,0,0,0,544.531,3449.08,1213.26,8523.7,0,0,0,0,0,0,21,21,18,120,0,0,0,0,0,0,
8,2,0,2,1,0,0,0,0,0,0,0.816274,50.3528,190.149,625.086,0,0,0,0,0,0,3,4,2,13,0,0,0,0,0,0,
3,1,2,1,0,0,0,0,0,0,0,2923.15,16538.1,3664.55,0,0,0,0,0,0,0,24,79,58,0,0,0,0,0,0,0,
34,2,0,1,0,0,0,0,0,0,0,13600.7,86602.9,27136.4,0,0,0,0,0,0,0,15,64,17,0,0,0,0,0,0,0,
8,2,1,1,2,0,0,0,0,0,0,45.1344,908.549,275.683,730.293,0,0,0,0,0,0,23,69,39,87,0,0,0,0,0,0,
13,1,2,1,2,0,0,0,0,0,0,786.933,595.768,209.092,2255.23,0,0,0,0,0,0,7,6,5,40,0,0,0,0,0,0,
13,2,1,1,2,0,0,0,0,0,0,85.4325,164.258,0.0146234,34.1492,0,0,0,0,0,0,9,17,6,3,0,0,0,0,0,0,
7,2,2,1,1,0,0,0,0,0,0,-12.112,19.3028,-17.3014,-5.83817,0,0,0,0,0,0,1,1,2,2,0,0,0,0,0,0,
19,0,0,2,1,0,0,0,0,0,0,1347.39,2214.8,131.768,6389.48,0,0,0,0,0,0,5,5,3,66,0,0,0,0,0,0,
19,1,0,2,0,0,0,0,0,0,0,45.3257,0,-0.95,0,0,0,0,0,0,0,1,0,1,0,0,0,0,0,0,0,
34,1,2,1,0,0,0,0,0,0,0,36181.4,89917.4,35563.7,0,0,0,0,0,0,0,42,300,64,0,0,0,0,0,0,0,
34,2,2,1,0,0,0,0,0,0,0,56567,89954.5,55522.5,0,0,0,0,0,0,0,191,1205,187,0,0,0,0,0,0,0,
8,2,0,1,2,0,0,0,0,0,0,-24.4044,168.701,-18.6041,285.248,0,0,0,0,0,0,7,6,9,11,0,0,0,0,0,0,
34,2,2,0,0,0,0,0,0,0,0,39066.4,89951.4,42184,0,0,0,0,0,0,0,42,343,39,0,0,0,0,0,0,0,
13,2,2,2,2,0,0,0,0,0,0,101.305,230.158,-4.09946,82.5758,0,0,0,0,0,0,8,7,5,6,0,0,0,0,0,0,
13,2,2,1,2,0,0,0,0,0,0,40.2569,188.079,-1.78596,53.6975,0,0,0,0,0,0,3,4,4,5,0,0,0,0,0,0,
34,2,1,0,0,0,0,0,0,0,0,34786,89978.6,39745.5,0,0,0,0,0,0,0,23,366,39,0,0,0,0,0,0,0,
3,1,2,2,0,0,0,0,0,0,0,0,0,283.552,0,0,0,0,0,0,0,0,0,3,0,0,0,0,0,0,0,
19,0,2,2,1,0,0,0,0,0,0,128.669,-2.52212,11.1199,1592.17,0,0,0,0,0,0,2,3,5,9,0,0,0,0,0,0,
20,2,0,1,1,0,0,0,0,0,0,0,58.478,156.527,0,0,0,0,0,0,0,0,2,3,0,0,0,0,0,0,0,
20,2,1,1,1,0,0,0,0,0,0,81.2537,402.686,177.367,1205.99,0,0,0,0,0,0,7,1,5,3,0,0,0,0,0,0,
3,1,1,2,0,0,0,0,0,0,0,6.84486,-1,28.9919,0,0,0,0,0,0,0,1,1,2,0,0,0,0,0,0,0,
19,0,2,1,1,0,0,0,0,0,0,53.8004,273.135,3.29411,551.699,0,0,0,0,0,0,1,2,1,2,0,0,0,0,0,0,
4,1,2,1,0,0,0,0,0,0,0,1692.59,7021.61,1930.36,0,0,0,0,0,0,0,30,41,156,0,0,0,0,0,0,0,
5,2,1,0,0,0,0,0,0,0,0,14611.8,19710.6,0,0,0,0,0,0,0,0,128,639,0,0,0,0,0,0,0,0,
20,2,1,2,1,0,0,0,0,0,0,76.2923,1948.45,-2.6825,364.463,0,0,0,0,0,0,3,8,3,3,0,0,0,0,0,0,
14,1,1,1,2,0,0,0,0,0,0,551.757,2566.09,1522.03,6931.83,0,0,0,0,0,0,18,160,26,30,0,0,0,0,0,0,
27,1,1,1,2,0,0,0,0,0,0,9629.07,26022,8833.34,44895.5,0,0,0,0,0,0,31,112,42,100,0,0,0,0,0,0,
20,1,1,2,1,0,0,0,0,0,0,1758.91,8490.86,2975.06,27949.8,0,0,0,0,0,0,31,25,32,207,0,0,0,0,0,0,
33,1,2,2,0,0,0,0,0,0,0,14205.8,40036.7,22638.5,0,0,0,0,0,0,0,23,90,42,0,0,0,0,0,0,0,
14,2,1,1,2,0,0,0,0,0,0,317.583,4180.49,670.33,9433.16,0,0,0,0,0,0,15,27,15,49,0,0,0,0,0,0,
20,1,1,2,0,0,0,0,0,0,0,2344.77,28019.8,1966.13,932.7,0,0,0,0,0,0,4,43,5,3,0,0,0,0,0,0,
33,2,2,2,0,0,0,0,0,0,0,23687.9,76426.4,23537.3,0,0,0,0,0,0,0,69,406,60,0,0,0,0,0,0,0,
33,2,2,1,0,0,0,0,0,0,0,38698.7,76680.8,39354.8,0,0,0,0,0,0,0,151,1347,184,0,0,0,0,0,0,0,
32,1,2,1,0,0,0,0,0,0,0,33076.3,36014,31585.3,0,0,0,0,0,0,0,219,1898,240,0,0,0,0,0,0,0,
4,1,2,0,0,0,0,0,0,0,0,1282.02,17983.4,4591.96,0,0,0,0,0,0,0,7,78,17,0,0,0,0,0,0,0,
33,2,1,2,0,0,0,0,0,0,0,7854.79,54017.9,4419.04,0,0,0,0,0,0,0,15,92,41,0,0,0,0,0,0,0,
5,2,0,0,0,0,0,0,0,0,0,7385.51,29069,0,0,0,0,0,0,0,0,34,155,0,0,0,0,0,0,0,0,
33,2,1,1,0,0,0,0,0,0,0,28937.3,74957.7,27342.9,0,0,0,0,0,0,0,74,522,98,0,0,0,0,0,0,0,
14,2,1,2,2,0,0,0,0,0,0,45.3825,111.916,113.238,0,0,0,0,0,0,0,4,9,8,0,0,0,0,0,0,0,
31,1,2,1,0,0,0,0,0,0,0,10355.6,17273.7,10072.3,0,0,0,0,0,0,0,86,367,81,0,0,0,0,0,0,0,
32,2,1,1,0,0,0,0,0,0,0,9638.17,44749.6,16196.7,0,0,0,0,0,0,0,103,238,52,0,0,0,0,0,0,0,
4,2,2,1,0,0,0,0,0,0,0,6397.68,21589.3,7347.48,0,0,0,0,0,0,0,92,541,230,0,0,0,0,0,0,0,
13,0,2,2,1,0,0,0,0,0,0,10.1375,287.21,-11.924,-3.53399,0,0,0,0,0,0,5,4,2,2,0,0,0,0,0,0,
19,1,1,1,2,0,0,0,0,0,0,326.802,2701.41,210.658,1717.88,0,0,0,0,0,0,17,65,26,24,0,0,0,0,0,0,
4,2,2,0,0,0,0,0,0,0,0,14677.6,22589.1,18314.5,0,0,0,0,0,0,0,128,1169,201,0,0,0,0,0,0,0,
19,1,0,1,2,0,0,0,0,0,0,74.2031,-0.232506,0,783.298,0,0,0,0,0,0,1,1,0,4,0,0,0,0,0,0,
20,0,1,2,1,0,0,0,0,0,0,2115.29,2712.62,987.561,25534.9,0,0,0,0,0,0,11,8,10,85,0,0,0,0,0,0,
27,1,1,2,1,0,0,0,0,0,0,1587.56,15874.2,745.945,16738.8,0,0,0,0,0,0,10,38,14,24,0,0,0,0,0,0,
15,1,0,1,2,0,0,0,0,0,0,550.316,3254.78,155.042,1990.63,0,0,0,0,0,0,5,21,6,4,0,0,0,0,0,0,
21,1,1,2,1,0,0,0,0,0,0,1562.58,3991.42,501.084,4100.18,0,0,0,0,0,0,14,7,9,22,0,0,0,0,0,0,
21,1,0,2,1,0,0,0,0,0,0,1098.71,4610.22,322.824,3456.48,0,0,0,0,0,0,14,11,5,6,0,0,0,0,0,0,
15,1,1,1,2,0,0,0,0,0,0,317.335,2565.66,419.752,3897.48,0,0,0,0,0,0,14,19,15,15,0,0,0,0,0,0,
19,1,1,0,2,0,0,0,0,0,0,20.8678,717.197,12.4919,464.886,0,0,0,0,0,0,1,7,1,4,0,0,0,0,0,0,
25,2,1,1,1,0,0,0,0,0,0,2871.18,13443.9,1281.82,7269.47,0,0,0,0,0,0,28,144,28,52,0,0,0,0,0,0,
8,2,2,1,2,0,0,0,0,0,0,173.571,247.165,323.082,71.6878,0,0,0,0,0,0,53,57,36,26,0,0,0,0,0,0,
25,1,1,2,0,0,0,0,0,0,0,561.987,112.379,73.8918,0,0,0,0,0,0,0,10,1,1,0,0,0,0,0,0,0,
5,1,2,0,0,0,0,0,0,0,0,15160.6,23322.4,0,0,0,0,0,0,0,0,56,310,0,0,0,0,0,0,0,0,
11,1,2,1,0,0,0,0,0,0,0,9496.01,6543.32,31474.8,0,0,0,0,0,0,0,40,28,227,0,0,0,0,0,0,0,
28,1,2,0,1,0,0,0,0,0,0,-3.13775,1070.61,0,819.647,0,0,0,0,0,0,3,1,0,1,0,0,0,0,0,0,
11,0,2,1,0,0,0,0,0,0,0,9098.58,14753,36992,0,0,0,0,0,0,0,34,46,298,0,0,0,0,0,0,0,
14,1,2,2,0,0,0,0,0,0,0,0,0.213211,0,189.826,0,0,0,0,0,0,0,1,0,1,0,0,0,0,0,0,
24,1,2,0,0,0,0,0,0,0,0,5300.21,2456.91,21491.7,0,0,0,0,0,0,0,32,19,92,0,0,0,0,0,0,0,
21,1,0,1,2,0,0,0,0,0,0,763.274,11220.2,697.605,2909.99,0,0,0,0,0,0,4,10,5,6,0,0,0,0,0,0,
29,2,1,1,0,0,0,0,0,0,0,12752,9509.52,84888.8,0,0,0,0,0,0,0,18,16,61,0,0,0,0,0,0,0,
28,1,2,1,1,0,0,0,0,0,0,2805.02,28180.7,7696.55,42497.6,0,0,0,0,0,0,8,13,14,35,0,0,0,0,0,0,
27,1,2,1,0,0,0,0,0,0,0,1050.2,0,357.11,3594.28,0,0,0,0,0,0,4,0,2,3,0,0,0,0,0,0,
28,2,1,1,1,0,0,0,0,0,0,2633.83,7641.81,7995.28,53941.1,0,0,0,0,0,0,11,5,10,31,0,0,0,0,0,0,
18,0,2,2,0,0,0,0,0,0,0,14965.8,11693.8,15394.2,0,0,0,0,0,0,0,552,500,2987,0,0,0,0,0,0,0,
28,2,2,1,1,0,0,0,0,0,0,4315.49,34686.2,6216.49,36006.7,0,0,0,0,0,0,11,20,10,16,0,0,0,0,0,0,
9,2,1,0,1,0,0,0,0,0,0,-1.8,208.452,87.3092,17.8681,0,0,0,0,0,0,1,2,2,1,0,0,0,0,0,0,
27,1,2,1,1,0,0,0,0,0,0,1357.51,8004.57,825.888,15279,0,0,0,0,0,0,7,8,6,23,0,0,0,0,0,0,
15,2,1,0,1,0,0,0,0,0,0,-2.88255,8385.27,877.772,618.582,0,0,0,0,0,0,4,38,10,4,0,0,0,0,0,0,
19,0,1,1,2,0,0,0,0,0,0,0,0,0,48.5497,0,0,0,0,0,0,0,0,0,2,0,0,0,0,0,0,
27,1,2,2,1,0,0,0,0,0,0,1975.34,5398.53,709.771,12132,0,0,0,0,0,0,7,4,5,11,0,0,0,0,0,0,
21,1,1,1,2,0,0,0,0,0,0,178.894,9158.7,480.192,3502.75,0,0,0,0,0,0,6,24,14,17,0,0,0,0,0,0,
18,2,2,2,0,0,0,0,0,0,0,5729.78,3587.63,15795.8,0,0,0,0,0,0,0,309,195,328,0,0,0,0,0,0,0,
10,1,2,1,1,0,0,0,0,0,0,311.1,1132.87,216.448,0,0,0,0,0,0,0,3,3,3,0,0,0,0,0,0,0,
11,2,1,1,0,0,0,0,0,0,0,662.66,730.1,1365.17,0,0,0,0,0,0,0,7,3,6,0,0,0,0,0,0,0,
19,2,1,1,1,0,0,0,0,0,0,624.131,9407.24,1348.68,4486.81,0,0,0,0,0,0,34,69,22,75,0,0,0,0,0,0,
5,2,2,0,0,0,0,0,0,0,0,15813.9,26329.2,0,0,0,0,0,0,0,0,197,849,0,0,0,0,0,0,0,0,
10,1,2,0,1,0,0,0,0,0,0,47.6003,1831.18,84.7985,0,0,0,0,0,0,0,2,2,1,0,0,0,0,0,0,0,
24,2,2,1,0,0,0,0,0,0,0,5218.39,946.937,15288.8,0,0,0,0,0,0,0,35,28,118,0,0,0,0,0,0,0,
21,1,1,2,2,0,0,0,0,0,0,1726.5,4552.31,23.1497,0,0,0,0,0,0,0,13,9,2,4,0,0,0,0,0,0,
15,1,1,0,2,0,0,0,0,0,0,0,596.069,94.3011,594.817,0,0,0,0,0,0,0,1,1,2,0,0,0,0,0,0,
29,2,2,1,0,0,0,0,0,0,0,0,885.221,0,0,0,0,0,0,0,0,3,14,3,0,0,0,0,0,0,0,
24,2,2,0,0,0,0,0,0,0,0,495.779,0,283.522,0,0,0,0,0,0,0,3,0,1,0,0,0,0,0,0,0,
15,2,1,1,2,0,0,0,0,0,0,0,626.854,125.909,252.386,0,0,0,0,0,0,0,1,1,1,0,0,0,0,0,0,
34,1,1,2,0,0,0,0,0,0,0,242.378,0,-2.34,0,0,0,0,0,0,0,4,7,8,0,0,0,0,0,0,0,
28,1,1,1,2,0,0,0,0,0,0,125.841,-1,978.536,27203.9,0,0,0,0,0,0,2,2,2,16,0,0,0,0,0,0,
3,2,2,0,0,0,0,0,0,0,0,13552.8,18941.9,13239.1,0,0,0,0,0,0,0,285,2229,464,0,0,0,0,0,0,0,
9,2,1,0,0,0,0,0,0,0,0,0,0,0,-0.85,0,0,0,0,0,0,1,1,0,1,0,0,0,0,0,0,
14,2,2,1,1,0,0,0,0,0,0,0,0,0,0,0,0,0,0,0,0,2,3,3,7,0,0,0,0,0,0,
31,1,1,2,0,0,0,0,0,0,0,7527.9,14532.8,2547.22,0,0,0,0,0,0,0,47,128,36,0,0,0,0,0,0,0,
25,1,1,1,2,0,0,0,0,0,0,49.3616,100.505,1245.8,5838.16,0,0,0,0,0,0,3,1,8,21,0,0,0,0,0,0,
13,2,2,2,0,0,0,0,0,0,0,0,0,0,0,0,0,0,0,0,0,0,1,0,0,0,0,0,0,0,0,
7,2,2,1,2,0,0,0,0,0,0,0,0,0,0,0,0,0,0,0,0,2,3,2,5,0,0,0,0,0,0,
29,1,1,2,0,0,0,0,0,0,0,44772.4,45951.2,89961.9,0,0,0,0,0,0,0,51,47,433,0,0,0,0,0,0,0,
15,2,1,0,0,0,0,0,0,0,0,459.018,2829.05,1703.79,2926.94,0,0,0,0,0,0,3,29,7,4,0,0,0,0,0,0,
11,1,2,2,0,0,0,0,0,0,0,14506.6,9246.04,35313.7,0,0,0,0,0,0,0,43,39,320,0,0,0,0,0,0,0,
6,1,0,0,0,0,0,0,0,0,0,0,0,-1.75535,0,0,0,0,0,0,0,0,0,1,0,0,0,0,0,0,0,
7,0,1,0,1,0,0,0,0,0,0,7682.83,143.282,1673.17,616.099,0,0,0,0,0,0,82,3,10,7,0,0,0,0,0,0,
14,1,0,1,2,0,0,0,0,0,0,2038.54,6884.55,2870.52,16878.7,0,0,0,0,0,0,32,36,36,261,0,0,0,0,0,0,
20,0,0,2,0,0,0,0,0,0,0,0,355.201,-2.38235,0,0,0,0,0,0,0,0,1,1,0,0,0,0,0,0,0,
14,1,0,0,2,0,0,0,0,0,0,-0.9,707.048,1178.97,0,0,0,0,0,0,0,1,1,7,0,0,0,0,0,0,0,
14,0,0,0,2,0,0,0,0,0,0,0,0,2212.19,0,0,0,0,0,0,0,0,0,8,0,0,0,0,0,0,0,
20,0,0,2,1,0,0,0,0,0,0,637.525,3902.3,592.774,16572.2,0,0,0,0,0,0,14,4,7,47,0,0,0,0,0,0,
14,0,0,1,2,0,0,0,0,0,0,597.405,7034.49,389.101,2870.82,0,0,0,0,0,0,5,43,2,17,0,0,0,0,0,0,
7,0,1,0,0,0,0,0,0,0,0,5263.68,12745.4,5542.75,6656.41,0,0,0,0,0,0,32,357,36,35,0,0,0,0,0,0,
12,1,1,2,0,0,0,0,0,0,0,2691.88,357.187,2459.73,0,0,0,0,0,0,0,65,5,9,0,0,0,0,0,0,0,
2,1,2,1,0,0,0,0,0,0,0,472.728,4918.77,3.98584,0,0,0,0,0,0,0,8,23,2,0,0,0,0,0,0,0,
33,1,2,0,0,0,0,0,0,0,0,36264.4,73843.4,29105.9,0,0,0,0,0,0,0,39,295,34,0,0,0,0,0,0,0,
3,1,2,0,0,0,0,0,0,0,0,362.463,3011.52,11611.3,0,0,0,0,0,0,0,6,5,54,0,0,0,0,0,0,0,
24,0,2,0,0,0,0,0,0,0,0,2550.57,3658.54,16016.2,0,0,0,0,0,0,0,26,24,169,0,0,0,0,0,0,0,
17,0,2,1,0,0,0,0,0,0,0,11400.5,17892.2,55304.9,0,0,0,0,0,0,0,211,31,114,0,0,0,0,0,0,0,
18,0,1,2,0,0,0,0,0,0,0,3082.92,1476.75,12304.6,0,0,0,0,0,0,0,38,14,114,0,0,0,0,0,0,0,
18,1,1,2,0,0,0,0,0,0,0,1403.69,161.174,6204.17,0,0,0,0,0,0,0,4,11,21,0,0,0,0,0,0,0,
25,0,0,1,2,0,0,0,0,0,0,3079.35,1017.92,632.49,769.425,0,0,0,0,0,0,22,3,10,1,0,0,0,0,0,0,
27,0,1,0,2,0,0,0,0,0,0,1271.65,9579.02,428.309,20692,0,0,0,0,0,0,2,3,2,15,0,0,0,0,0,0,
33,1,1,2,0,0,0,0,0,0,0,22040.8,9512.45,10011.3,0,0,0,0,0,0,0,59,12,11,0,0,0,0,0,0,0,
27,0,1,1,2,0,0,0,0,0,0,0,6034.09,3427.47,19761.6,0,0,0,0,0,0,0,4,2,29,0,0,0,0,0,0,
25,2,0,0,1,0,0,0,0,0,0,0,12352,136.447,2092.2,0,0,0,0,0,0,0,25,1,1,0,0,0,0,0,0,
24,2,1,0,0,0,0,0,0,0,0,-1.5,0,1946.37,0,0,0,0,0,0,0,1,0,8,0,0,0,0,0,0,0,
25,2,0,1,1,0,0,0,0,0,0,1172.38,14953.8,398.213,3774.28,0,0,0,0,0,0,7,58,5,38,0,0,0,0,0,0,
24,2,1,1,0,0,0,0,0,0,0,1445.95,1915.69,10095.4,0,0,0,0,0,0,0,21,29,101,0,0,0,0,0,0,0,
25,2,1,1,0,0,0,0,0,0,0,3355.73,9646.44,2186.78,15377.8,0,0,0,0,0,0,19,55,17,89,0,0,0,0,0,0,
31,1,2,0,0,0,0,0,0,0,0,18117.4,7675.12,1035.16,0,0,0,0,0,0,0,48,13,7,0,0,0,0,0,0,0,
25,2,1,0,1,0,0,0,0,0,0,130.688,19304.4,2001.07,6744.41,0,0,0,0,0,0,3,53,8,13,0,0,0,0,0,0,
7,2,0,1,2,0,0,0,0,0,0,94.0533,286.334,1018.67,201.893,0,0,0,0,0,0,5,13,38,8,0,0,0,0,0,0,
8,1,0,2,1,0,0,0,0,0,0,1191.48,9841.58,1714.23,5321.88,0,0,0,0,0,0,25,155,21,25,0,0,0,0,0,0,
7,2,1,1,2,0,0,0,0,0,0,286.628,373.366,1069.13,226.668,0,0,0,0,0,0,32,45,116,45,0,0,0,0,0,0,
31,0,2,1,0,0,0,0,0,0,0,1721.97,11867.5,974.325,0,0,0,0,0,0,0,6,21,10,0,0,0,0,0,0,0,
32,2,0,1,0,0,0,0,0,0,0,2583.22,17382.6,3583.14,0,0,0,0,0,0,0,4,12,5,0,0,0,0,0,0,0,
20,1,0,2,1,0,0,0,0,0,0,2692.95,25205.1,2803.7,12941.1,0,0,0,0,0,0,26,129,20,48,0,0,0,0,0,0,
20,2,0,2,1,0,0,0,0,0,0,473.836,1559.27,338.596,3256.44,0,0,0,0,0,0,12,4,6,13,0,0,0,0,0,0,
19,1,2,1,1,0,0,0,0,0,0,122.45,1010.07,171.231,4462.88,0,0,0,0,0,0,5,5,4,34,0,0,0,0,0,0,
32,1,1,2,0,0,0,0,0,0,0,8095.05,28409.6,3878.41,0,0,0,0,0,0,0,27,145,31,0,0,0,0,0,0,0,
26,1,1,1,2,0,0,0,0,0,0,3301.64,13784.6,7029.71,14711.9,0,0,0,0,0,0,27,146,33,48,0,0,0,0,0,0,
32,2,1,2,0,0,0,0,0,0,0,4621.28,28742.7,2695.7,0,0,0,0,0,0,0,10,25,5,0,0,0,0,0,0,0,
19,1,2,1,0,0,0,0,0,0,0,50.9793,-6.76676,67.5556,864.857,0,0,0,0,0,0,1,4,1,4,0,0,0,0,0,0,
19,0,2,1,0,0,0,0,0,0,0,148.068,0,37.503,1463.57,0,0,0,0,0,0,2,0,2,4,0,0,0,0,0,0,
14,0,1,1,2,0,0,0,0,0,0,468.736,6706.82,69.5889,2726.9,0,0,0,0,0,0,4,41,3,6,0,0,0,0,0,0,
13,2,0,2,1,0,0,0,0,0,0,94.7835,343.359,171.769,151.951,0,0,0,0,0,0,3,7,6,5,0,0,0,0,0,0,
20,1,0,2,0,0,0,0,0,0,0,0,792.49,0,132.035,0,0,0,0,0,0,0,2,0,2,0,0,0,0,0,0,
26,1,0,1,2,0,0,0,0,0,0,365.171,15937.9,951.166,0.651847,0,0,0,0,0,0,1,12,2,1,0,0,0,0,0,0,
13,0,0,2,1,0,0,0,0,0,0,91.2501,429.988,0.51911,155.082,0,0,0,0,0,0,3,5,2,4,0,0,0,0,0,0,
26,1,0,2,2,0,0,0,0,0,0,10.9904,9211.46,632.824,146.219,0,0,0,0,0,0,1,8,4,1,0,0,0,0,0,0,
20,2,1,1,2,0,0,0,0,0,0,382.635,2762.55,1050.83,1002.6,0,0,0,0,0,0,11,10,17,14,0,0,0,0,0,0,
14,0,1,2,1,0,0,0,0,0,0,234.205,2472.97,46.9235,1452.98,0,0,0,0,0,0,5,20,3,7,0,0,0,0,0,0,
26,1,1,2,2,0,0,0,0,0,0,1619.12,18271,1212.09,1086.31,0,0,0,0,0,0,18,31,14,13,0,0,0,0,0,0,
20,2,0,1,2,0,0,0,0,0,0,26.3781,604.63,170.703,0,0,0,0,0,0,0,1,1,2,0,0,0,0,0,0,0,
32,1,2,2,0,0,0,0,0,0,0,9762.57,45251.9,7809.43,0,0,0,0,0,0,0,22,176,28,0,0,0,0,0,0,0,
8,1,0,2,2,0,0,0,0,0,0,827.685,6218.01,1655.16,822.124,0,0,0,0,0,0,12,53,8,3,0,0,0,0,0,0,
8,0,0,2,1,0,0,0,0,0,0,297.146,1799.99,2440.02,4391.57,0,0,0,0,0,0,4,8,13,93,0,0,0,0,0,0,
8,0,0,2,2,0,0,0,0,0,0,10.816,1087.11,0,0,0,0,0,0,0,0,1,13,1,0,0,0,0,0,0,0,
19,1,2,2,0,0,0,0,0,0,0,0,92.6046,0,0,0,0,0,0,0,0,0,1,0,0,0,0,0,0,0,0,
19,1,2,2,1,0,0,0,0,0,0,0,0,0,264.159,0,0,0,0,0,0,0,0,0,1,0,0,0,0,0,0,
19,0,2,2,0,0,0,0,0,0,0,0,0,-3.20979,0,0,0,0,0,0,0,0,0,2,0,0,0,0,0,0,0,
8,0,1,2,1,0,0,0,0,0,0,1536.58,1765.97,1463.83,9139.14,0,0,0,0,0,0,15,12,18,134,0,0,0,0,0,0,
13,1,0,1,2,0,0,0,0,0,0,83.159,0,22.6086,54.4184,0,0,0,0,0,0,3,0,4,1,0,0,0,0,0,0,
23,0,1,2,0,0,0,0,0,0,0,24765.7,16918.1,73773.7,0,0,0,0,0,0,0,37,23,147,0,0,0,0,0,0,0,
8,1,0,2,0,0,0,0,0,0,0,477.347,7551.41,2352.88,558.866,0,0,0,0,0,0,5,24,19,1,0,0,0,0,0,0,
8,1,1,2,0,0,0,0,0,0,0,239.234,525.628,93.4378,2484.83,0,0,0,0,0,0,1,1,2,7,0,0,0,0,0,0,
13,1,0,2,2,0,0,0,0,0,0,81.9259,431.871,18.6802,143.966,0,0,0,0,0,0,3,3,2,3,0,0,0,0,0,0,
14,1,2,1,1,0,0,0,0,0,0,-1.755,2409.6,1099.19,1890.61,0,0,0,0,0,0,2,33,6,9,0,0,0,0,0,0,
15,2,0,0,1,0,0,0,0,0,0,0,0,0,85.6571,0,0,0,0,0,0,0,0,0,1,0,0,0,0,0,0,
29,0,1,2,0,0,0,0,0,0,0,46746.4,16998.1,27142.2,0,0,0,0,0,0,0,79,7,7,0,0,0,0,0,0,0,
25,0,1,1,2,0,0,0,0,0,0,962.511,0,187.089,1888,0,0,0,0,0,0,11,0,3,7,0,0,0,0,0,0,
26,0,1,2,2,0,0,0,0,0,0,318.518,6056.74,427.249,1776.86,0,0,0,0,0,0,7,6,3,4,0,0,0,0,0,0,
25,1,0,1,2,0,0,0,0,0,0,1561.37,1206.94,834.55,11640.5,0,0,0,0,0,0,10,7,6,63,0,0,0,0,0,0,
26,0,1,1,2,0,0,0,0,0,0,4753.09,24561.9,2855.52,7099.24,0,0,0,0,0,0,20,97,18,18,0,0,0,0,0,0,
3,2,2,2,0,0,0,0,0,0,0,1149.26,4127.9,988.547,0,0,0,0,0,0,0,115,474,107,0,0,0,0,0,0,0,
13,0,1,2,1,0,0,0,0,0,0,150.261,1314.28,11.9762,0,0,0,0,0,0,0,5,4,2,0,0,0,0,0,0,0,
9,0,0,2,0,0,0,0,0,0,0,35.4216,727.366,1.0478,612.838,0,0,0,0,0,0,3,4,4,5,0,0,0,0,0,0,
7,1,1,2,2,0,0,0,0,0,0,202.105,227.644,185.601,665.165,0,0,0,0,0,0,13,24,13,20,0,0,0,0,0,0,
9,1,0,2,0,0,0,0,0,0,0,-0.174496,241.127,96.2169,624.753,0,0,0,0,0,0,1,1,1,4,0,0,0,0,0,0,
9,0,1,2,0,0,0,0,0,0,0,429.549,1676.46,644.112,933.599,0,0,0,0,0,0,7,31,6,5,0,0,0,0,0,0,
27,1,1,0,2,0,0,0,0,0,0,2699.83,14169.8,7975.13,40033.6,0,0,0,0,0,0,4,11,12,68,0,0,0,0,0,0,
9,0,0,2,1,0,0,0,0,0,0,88.9483,1036.98,0,1487.22,0,0,0,0,0,0,3,3,0,11,0,0,0,0,0,0,
7,1,1,1,2,0,0,0,0,0,0,309.226,1438.12,386.348,427.633,0,0,0,0,0,0,11,56,12,5,0,0,0,0,0,0,
32,2,2,2,0,0,0,0,0,0,0,8978.62,30383.9,3931.07,0,0,0,0,0,0,0,18,92,14,0,0,0,0,0,0,0,
7,1,0,2,2,0,0,0,0,0,0,378.974,941.938,372.565,1045.4,0,0,0,0,0,0,12,14,7,37,0,0,0,0,0,0,
32,2,2,1,0,0,0,0,0,0,0,14126.4,35509,22986,0,0,0,0,0,0,0,62,399,75,0,0,0,0,0,0,0,
24,2,2,2,0,0,0,0,0,0,0,13530.8,8922.42,19642.5,0,0,0,0,0,0,0,72,122,676,0,0,0,0,0,0,0,
30,1,2,0,0,0,0,0,0,0,0,33158.2,15841.4,0,0,0,0,0,0,0,0,943,175,0,0,0,0,0,0,0,0,
7,1,0,1,2,0,0,0,0,0,0,76.5851,-0.506579,1184.3,279.34,0,0,0,0,0,0,4,1,22,2,0,0,0,0,0,0,
27,2,1,1,1,0,0,0,0,0,0,2638.08,0,3785.42,30456.4,0,0,0,0,0,0,12,1,11,40,0,0,0,0,0,0,
21,1,2,1,0,0,0,0,0,0,0,880.143,0,-0.85,9746.54,0,0,0,0,0,0,3,0,1,8,0,0,0,0,0,0,
9,0,1,2,1,0,0,0,0,0,0,13.7557,857.725,436.403,373.631,0,0,0,0,0,0,3,10,8,8,0,0,0,0,0,0,
21,1,2,0,1,0,0,0,0,0,0,1038.9,12476.1,0,0,0,0,0,0,0,0,1,6,0,0,0,0,0,0,0,0,
30,0,2,0,0,0,0,0,0,0,0,31316.6,9230.78,0,0,0,0,0,0,0,0,128,34,0,0,0,0,0,0,0,0,
22,2,1,0,1,0,0,0,0,0,0,351.12,265.713,0,2396.39,0,0,0,0,0,0,1,1,0,2,0,0,0,0,0,0,
24,1,2,2,0,0,0,0,0,0,0,15754.4,9969.4,23601.7,0,0,0,0,0,0,0,562,130,632,0,0,0,0,0,0,0,
27,1,0,1,2,0,0,0,0,0,0,6389.75,59312.9,4237.26,12575.9,0,0,0,0,0,0,10,60,6,10,0,0,0,0,0,0,
21,0,2,1,1,0,0,0,0,0,0,236.531,2717.23,0,1519.22,0,0,0,0,0,0,2,4,0,1,0,0,0,0,0,0,
22,2,0,0,0,0,0,0,0,0,0,0,0,98.9359,0,0,0,0,0,0,0,0,0,2,0,0,0,0,0,0,0,
7,0,1,1,2,0,0,0,0,0,0,329.713,1647,304.194,650.975,0,0,0,0,0,0,7,15,6,12,0,0,0,0,0,0,
7,1,2,1,2,0,0,0,0,0,0,185.578,301.648,906.053,299.203,0,0,0,0,0,0,16,20,30,17,0,0,0,0,0,0,
16,2,1,0,0,0,0,0,0,0,0,293.999,0,1732.64,4320.49,0,0,0,0,0,0,1,0,5,5,0,0,0,0,0,0,
22,2,0,0,1,0,0,0,0,0,0,0,0,91.1497,0,0,0,0,0,0,0,0,0,2,0,0,0,0,0,0,0,
15,1,2,1,1,0,0,0,0,0,0,30.9996,371.304,91.7767,2935.98,0,0,0,0,0,0,1,1,3,6,0,0,0,0,0,0,
21,1,2,1,1,0,0,0,0,0,0,0,0,0,3836.63,0,0,0,0,0,0,0,0,2,10,0,0,0,0,0,0,
22,2,1,0,0,0,0,0,0,0,0,1506.37,2803.15,1956.63,14385.3,0,0,0,0,0,0,4,5,6,13,0,0,0,0,0,0,
15,1,2,1,0,0,0,0,0,0,0,294.61,873.683,255.112,2900.29,0,0,0,0,0,0,5,5,5,10,0,0,0,0,0,0,
23,0,2,2,0,0,0,0,0,0,0,12745.4,2293.27,64380.4,0,0,0,0,0,0,0,18,8,41,0,0,0,0,0,0,0,
16,2,1,1,1,0,0,0,0,0,0,913.545,3680.41,1538.09,6892.35,0,0,0,0,0,0,5,5,8,17,0,0,0,0,0,0,
7,0,2,1,2,0,0,0,0,0,0,53.3565,0,50.8513,97.6354,0,0,0,0,0,0,3,0,1,2,0,0,0,0,0,0,
8,2,0,2,2,0,0,0,0,0,0,27.1575,337.777,836.353,897.855,0,0,0,0,0,0,4,7,14,10,0,0,0,0,0,0,
33,0,2,1,0,0,0,0,0,0,0,391.387,16158.4,635.116,0,0,0,0,0,0,0,1,5,1,0,0,0,0,0,0,0,
19,2,1,1,0,0,0,0,0,0,0,867.894,9570.56,792.971,2403.96,0,0,0,0,0,0,23,61,5,5,0,0,0,0,0,0,
32,2,1,0,0,0,0,0,0,0,0,5937.17,50212.5,1784.04,0,0,0,0,0,0,0,7,51,4,0,0,0,0,0,0,0,
15,1,1,2,1,0,0,0,0,0,0,28.4233,1635.96,11.358,1255,0,0,0,0,0,0,1,4,2,4,0,0,0,0,0,0,
9,1,1,0,2,0,0,0,0,0,0,54.6072,406.619,207.889,0,0,0,0,0,0,0,3,2,1,0,0,0,0,0,0,0,
19,2,0,1,1,0,0,0,0,0,0,42.2147,2615.23,467.581,758.819,0,0,0,0,0,0,11,30,12,15,0,0,0,0,0,0,
15,0,1,2,0,0,0,0,0,0,0,1148.86,1238.91,371.08,2422.46,0,0,0,0,0,0,7,5,8,6,0,0,0,0,0,0,
26,1,2,1,1,0,0,0,0,0,0,1776.86,2903.2,4375.86,12303.6,0,0,0,0,0,0,6,55,9,23,0,0,0,0,0,0,
29,0,2,2,0,0,0,0,0,0,0,8680.07,9584.33,75774.4,0,0,0,0,0,0,0,4,5,46,0,0,0,0,0,0,0,
9,1,1,1,2,0,0,0,0,0,0,0,28.5252,58.8756,27.314,0,0,0,0,0,0,0,1,2,1,0,0,0,0,0,0,
17,1,2,2,0,0,0,0,0,0,0,11906.3,12915.1,39919.8,0,0,0,0,0,0,0,56,59,456,0,0,0,0,0,0,0,
9,1,0,0,2,0,0,0,0,0,0,0,0,12.5507,399.455,0,0,0,0,0,0,0,0,1,1,0,0,0,0,0,0,
15,1,1,2,0,0,0,0,0,0,0,0,586.08,0,0,0,0,0,0,0,0,0,1,0,0,0,0,0,0,0,0,
9,1,0,1,2,0,0,0,0,0,0,0,993.248,42.6307,0,0,0,0,0,0,0,0,4,1,0,0,0,0,0,0,0,
29,1,2,2,0,0,0,0,0,0,0,9105.51,15439.7,86925.7,0,0,0,0,0,0,0,32,17,110,0,0,0,0,0,0,0,
7,1,2,0,1,0,0,0,0,0,0,0,0,63.818,-2.58627,0,0,0,0,0,0,0,0,1,1,0,0,0,0,0,0,
17,0,2,2,0,0,0,0,0,0,0,12376.5,9993.78,53177.2,0,0,0,0,0,0,0,17,61,145,0,0,0,0,0,0,0,
7,1,2,0,0,0,0,0,0,0,0,0,0,0,15.6888,0,0,0,0,0,0,0,0,0,2,0,0,0,0,0,0,
23,0,2,1,0,0,0,0,0,0,0,12000.9,16074.1,72403,0,0,0,0,0,0,0,19,29,172,0,0,0,0,0,0,0,
11,0,1,2,0,0,0,0,0,0,0,16754.7,18855.6,11185.3,0,0,0,0,0,0,0,45,76,401,0,0,0,0,0,0,0,
28,1,2,1,2,0,0,0,0,0,0,-6.90315,-1.95,948.256,0,0,0,0,0,0,0,15,12,16,14,0,0,0,0,0,0,
34,2,1,2,0,0,0,0,0,0,0,51905.3,8773.05,730.817,0,0,0,0,0,0,0,58,19,22,0,0,0,0,0,0,0,
31,1,2,2,0,0,0,0,0,0,0,4536.15,2825.08,946.137,0,0,0,0,0,0,0,20,8,4,0,0,0,0,0,0,0,
25,2,1,1,2,0,0,0,0,0,0,69.2511,0,97.3365,0,0,0,0,0,0,0,1,1,2,1,0,0,0,0,0,0,
25,2,2,1,1,0,0,0,0,0,0,40.3357,0,7.59721,0,0,0,0,0,0,0,13,13,12,8,0,0,0,0,0,0,
19,2,0,0,1,0,0,0,0,0,0,0,0,136.505,0,0,0,0,0,0,0,1,0,2,0,0,0,0,0,0,0,
26,2,1,1,0,0,0,0,0,0,0,0,0,233.416,0,0,0,0,0,0,0,2,0,2,0,0,0,0,0,0,0,
9,1,2,2,1,0,0,0,0,0,0,0,0,0,84.3073,0,0,0,0,0,0,10,9,9,8,0,0,0,0,0,0,
26,2,2,1,1,0,0,0,0,0,0,0,0,119.75,0,0,0,0,0,0,0,8,11,6,7,0,0,0,0,0,0,
14,2,0,1,2,0,0,0,0,0,0,0,2799.33,0,976.437,0,0,0,0,0,0,2,18,1,2,0,0,0,0,0,0,
31,2,2,1,0,0,0,0,0,0,0,7354.93,37469.7,10378.9,0,0,0,0,0,0,0,33,319,42,0,0,0,0,0,0,0,
10,2,1,1,0,0,0,0,0,0,0,0,0,0,0,0,0,0,0,0,0,1,5,5,8,0,0,0,0,0,0,
27,2,1,0,1,0,0,0,0,0,0,0,2595.43,1345.66,0,0,0,0,0,0,0,4,3,2,1,0,0,0,0,0,0,
29,2,2,2,0,0,0,0,0,0,0,0,0,0,0,0,0,0,0,0,0,6,2,2,0,0,0,0,0,0,0,
32,2,2,0,0,0,0,0,0,0,0,4309.51,3145.8,15149.2,0,0,0,0,0,0,0,6,2,49,0,0,0,0,0,0,0,
26,2,2,1,0,0,0,0,0,0,0,0,0,0,0,0,0,0,0,0,0,3,1,0,2,0,0,0,0,0,0,
14,2,0,2,2,0,0,0,0,0,0,0,0,0,0,0,0,0,0,0,0,1,3,2,2,0,0,0,0,0,0,
8,1,1,2,2,0,0,0,0,0,0,2086.36,2696.7,7001.96,3844.05,0,0,0,0,0,0,31,29,192,29,0,0,0,0,0,0,
26,2,1,0,1,0,0,0,0,0,0,0,0,0,0,0,0,0,0,0,0,0,0,1,0,0,0,0,0,0,0,
28,1,2,2,2,0,0,0,0,0,0,0,0,0,0,0,0,0,0,0,0,2,2,1,2,0,0,0,0,0,0,
22,1,0,0,2,0,0,0,0,0,0,0,0,0,0,0,0,0,0,0,0,0,1,0,1,0,0,0,0,0,0,
13,2,1,0,1,0,0,0,0,0,0,1116.39,7438.27,810.779,1317.63,0,0,0,0,0,0,7,92,12,10,0,0,0,0,0,0,
34,1,2,2,0,0,0,0,0,0,0,0,4496.3,3364.87,0,0,0,0,0,0,0,3,2,1,0,0,0,0,0,0,0,
26,2,1,1,1,0,0,0,0,0,0,0,0,0,0,0,0,0,0,0,0,0,0,0,1,0,0,0,0,0,0,
9,1,1,2,0,0,0,0,0,0,0,764.84,3348.23,973.732,3268.56,0,0,0,0,0,0,11,23,16,19,0,0,0,0,0,0,
25,2,2,1,2,0,0,0,0,0,0,0,0,0,0,0,0,0,0,0,0,0,1,0,0,0,0,0,0,0,0,
27,2,1,1,2,0,0,0,0,0,0,0,0,0,0,0,0,0,0,0,0,4,6,2,7,0,0,0,0,0,0,
31,2,2,2,0,0,0,0,0,0,0,0,0,0,0,0,0,0,0,0,0,2,1,3,0,0,0,0,0,0,0,
25,1,2,1,1,0,0,0,0,0,0,0,0,0,0,0,0,0,0,0,0,3,2,3,6,0,0,0,0,0,0,
14,1,0,2,2,0,0,0,0,0,0,0,0,0,0,0,0,0,0,0,0,1,0,2,1,0,0,0,0,0,0,
19,2,1,0,1,0,0,0,0,0,0,0,0,0,0,0,0,0,0,0,0,1,0,1,4,0,0,0,0,0,0,
6,0,0,1,0,0,0,0,0,0,0,-1.53636,-5.5422,264.066,0,0,0,0,0,0,0,2,2,6,0,0,0,0,0,0,0,
32,0,2,0,0,0,0,0,0,0,0,4082.95,3275.55,11881.4,0,0,0,0,0,0,0,3,4,16,0,0,0,0,0,0,0,
32,0,2,1,0,0,0,0,0,0,0,10031.7,50608.2,9234.43,0,0,0,0,0,0,0,10,79,13,0,0,0,0,0,0,0,
31,2,0,0,0,0,0,0,0,0,0,393.651,20262,990.175,0,0,0,0,0,0,0,2,20,2,0,0,0,0,0,0,0,
13,2,0,1,0,0,0,0,0,0,0,40.9013,1767.42,86.8388,378.133,0,0,0,0,0,0,2,6,2,4,0,0,0,0,0,0,
13,2,0,1,1,0,0,0,0,0,0,113.365,3710.15,37.2162,514.112,0,0,0,0,0,0,6,20,8,7,0,0,0,0,0,0,
13,2,0,0,1,0,0,0,0,0,0,355.061,3675.51,1.76403,102.61,0,0,0,0,0,0,4,11,1,1,0,0,0,0,0,0,
31,2,0,1,0,0,0,0,0,0,0,1506.51,10444.7,2299.47,0,0,0,0,0,0,0,4,13,7,0,0,0,0,0,0,0,
24,0,1,2,0,0,0,0,0,0,0,10692,4749.04,23487.1,0,0,0,0,0,0,0,23,23,191,0,0,0,0,0,0,0,
29,0,2,0,0,0,0,0,0,0,0,2512.71,0,23837.2,0,0,0,0,0,0,0,1,0,6,0,0,0,0,0,0,0,
23,0,0,2,0,0,0,0,0,0,0,3995.44,9737.32,13619.4,0,0,0,0,0,0,0,2,8,5,0,0,0,0,0,0,0,
31,2,1,0,0,0,0,0,0,0,0,13980.7,35027.3,10204.1,0,0,0,0,0,0,0,43,235,35,0,0,0,0,0,0,0,
24,0,2,2,0,0,0,0,0,0,0,19295.3,12582.8,25185.5,0,0,0,0,0,0,0,120,87,831,0,0,0,0,0,0,0,
34,1,2,0,0,0,0,0,0,0,0,39763.3,89809,46217.8,0,0,0,0,0,0,0,35,204,34,0,0,0,0,0,0,0,
13,1,2,1,0,0,0,0,0,0,0,0,-0.85,299.632,747.158,0,0,0,0,0,0,0,1,6,2,0,0,0,0,0,0,
14,1,0,2,1,0,0,0,0,0,0,1715.01,4007.09,1189.25,11894.8,0,0,0,0,0,0,19,27,21,95,0,0,0,0,0,0,
7,2,1,1,0,0,0,0,0,0,0,0,-0.85,0,0,0,0,0,0,0,0,0,1,0,0,0,0,0,0,0,0,
17,0,1,2,0,0,0,0,0,0,0,12433.5,20165.2,20435.3,0,0,0,0,0,0,0,30,172,15,0,0,0,0,0,0,0,
27,1,0,0,2,0,0,0,0,0,0,4295.99,23496.7,2696.13,4502.02,0,0,0,0,0,0,9,23,8,13,0,0,0,0,0,0,
11,1,0,2,0,0,0,0,0,0,0,382.529,36.5577,26245.7,0,0,0,0,0,0,0,3,4,41,0,0,0,0,0,0,0,
8,0,2,0,1,0,0,0,0,0,0,16.7295,985.656,383.358,13.8245,0,0,0,0,0,0,3,4,3,1,0,0,0,0,0,0,
8,0,2,1,1,0,0,0,0,0,0,-0.85,49.4191,0,101.662,0,0,0,0,0,0,1,1,0,1,0,0,0,0,0,0,
25,0,1,0,2,0,0,0,0,0,0,1476.3,2014.54,285.986,177.113,0,0,0,0,0,0,5,2,1,1,0,0,0,0,0,0,
33,2,0,1,0,0,0,0,0,0,0,4905.1,59447.9,6188.96,0,0,0,0,0,0,0,3,49,5,0,0,0,0,0,0,0,
23,0,2,0,0,0,0,0,0,0,0,3500.25,67.8511,29903.1,0,0,0,0,0,0,0,5,3,11,0,0,0,0,0,0,0,
7,0,0,2,2,0,0,0,0,0,0,146.127,212.037,91.8358,334.699,0,0,0,0,0,0,2,3,1,3,0,0,0,0,0,0,
9,2,0,0,1,0,0,0,0,0,0,183.382,348.796,379.524,29.4818,0,0,0,0,0,0,3,1,5,1,0,0,0,0,0,0,
25,1,1,0,2,0,0,0,0,0,0,0,3721.26,80.3889,1960.26,0,0,0,0,0,0,0,5,1,2,0,0,0,0,0,0,
25,1,0,0,2,0,0,0,0,0,0,0,7041.66,117.896,488.422,0,0,0,0,0,0,0,13,1,2,0,0,0,0,0,0,
27,1,2,1,2,0,0,0,0,0,0,11072.5,3348.86,2110.3,28739.9,0,0,0,0,0,0,26,4,8,52,0,0,0,0,0,0,
7,0,1,2,2,0,0,0,0,0,0,198.729,253.124,194.231,0,0,0,0,0,0,0,3,2,2,0,0,0,0,0,0,0,
27,1,1,2,2,0,0,0,0,0,0,1496.08,0,570.992,2030.32,0,0,0,0,0,0,2,0,1,2,0,0,0,0,0,0,
14,2,0,0,1,0,0,0,0,0,0,86.6356,439.493,607.122,7646.34,0,0,0,0,0,0,3,1,3,21,0,0,0,0,0,0,
29,0,0,2,0,0,0,0,0,0,0,0,0,4498.55,0,0,0,0,0,0,0,0,0,1,0,0,0,0,0,0,0,
29,1,0,2,0,0,0,0,0,0,0,9168.68,15954.1,65010.7,0,0,0,0,0,0,0,4,7,25,0,0,0,0,0,0,0,
28,2,1,1,0,0,0,0,0,0,0,1354.17,7809.94,4993.98,11825.2,0,0,0,0,0,0,12,4,4,6,0,0,0,0,0,0,
28,2,1,0,0,0,0,0,0,0,0,-1.25,7893.44,4892.84,4048.08,0,0,0,0,0,0,1,2,4,1,0,0,0,0,0,0,
28,2,0,0,1,0,0,0,0,0,0,0,0,2211.09,4048.11,0,0,0,0,0,0,0,0,2,1,0,0,0,0,0,0,
27,2,2,0,2,0,0,0,0,0,0,0,1065.3,0,2700.43,0,0,0,0,0,0,0,1,0,1,0,0,0,0,0,0,
26,0,2,1,1,0,0,0,0,0,0,601.401,-1.8525,618.086,7316.25,0,0,0,0,0,0,1,3,4,19,0,0,0,0,0,0,
28,2,0,1,1,0,0,0,0,0,0,4308.05,22323.6,5093.74,22240.7,0,0,0,0,0,0,10,11,6,8,0,0,0,0,0,0,
27,2,2,1,2,0,0,0,0,0,0,982.679,0,386.393,0,0,0,0,0,0,0,1,0,1,0,0,0,0,0,0,0,
28,2,1,0,1,0,0,0,0,0,0,0,4048.05,0,0,0,0,0,0,0,0,0,1,0,0,0,0,0,0,0,0,
7,1,1,0,2,0,0,0,0,0,0,41.8042,66.3762,188.35,91.4422,0,0,0,0,0,0,1,1,3,1,0,0,0,0,0,0,
27,1,2,0,2,0,0,0,0,0,0,4946.71,4598.71,1749.86,15217.8,0,0,0,0,0,0,7,4,6,10,0,0,0,0,0,0,
28,2,0,0,0,0,0,0,0,0,0,126.303,0,2519.37,4048.16,0,0,0,0,0,0,1,0,2,1,0,0,0,0,0,0,
31,0,1,2,0,0,0,0,0,0,0,539.848,35.7766,435.07,0,0,0,0,0,0,0,1,1,2,0,0,0,0,0,0,0,
13,1,2,0,1,0,0,0,0,0,0,65.1037,0,182.296,441.508,0,0,0,0,0,0,1,2,2,5,0,0,0,0,0,0,
11,0,2,0,0,0,0,0,0,0,0,2417.76,2569.14,25112.8,0,0,0,0,0,0,0,6,3,23,0,0,0,0,0,0,0,
4,2,2,2,0,0,0,0,0,0,0,1643.77,5218.05,3903.56,0,0,0,0,0,0,0,21,54,15,0,0,0,0,0,0,0,
10,1,1,2,0,0,0,0,0,0,0,36.9196,1190.4,648.515,2479.31,0,0,0,0,0,0,11,4,11,9,0,0,0,0,0,0,
22,1,2,0,0,0,0,0,0,0,0,484.12,0,0,0,0,0,0,0,0,0,1,0,0,0,0,0,0,0,0,0,
10,1,0,2,1,0,0,0,0,0,0,8.52022,0,0,0,0,0,0,0,0,0,1,0,0,0,0,0,0,0,0,0,
28,0,1,0,2,0,0,0,0,0,0,0,0,0,1181.78,0,0,0,0,0,0,0,0,0,1,0,0,0,0,0,0,
10,1,0,2,0,0,0,0,0,0,0,272.805,2318.54,673.902,2124.03,0,0,0,0,0,0,9,6,10,6,0,0,0,0,0,0,
28,0,0,0,2,0,0,0,0,0,0,810.473,4043.26,1768,0,0,0,0,0,0,0,1,1,1,0,0,0,0,0,0,0,
28,0,1,1,2,0,0,0,0,0,0,0,4047.64,17522.7,4045.71,0,0,0,0,0,0,0,1,12,1,0,0,0,0,0,0,
14,0,1,2,2,0,0,0,0,0,0,0,0,0,1050.29,0,0,0,0,0,0,5,5,5,6,0,0,0,0,0,0,
8,0,1,2,2,0,0,0,0,0,0,159.092,1278.56,1747.6,7913.38,0,0,0,0,0,0,6,10,10,34,0,0,0,0,0,0,
8,0,0,0,2,0,0,0,0,0,0,141.082,1572.65,26.8775,204.074,0,0,0,0,0,0,2,6,2,1,0,0,0,0,0,0,
14,0,0,2,1,0,0,0,0,0,0,1070.81,2242.19,3438.4,3687.45,0,0,0,0,0,0,6,3,62,7,0,0,0,0,0,0,
8,1,0,0,2,0,0,0,0,0,0,0,2307.74,175.125,325.789,0,0,0,0,0,0,0,17,1,1,0,0,0,0,0,0,
14,0,0,2,0,0,0,0,0,0,0,552.976,3169.01,1523.82,1844.79,0,0,0,0,0,0,2,4,21,2,0,0,0,0,0,0,
2,1,2,0,0,0,0,0,0,0,0,2353.22,18453.8,3376.67,0,0,0,0,0,0,0,20,190,24,0,0,0,0,0,0,0,
17,0,2,0,0,0,0,0,0,0,0,5218.58,1327.51,52362.6,0,0,0,0,0,0,0,6,2,40,0,0,0,0,0,0,0,
33,2,1,0,0,0,0,0,0,0,0,30090.1,71973.6,27655.2,0,0,0,0,0,0,0,27,146,119,0,0,0,0,0,0,0,
13,2,1,0,0,0,0,0,0,0,0,453.13,0,813.143,264.743,0,0,0,0,0,0,2,0,6,2,0,0,0,0,0,0,
11,0,2,2,0,0,0,0,0,0,0,9801.75,10368.1,33261.5,0,0,0,0,0,0,0,22,18,227,0,0,0,0,0,0,0,
17,1,2,0,0,0,0,0,0,0,0,6616.77,7758.39,44280.4,0,0,0,0,0,0,0,12,14,29,0,0,0,0,0,0,0,
26,0,0,1,2,0,0,0,0,0,0,135.248,14944.8,0,1178.34,0,0,0,0,0,0,2,13,0,1,0,0,0,0,0,0,
26,0,1,2,0,0,0,0,0,0,0,2230.08,23084,968.292,1780.21,0,0,0,0,0,0,2,17,1,1,0,0,0,0,0,0,
32,1,2,0,0,0,0,0,0,0,0,21446.9,36610.6,34107.7,0,0,0,0,0,0,0,20,46,171,0,0,0,0,0,0,0,
25,2,1,0,0,0,0,0,0,0,0,710.135,13712.4,755.478,5571.24,0,0,0,0,0,0,2,16,4,6,0,0,0,0,0,0,
25,2,0,0,0,0,0,0,0,0,0,13640.6,365.738,3402.06,1111.72,0,0,0,0,0,0,61,1,8,5,0,0,0,0,0,0,
26,0,0,2,1,0,0,0,0,0,0,-0.9,0,3415.72,634.073,0,0,0,0,0,0,1,0,7,1,0,0,0,0,0,0,
25,2,0,1,0,0,0,0,0,0,0,1241.69,3147.92,977.632,17199.1,0,0,0,0,0,0,5,3,4,21,0,0,0,0,0,0,
33,2,2,0,0,0,0,0,0,0,0,38293.3,69111.5,34154.2,0,0,0,0,0,0,0,105,259,37,0,0,0,0,0,0,0,
2,1,2,2,0,0,0,0,0,0,0,375.114,516.787,780.072,0,0,0,0,0,0,0,6,2,9,0,0,0,0,0,0,0,
8,0,0,1,2,0,0,0,0,0,0,0,485.186,1594.59,952.909,0,0,0,0,0,0,0,1,10,2,0,0,0,0,0,0,
14,0,0,2,2,0,0,0,0,0,0,0,3174.28,0,750.474,0,0,0,0,0,0,0,13,0,1,0,0,0,0,0,0,
8,0,1,0,2,0,0,0,0,0,0,222.148,190.397,175.175,357.566,0,0,0,0,0,0,2,1,1,1,0,0,0,0,0,0,
31,2,1,2,0,0,0,0,0,0,0,4157.07,11984.4,2691.1,0,0,0,0,0,0,0,10,8,8,0,0,0,0,0,0,0,
19,2,1,0,0,0,0,0,0,0,0,895.204,398.796,414.559,1153.42,0,0,0,0,0,0,8,3,4,7,0,0,0,0,0,0,
25,0,0,0,2,0,0,0,0,0,0,1939.7,1218.07,235.972,177.263,0,0,0,0,0,0,5,1,2,1,0,0,0,0,0,0,
14,1,1,0,2,0,0,0,0,0,0,156.99,615.341,288.71,0,0,0,0,0,0,0,3,3,2,0,0,0,0,0,0,0,
20,1,1,2,2,0,0,0,0,0,0,0,0,305.312,344.391,0,0,0,0,0,0,0,0,2,1,0,0,0,0,0,0,
19,2,0,0,0,0,0,0,0,0,0,894.835,2915.27,612.649,1057.03,0,0,0,0,0,0,3,3,4,3,0,0,0,0,0,0,
19,2,0,1,0,0,0,0,0,0,0,972.819,1975.3,1105.58,3055.34,0,0,0,0,0,0,4,4,19,8,0,0,0,0,0,0,
26,1,1,0,2,0,0,0,0,0,0,0,0,117.703,0,0,0,0,0,0,0,0,0,1,0,0,0,0,0,0,0,
31,2,2,0,0,0,0,0,0,0,0,748.509,954.147,7909.77,0,0,0,0,0,0,0,1,1,15,0,0,0,0,0,0,0,
14,2,1,0,1,0,0,0,0,0,0,0,342.678,0,0,0,0,0,0,0,0,0,1,0,0,0,0,0,0,0,0,
10,0,1,2,1,0,0,0,0,0,0,0,0,0,0,0,0,0,0,0,0,1,0,0,0,0,0,0,0,0,0,
1,0,0,1,0,0,0,0,0,0,0,63.7564,0,0,0,0,0,0,0,0,0,2,0,0,0,0,0,0,0,0,0,
11,1,2,0,0,0,0,0,0,0,0,1251.93,618.347,6550.03,0,0,0,0,0,0,0,3,2,11,0,0,0,0,0,0,0,
30,2,0,0,0,0,0,0,0,0,0,12253.1,2320.78,0,0,0,0,0,0,0,0,20,5,0,0,0,0,0,0,0,0,
7,0,0,1,2,0,0,0,0,0,0,0,0,142.989,671.944,0,0,0,0,0,0,0,0,1,2,0,0,0,0,0,0,
13,0,1,2,0,0,0,0,0,0,0,0,0,82.379,0,0,0,0,0,0,0,0,0,1,0,0,0,0,0,0,0,
13,1,2,0,0,0,0,0,0,0,0,0,723.536,140.97,0,0,0,0,0,0,0,0,1,1,0,0,0,0,0,0,0,
11,0,0,2,0,0,0,0,0,0,0,0,3162.02,4107.12,0,0,0,0,0,0,0,0,5,2,0,0,0,0,0,0,0,
13,2,2,0,1,0,0,0,0,0,0,0,705.88,0,0,0,0,0,0,0,0,0,1,0,0,0,0,0,0,0,0,
13,2,2,0,0,0,0,0,0,0,0,528.59,1377.23,194.967,0,0,0,0,0,0,0,2,2,1,0,0,0,0,0,0,0,
14,2,0,0,2,0,0,0,0,0,0,177.247,811.858,0,926.258,0,0,0,0,0,0,1,1,0,1,0,0,0,0,0,0,
13,2,2,1,0,0,0,0,0,0,0,0,0,51.7586,0,0,0,0,0,0,0,0,0,1,0,0,0,0,0,0,0,
26,0,1,0,2,0,0,0,0,0,0,0,0,0,1177.94,0,0,0,0,0,0,0,0,0,1,0,0,0,0,0,0,
27,0,0,1,2,0,0,0,0,0,0,0,6143.36,0,0,0,0,0,0,0,0,0,2,0,0,0,0,0,0,0,0,
27,0,0,0,2,0,0,0,0,0,0,0,9699.32,0,0,0,0,0,0,0,0,0,5,0,0,0,0,0,0,0,0,
23,1,0,2,0,0,0,0,0,0,0,0,0,4046.21,0,0,0,0,0,0,0,0,0,1,0,0,0,0,0,0,0,
13,0,2,1,2,0,0,0,0,0,0,0,264.973,140.106,272.946,0,0,0,0,0,0,0,1,2,2,0,0,0,0,0,0,
20,0,1,2,2,0,0,0,0,0,0,246.658,1033.85,264.973,1731.14,0,0,0,0,0,0,2,2,1,1,0,0,0,0,0,0,
13,1,1,0,2,0,0,0,0,0,0,2033.96,476.019,293.049,40.5053,0,0,0,0,0,0,13,3,2,5,0,0,0,0,0,0,
34,2,0,0,0,0,0,0,0,0,0,23989.1,23832.8,45942.1,0,0,0,0,0,0,0,13,6,54,0,0,0,0,0,0,0,
20,0,0,2,2,0,0,0,0,0,0,447.884,3124.58,319.4,2895.86,0,0,0,0,0,0,3,3,3,3,0,0,0,0,0,0,
14,1,2,1,2,0,0,0,0,0,0,371.08,-0.883885,0,3680.58,0,0,0,0,0,0,6,1,0,6,0,0,0,0,0,0,
15,2,0,0,0,0,0,0,0,0,0,0,1416.06,3170.08,0,0,0,0,0,0,0,0,1,10,0,0,0,0,0,0,0,
26,1,0,2,0,0,0,0,0,0,0,264.41,0,0,0,0,0,0,0,0,0,2,0,0,0,0,0,0,0,0,0,
20,0,0,1,2,0,0,0,0,0,0,187.351,0,0,191.869,0,0,0,0,0,0,1,0,0,1,0,0,0,0,0,0,
19,0,0,2,2,0,0,0,0,0,0,1439.26,1687.26,0.65185,0,0,0,0,0,0,0,3,2,2,0,0,0,0,0,0,0,
25,0,0,2,1,0,0,0,0,0,0,993.466,2486.69,294.612,3348.43,0,0,0,0,0,0,2,3,3,5,0,0,0,0,0,0,
26,0,2,1,2,0,0,0,0,0,0,-2.42463,1106.85,0,0,0,0,0,0,0,0,3,4,0,0,0,0,0,0,0,0,
34,2,2,2,0,0,0,0,0,0,0,17195.8,84572.6,13845.2,0,0,0,0,0,0,0,7,55,6,0,0,0,0,0,0,0,
28,1,0,1,2,0,0,0,0,0,0,810.473,27245.2,3053.78,4045.28,0,0,0,0,0,0,1,8,3,1,0,0,0,0,0,0,
27,2,0,0,1,0,0,0,0,0,0,0,0,3760.35,0,0,0,0,0,0,0,0,0,4,0,0,0,0,0,0,0,
19,1,0,2,2,0,0,0,0,0,0,0,0,0,600.551,0,0,0,0,0,0,0,0,0,1,0,0,0,0,0,0,
27,2,1,0,0,0,0,0,0,0,0,0,2595.43,0,0,0,0,0,0,0,0,0,1,0,0,0,0,0,0,0,0,
28,1,0,0,2,0,0,0,0,0,0,0,4034.18,1219.45,2924.85,0,0,0,0,0,0,0,1,1,1,0,0,0,0,0,0,
28,1,1,0,2,0,0,0,0,0,0,1107.2,2446.44,20655.8,4046.05,0,0,0,0,0,0,1,1,15,1,0,0,0,0,0,0,
14,1,2,0,1,0,0,0,0,0,0,101.417,377.595,0,323.429,0,0,0,0,0,0,6,4,0,1,0,0,0,0,0,0,
25,0,0,2,0,0,0,0,0,0,0,466.142,1121.85,0,290.667,0,0,0,0,0,0,1,1,0,1,0,0,0,0,0,0,
14,1,2,1,0,0,0,0,0,0,0,3222.45,1233.31,593.317,700.516,0,0,0,0,0,0,29,6,3,1,0,0,0,0,0,0,
14,0,2,1,1,0,0,0,0,0,0,432.019,3311.94,122.173,3365.99,0,0,0,0,0,0,1,14,1,3,0,0,0,0,0,0,
13,0,0,1,2,0,0,0,0,0,0,328.557,0,0,0,0,0,0,0,0,0,1,0,0,0,0,0,0,0,0,0,
20,1,0,0,2,0,0,0,0,0,0,7.51568,0,0,0,0,0,0,0,0,0,2,0,0,0,0,0,0,0,0,0,
13,0,1,0,2,0,0,0,0,0,0,421.004,52.5422,464.392,-0.85,0,0,0,0,0,0,2,1,4,1,0,0,0,0,0,0,
14,1,2,0,0,0,0,0,0,0,0,1079.99,156.976,0,-0.85,0,0,0,0,0,0,3,1,0,1,0,0,0,0,0,0,
11,2,1,2,0,0,0,0,0,0,0,0,0,1554.43,0,0,0,0,0,0,0,0,0,1,0,0,0,0,0,0,0,
20,2,1,0,1,0,0,0,0,0,0,372.107,4796.51,0,1647.52,0,0,0,0,0,0,1,5,0,2,0,0,0,0,0,0,
19,0,2,0,1,0,0,0,0,0,0,780.4,0,0,0,0,0,0,0,0,0,2,0,0,0,0,0,0,0,0,0,
19,1,2,0,1,0,0,0,0,0,0,0,268.296,0,0,0,0,0,0,0,0,0,1,0,0,0,0,0,0,0,0,
19,0,2,0,0,0,0,0,0,0,0,0,1626.32,269.299,0,0,0,0,0,0,0,0,2,1,0,0,0,0,0,0,0,
20,2,0,0,1,0,0,0,0,0,0,1332.16,2107.19,0,0,0,0,0,0,0,0,3,3,0,0,0,0,0,0,0,0,
10,1,1,1,2,0,0,0,0,0,0,402.425,8613.61,878.744,60.5807,0,0,0,0,0,0,3,18,3,3,0,0,0,0,0,0,
16,1,1,2,1,0,0,0,0,0,0,1025.5,3988.5,941.894,952.395,0,0,0,0,0,0,4,11,45,1,0,0,0,0,0,0,
16,2,0,1,1,0,0,0,0,0,0,-1,902.459,-3.56562,-1.2,0,0,0,0,0,0,1,1,3,1,0,0,0,0,0,0,
15,0,2,1,1,0,0,0,0,0,0,575.654,71.9222,325.106,3678.48,0,0,0,0,0,0,4,2,1,7,0,0,0,0,0,0,
16,2,1,2,1,0,0,0,0,0,0,515.313,3325.22,-1.1,5322.71,0,0,0,0,0,0,5,4,1,8,0,0,0,0,0,0,
10,0,1,1,2,0,0,0,0,0,0,453.253,1495.94,0,89.6704,0,0,0,0,0,0,5,3,0,4,0,0,0,0,0,0,
15,0,2,0,1,0,0,0,0,0,0,1165.58,58.6762,249.355,1843.19,0,0,0,0,0,0,3,4,4,2,0,0,0,0,0,0,
16,1,0,2,1,0,0,0,0,0,0,1615.97,16688.5,-1.2,1604.77,0,0,0,0,0,0,4,15,1,2,0,0,0,0,0,0,
15,1,2,0,0,0,0,0,0,0,0,0,250.748,0,690.574,0,0,0,0,0,0,0,1,0,1,0,0,0,0,0,0,
10,1,0,1,2,0,0,0,0,0,0,258.712,852.16,479.456,0,0,0,0,0,0,0,4,2,3,0,0,0,0,0,0,0,
16,2,0,2,1,0,0,0,0,0,0,1103.44,14767.5,-4.69466,8026.63,0,0,0,0,0,0,4,13,5,10,0,0,0,0,0,0,
22,0,2,1,1,0,0,0,0,0,0,416.332,1494.38,-0.9,0,0,0,0,0,0,0,2,2,1,0,0,0,0,0,0,0,
15,1,2,0,1,0,0,0,0,0,0,0,25.6199,952.576,2209.32,0,0,0,0,0,0,0,2,4,3,0,0,0,0,0,0,
28,1,2,0,0,0,0,0,0,0,0,99.704,0,0,0,0,0,0,0,0,0,1,0,0,0,0,0,0,0,0,0,
22,1,2,1,0,0,0,0,0,0,0,0,858.59,393.45,0,0,0,0,0,0,0,0,1,2,0,0,0,0,0,0,0,
22,0,2,1,0,0,0,0,0,0,0,988.796,1674.54,29.8978,0,0,0,0,0,0,0,1,2,2,0,0,0,0,0,0,0,
10,1,1,0,2,0,0,0,0,0,0,-2.2425,2087.73,2197.04,777.817,0,0,0,0,0,0,2,7,15,10,0,0,0,0,0,0,
16,2,0,2,2,0,0,0,0,0,0,566.729,0,0,0,0,0,0,0,0,0,1,0,0,0,0,0,0,0,0,0,
22,1,1,2,0,0,0,0,0,0,0,0,0,32.7266,0,0,0,0,0,0,0,0,0,1,0,0,0,0,0,0,0,
9,0,2,2,0,0,0,0,0,0,0,359.669,0,614.919,487.177,0,0,0,0,0,0,2,2,7,1,0,0,0,0,0,0,
9,0,2,1,0,0,0,0,0,0,0,270.719,0,0,566.929,0,0,0,0,0,0,2,1,0,1,0,0,0,0,0,0,
10,2,1,1,2,0,0,0,0,0,0,21.6306,0,601.946,0,0,0,0,0,0,0,3,0,2,0,0,0,0,0,0,0,
9,1,2,2,0,0,0,0,0,0,0,1368.26,0,0,558.429,0,0,0,0,0,0,15,4,3,2,0,0,0,0,0,0,
10,2,0,0,2,0,0,0,0,0,0,-2.34,991.566,459.125,-1.1,0,0,0,0,0,0,7,9,2,4,0,0,0,0,0,0,
10,2,0,1,2,0,0,0,0,0,0,0,508.496,158.634,0,0,0,0,0,0,0,0,4,3,2,0,0,0,0,0,0,
10,2,1,0,2,0,0,0,0,0,0,7.78302,1015.57,775.556,44.9974,0,0,0,0,0,0,2,2,6,1,0,0,0,0,0,0,
9,1,2,1,0,0,0,0,0,0,0,196.289,0,0,0,0,0,0,0,0,0,10,7,2,1,0,0,0,0,0,0,
16,1,1,2,0,0,0,0,0,0,0,0,0,0,0,0,0,0,0,0,0,4,1,1,0,0,0,0,0,0,0,
16,1,0,2,0,0,0,0,0,0,0,0,0,0,0,0,0,0,0,0,0,2,5,2,6,0,0,0,0,0,0,
16,2,0,2,0,0,0,0,0,0,0,0,0,0,0,0,0,0,0,0,0,2,2,1,3,0,0,0,0,0,0,
6,0,1,2,0,0,0,0,0,0,0,219.346,0,1088.68,0,0,0,0,0,0,0,2,0,4,0,0,0,0,0,0,0,
12,0,1,2,0,0,0,0,0,0,0,1507.04,324.877,2551.04,0,0,0,0,0,0,0,10,2,20,0,0,0,0,0,0,0,
31,0,2,0,0,0,0,0,0,0,0,3844.83,16675.4,0,0,0,0,0,0,0,0,4,21,0,0,0,0,0,0,0,0,
32,2,0,0,0,0,0,0,0,0,0,5416.36,9073.38,1468.18,0,0,0,0,0,0,0,6,3,1,0,0,0,0,0,0,0,
34,0,2,0,0,0,0,0,0,0,0,18463,8773.34,2275.01,0,0,0,0,0,0,0,7,2,2,0,0,0,0,0,0,0,
33,1,0,2,0,0,0,0,0,0,0,0,3735.98,2130.8,0,0,0,0,0,0,0,0,1,1,0,0,0,0,0,0,0,
20,1,0,2,2,0,0,0,0,0,0,727.055,156.843,62.9674,1423.4,0,0,0,0,0,0,1,1,2,1,0,0,0,0,0,0,
14,1,1,2,2,0,0,0,0,0,0,0,0,0,336.722,0,0,0,0,0,0,0,0,0,1,0,0,0,0,0,0,
14,1,0,2,0,0,0,0,0,0,0,3328.12,2667.31,436.607,1696.98,0,0,0,0,0,0,15,7,3,3,0,0,0,0,0,0,
8,0,0,2,0,0,0,0,0,0,0,0,759.509,0,-0.714107,0,0,0,0,0,0,0,3,0,1,0,0,0,0,0,0,
8,0,1,2,0,0,0,0,0,0,0,398.522,1311.73,1469.34,494.992,0,0,0,0,0,0,3,4,4,2,0,0,0,0,0,0,
26,0,0,0,2,0,0,0,0,0,0,0,2355.47,0,0,0,0,0,0,0,0,0,1,0,0,0,0,0,0,0,0,
21,2,0,0,0,0,0,0,0,0,0,2466.66,1862.54,27.7466,1468.74,0,0,0,0,0,0,2,1,1,1,0,0,0,0,0,0,
20,0,2,1,1,0,0,0,0,0,0,0,0,4318.32,1043.27,0,0,0,0,0,0,0,0,6,1,0,0,0,0,0,0,
21,2,0,1,0,0,0,0,0,0,0,351.866,0,0,0,0,0,0,0,0,0,1,0,0,0,0,0,0,0,0,0,
20,1,2,1,1,0,0,0,0,0,0,0,0,365.66,3736.05,0,0,0,0,0,0,0,0,1,2,0,0,0,0,0,0,
20,1,2,0,1,0,0,0,0,0,0,318.321,0,2022.28,0,0,0,0,0,0,0,1,0,3,0,0,0,0,0,0,0,
21,2,0,1,1,0,0,0,0,0,0,1004.81,0,667.431,0,0,0,0,0,0,0,1,0,1,0,0,0,0,0,0,0,
23,1,2,0,0,0,0,0,0,0,0,4215.55,8524.89,44611.1,0,0,0,0,0,0,0,2,6,16,0,0,0,0,0,0,0,
27,2,0,1,1,0,0,0,0,0,0,-3.13775,11481.1,1500.3,10187.3,0,0,0,0,0,0,7,12,4,12,0,0,0,0,0,0,
26,1,2,1,0,0,0,0,0,0,0,3774.71,0,4853.82,2035.44,0,0,0,0,0,0,8,4,7,1,0,0,0,0,0,0,
26,1,2,2,1,0,0,0,0,0,0,0,0,0,0,0,0,0,0,0,0,1,0,1,1,0,0,0,0,0,0,
26,1,2,1,2,0,0,0,0,0,0,0,0,0,0,0,0,0,0,0,0,1,0,0,1,0,0,0,0,0,0,
33,2,0,0,0,0,0,0,0,0,0,12817.2,11519.3,35147.6,0,0,0,0,0,0,0,8,3,29,0,0,0,0,0,0,0,
21,1,0,0,2,0,0,0,0,0,0,0,2243.38,1984.11,2534.15,0,0,0,0,0,0,0,1,4,1,0,0,0,0,0,0,
21,0,0,0,2,0,0,0,0,0,0,803.659,0,687.956,0,0,0,0,0,0,0,1,0,1,0,0,0,0,0,0,0,
27,1,0,2,1,0,0,0,0,0,0,5535.62,3356.75,4626.15,6839.15,0,0,0,0,0,0,4,1,3,3,0,0,0,0,0,0,
5,0,2,0,0,0,0,0,0,0,0,1804.22,0,0,0,0,0,0,0,0,0,2,0,0,0,0,0,0,0,0,0,
20,0,1,2,0,0,0,0,0,0,0,1675,6808.68,5.44268,6681.07,0,0,0,0,0,0,4,6,2,4,0,0,0,0,0,0,
14,0,2,1,2,0,0,0,0,0,0,2241.84,3289.07,2877.86,4425.88,0,0,0,0,0,0,6,5,9,4,0,0,0,0,0,0,
17,1,0,2,0,0,0,0,0,0,0,0,0,0,0,0,0,0,0,0,0,1,0,0,0,0,0,0,0,0,0,
33,0,2,0,0,0,0,0,0,0,0,0,11543.3,2184.29,0,0,0,0,0,0,0,0,3,1,0,0,0,0,0,0,0,
17,2,2,1,0,0,0,0,0,0,0,222.098,12342.8,44850.6,0,0,0,0,0,0,0,3,16,33,0,0,0,0,0,0,0,
16,0,2,0,0,0,0,0,0,0,0,303.273,7656.51,1014.88,239.857,0,0,0,0,0,0,2,8,1,1,0,0,0,0,0,0,
16,0,2,0,1,0,0,0,0,0,0,1196.78,2817.08,8560.31,5487.12,0,0,0,0,0,0,1,2,22,2,0,0,0,0,0,0,
16,0,2,1,1,0,0,0,0,0,0,2267.87,21088.9,1728.86,10936.3,0,0,0,0,0,0,3,13,3,13,0,0,0,0,0,0,
17,2,2,2,0,0,0,0,0,0,0,5725.57,852.069,4559.96,0,0,0,0,0,0,0,6,1,3,0,0,0,0,0,0,0,
21,2,2,0,1,0,0,0,0,0,0,0,5699.79,4933.77,5221.45,0,0,0,0,0,0,2,3,5,5,0,0,0,0,0,0,
20,0,2,0,1,0,0,0,0,0,0,679.053,1043.58,0,1970.32,0,0,0,0,0,0,1,1,0,1,0,0,0,0,0,0,
21,2,2,1,1,0,0,0,0,0,0,0,5341.94,0,3204.95,0,0,0,0,0,0,1,2,0,2,0,0,0,0,0,0,
